Offene Stellen,Offene Stellen_label,Grossregion,Grossregion_label,Quartal,Quartal_label,value
1,Offene Stellen - Total,0,Schweiz,1997Q1,1997Q1,
1,Offene Stellen - Total,0,Schweiz,1997Q2,1997Q2,
1,Offene Stellen - Total,0,Schweiz,1997Q3,1997Q3,
1,Offene Stellen - Total,0,Schweiz,1997Q4,1997Q4,
1,Offene Stellen - Total,0,Schweiz,1998Q1,1998Q1,
1,Offene Stellen - Total,0,Schweiz,1998Q2,1998Q2,
1,Offene Stellen - Total,0,Schweiz,1998Q3,1998Q3,
1,Offene Stellen - Total,0,Schweiz,1998Q4,1998Q4,
1,Offene Stellen - Total,0,Schweiz,1999Q1,1999Q1,
1,Offene Stellen - Total,0,Schweiz,1999Q2,1999Q2,
1,Offene Stellen - Total,0,Schweiz,1999Q3,1999Q3,
1,Offene Stellen - Total,0,Schweiz,1999Q4,1999Q4,
1,Offene Stellen - Total,0,Schweiz,2000Q1,2000Q1,
1,Offene Stellen - Total,0,Schweiz,2000Q2,2000Q2,
1,Offene Stellen - Total,0,Schweiz,2000Q3,2000Q3,
1,Offene Stellen - Total,0,Schweiz,2000Q4,2000Q4,
1,Offene Stellen - Total,0,Schweiz,2001Q1,2001Q1,
1,Offene Stellen - Total,0,Schweiz,2001Q2,2001Q2,
1,Offene Stellen - Total,0,Schweiz,2001Q3,2001Q3,
1,Offene Stellen - Total,0,Schweiz,2001Q4,2001Q4,
1,Offene Stellen - Total,0,Schweiz,2002Q1,2002Q1,
1,Offene Stellen - Total,0,Schweiz,2002Q2,2002Q2,
1,Offene Stellen - Total,0,Schweiz,2002Q3,2002Q3,
1,Offene Stellen - Total,0,Schweiz,2002Q4,2002Q4,
1,Offene Stellen - Total,0,Schweiz,2003Q1,2003Q1,
1,Offene Stellen - Total,0,Schweiz,2003Q2,2003Q2,36729.0
1,Offene Stellen - Total,0,Schweiz,2003Q3,2003Q3,29219.0
1,Offene Stellen - Total,0,Schweiz,2003Q4,2003Q4,29043.0
1,Offene Stellen - Total,0,Schweiz,2004Q1,2004Q1,40276.0
1,Offene Stellen - Total,0,Schweiz,2004Q2,2004Q2,39672.0
1,Offene Stellen - Total,0,Schweiz,2004Q3,2004Q3,31277.0
1,Offene Stellen - Total,0,Schweiz,2004Q4,2004Q4,30972.0
1,Offene Stellen - Total,0,Schweiz,2005Q1,2005Q1,35382.0
1,Offene Stellen - Total,0,Schweiz,2005Q2,2005Q2,35404.0
1,Offene Stellen - Total,0,Schweiz,2005Q3,2005Q3,36153.0
1,Offene Stellen - Total,0,Schweiz,2005Q4,2005Q4,40946.0
1,Offene Stellen - Total,0,Schweiz,2006Q1,2006Q1,50667.0
1,Offene Stellen - Total,0,Schweiz,2006Q2,2006Q2,52742.0
1,Offene Stellen - Total,0,Schweiz,2006Q3,2006Q3,51835.0
1,Offene Stellen - Total,0,Schweiz,2006Q4,2006Q4,56996.0
1,Offene Stellen - Total,0,Schweiz,2007Q1,2007Q1,65416.0
1,Offene Stellen - Total,0,Schweiz,2007Q2,2007Q2,72413.0
1,Offene Stellen - Total,0,Schweiz,2007Q3,2007Q3,72778.0
1,Offene Stellen - Total,0,Schweiz,2007Q4,2007Q4,69773.0
1,Offene Stellen - Total,0,Schweiz,2008Q1,2008Q1,78215.0
1,Offene Stellen - Total,0,Schweiz,2008Q2,2008Q2,76075.0
1,Offene Stellen - Total,0,Schweiz,2008Q3,2008Q3,73317.0
1,Offene Stellen - Total,0,Schweiz,2008Q4,2008Q4,52066.0
1,Offene Stellen - Total,0,Schweiz,2009Q1,2009Q1,49533.0
1,Offene Stellen - Total,0,Schweiz,2009Q2,2009Q2,49095.0
1,Offene Stellen - Total,0,Schweiz,2009Q3,2009Q3,44662.0
1,Offene Stellen - Total,0,Schweiz,2009Q4,2009Q4,46800.0
1,Offene Stellen - Total,0,Schweiz,2010Q1,2010Q1,51162.0
1,Offene Stellen - Total,0,Schweiz,2010Q2,2010Q2,56596.0
1,Offene Stellen - Total,0,Schweiz,2010Q3,2010Q3,57031.0
1,Offene Stellen - Total,0,Schweiz,2010Q4,2010Q4,56133.0
1,Offene Stellen - Total,0,Schweiz,2011Q1,2011Q1,64606.0
1,Offene Stellen - Total,0,Schweiz,2011Q2,2011Q2,64463.0
1,Offene Stellen - Total,0,Schweiz,2011Q3,2011Q3,55910.0
1,Offene Stellen - Total,0,Schweiz,2011Q4,2011Q4,51435.0
1,Offene Stellen - Total,0,Schweiz,2012Q1,2012Q1,58246.0
1,Offene Stellen - Total,0,Schweiz,2012Q2,2012Q2,55413.0
1,Offene Stellen - Total,0,Schweiz,2012Q3,2012Q3,53323.0
1,Offene Stellen - Total,0,Schweiz,2012Q4,2012Q4,51427.0
1,Offene Stellen - Total,0,Schweiz,2013Q1,2013Q1,57685.0
1,Offene Stellen - Total,0,Schweiz,2013Q2,2013Q2,57896.0
1,Offene Stellen - Total,0,Schweiz,2013Q3,2013Q3,57211.0
1,Offene Stellen - Total,0,Schweiz,2013Q4,2013Q4,55392.0
1,Offene Stellen - Total,0,Schweiz,2014Q1,2014Q1,61844.0
1,Offene Stellen - Total,0,Schweiz,2014Q2,2014Q2,59709.0
1,Offene Stellen - Total,0,Schweiz,2014Q3,2014Q3,57344.0
1,Offene Stellen - Total,0,Schweiz,2014Q4,2014Q4,55420.0
1,Offene Stellen - Total,0,Schweiz,2015Q1,2015Q1,57568.0
1,Offene Stellen - Total,0,Schweiz,2015Q2,2015Q2,53885.0
1,Offene Stellen - Total,0,Schweiz,2015Q3,2015Q3,49970.0
1,Offene Stellen - Total,0,Schweiz,2015Q4,2015Q4,50090.0
1,Offene Stellen - Total,0,Schweiz,2016Q1,2016Q1,52670.0
1,Offene Stellen - Total,0,Schweiz,2016Q2,2016Q2,54383.0
1,Offene Stellen - Total,0,Schweiz,2016Q3,2016Q3,54567.0
1,Offene Stellen - Total,0,Schweiz,2016Q4,2016Q4,53147.0
1,Offene Stellen - Total,0,Schweiz,2017Q1,2017Q1,59879.0
1,Offene Stellen - Total,0,Schweiz,2017Q2,2017Q2,60070.0
1,Offene Stellen - Total,0,Schweiz,2017Q3,2017Q3,58638.0
1,Offene Stellen - Total,0,Schweiz,2017Q4,2017Q4,62103.0
1,Offene Stellen - Total,0,Schweiz,2018Q1,2018Q1,70628.0
1,Offene Stellen - Total,0,Schweiz,2018Q2,2018Q2,74717.0
1,Offene Stellen - Total,0,Schweiz,2018Q3,2018Q3,73957.0
1,Offene Stellen - Total,0,Schweiz,2018Q4,2018Q4,75972.0
1,Offene Stellen - Total,0,Schweiz,2019Q1,2019Q1,79746.0
1,Offene Stellen - Total,0,Schweiz,2019Q2,2019Q2,87003.0
1,Offene Stellen - Total,0,Schweiz,2019Q3,2019Q3,81766.0
1,Offene Stellen - Total,0,Schweiz,2019Q4,2019Q4,82244.0
1,Offene Stellen - Total,0,Schweiz,2020Q1,2020Q1,70358.0
1,Offene Stellen - Total,0,Schweiz,2020Q2,2020Q2,60789.0
1,Offene Stellen - Total,0,Schweiz,2020Q3,2020Q3,66380.0
1,Offene Stellen - Total,0,Schweiz,2020Q4,2020Q4,65789.0
1,Offene Stellen - Total,0,Schweiz,2021Q1,2021Q1,72105.0
1,Offene Stellen - Total,0,Schweiz,2021Q2,2021Q2,87582.0
1,Offene Stellen - Total,0,Schweiz,2021Q3,2021Q3,97390.0
1,Offene Stellen - Total,0,Schweiz,2021Q4,2021Q4,102822.0
1,Offene Stellen - Total,0,Schweiz,2022Q1,2022Q1,119846.0
1,Offene Stellen - Total,0,Schweiz,2022Q2,2022Q2,126407.0
1,Offene Stellen - Total,0,Schweiz,2022Q3,2022Q3,122958.0
1,Offene Stellen - Total,0,Schweiz,2022Q4,2022Q4,121582.0
1,Offene Stellen - Total,0,Schweiz,2023Q1,2023Q1,123366.0
1,Offene Stellen - Total,0,Schweiz,2023Q2,2023Q2,122050.0
1,Offene Stellen - Total,0,Schweiz,2023Q3,2023Q3,112766.0
1,Offene Stellen - Total,0,Schweiz,2023Q4,2023Q4,107089.0
1,Offene Stellen - Total,0,Schweiz,2024Q1,2024Q1,110521.0
1,Offene Stellen - Total,0,Schweiz,2024Q2,2024Q2,103136.0
1,Offene Stellen - Total,0,Schweiz,2024Q3,2024Q3,99866.0
1,Offene Stellen - Total,0,Schweiz,2024Q4,2024Q4,92043.0
1,Offene Stellen - Total,0,Schweiz,2025Q1,2025Q1,95511.0
1,Offene Stellen - Total,0,Schweiz,2025Q2,2025Q2,96069.0
1,Offene Stellen - Total,0,Schweiz,2025Q3,2025Q3,90897.0
1,Offene Stellen - Total,0,Schweiz,2025Q4,2025Q4,89152.0
1,Offene Stellen - Total,0,Schweiz,2026Q1,2026Q1,101661.0
1,Offene Stellen - Total,0,Schweiz,2026Q2,2026Q2,98682.0
1,Offene Stellen - Total,1,Region lémanique,1997Q1,1997Q1,
1,Offene Stellen - Total,1,Region lémanique,1997Q2,1997Q2,
1,Offene Stellen - Total,1,Region lémanique,1997Q3,1997Q3,
1,Offene Stellen - Total,1,Region lémanique,1997Q4,1997Q4,
1,Offene Stellen - Total,1,Region lémanique,1998Q1,1998Q1,
1,Offene Stellen - Total,1,Region lémanique,1998Q2,1998Q2,
1,Offene Stellen - Total,1,Region lémanique,1998Q3,1998Q3,
1,Offene Stellen - Total,1,Region lémanique,1998Q4,1998Q4,
1,Offene Stellen - Total,1,Region lémanique,1999Q1,1999Q1,
1,Offene Stellen - Total,1,Region lémanique,1999Q2,1999Q2,
1,Offene Stellen - Total,1,Region lémanique,1999Q3,1999Q3,
1,Offene Stellen - Total,1,Region lémanique,1999Q4,1999Q4,
1,Offene Stellen - Total,1,Region lémanique,2000Q1,2000Q1,
1,Offene Stellen - Total,1,Region lémanique,2000Q2,2000Q2,
1,Offene Stellen - Total,1,Region lémanique,2000Q3,2000Q3,
1,Offene Stellen - Total,1,Region lémanique,2000Q4,2000Q4,
1,Offene Stellen - Total,1,Region lémanique,2001Q1,2001Q1,
1,Offene Stellen - Total,1,Region lémanique,2001Q2,2001Q2,
1,Offene Stellen - Total,1,Region lémanique,2001Q3,2001Q3,
1,Offene Stellen - Total,1,Region lémanique,2001Q4,2001Q4,
1,Offene Stellen - Total,1,Region lémanique,2002Q1,2002Q1,
1,Offene Stellen - Total,1,Region lémanique,2002Q2,2002Q2,
1,Offene Stellen - Total,1,Region lémanique,2002Q3,2002Q3,
1,Offene Stellen - Total,1,Region lémanique,2002Q4,2002Q4,
1,Offene Stellen - Total,1,Region lémanique,2003Q1,2003Q1,
1,Offene Stellen - Total,1,Region lémanique,2003Q2,2003Q2,7608.0
1,Offene Stellen - Total,1,Region lémanique,2003Q3,2003Q3,7036.0
1,Offene Stellen - Total,1,Region lémanique,2003Q4,2003Q4,5850.0
1,Offene Stellen - Total,1,Region lémanique,2004Q1,2004Q1,6859.0
1,Offene Stellen - Total,1,Region lémanique,2004Q2,2004Q2,6870.0
1,Offene Stellen - Total,1,Region lémanique,2004Q3,2004Q3,5342.0
1,Offene Stellen - Total,1,Region lémanique,2004Q4,2004Q4,5416.0
1,Offene Stellen - Total,1,Region lémanique,2005Q1,2005Q1,5110.0
1,Offene Stellen - Total,1,Region lémanique,2005Q2,2005Q2,6345.0
1,Offene Stellen - Total,1,Region lémanique,2005Q3,2005Q3,6683.0
1,Offene Stellen - Total,1,Region lémanique,2005Q4,2005Q4,5273.0
1,Offene Stellen - Total,1,Region lémanique,2006Q1,2006Q1,6697.0
1,Offene Stellen - Total,1,Region lémanique,2006Q2,2006Q2,7803.0
1,Offene Stellen - Total,1,Region lémanique,2006Q3,2006Q3,7760.0
1,Offene Stellen - Total,1,Region lémanique,2006Q4,2006Q4,9387.0
1,Offene Stellen - Total,1,Region lémanique,2007Q1,2007Q1,8620.0
1,Offene Stellen - Total,1,Region lémanique,2007Q2,2007Q2,10580.0
1,Offene Stellen - Total,1,Region lémanique,2007Q3,2007Q3,9712.0
1,Offene Stellen - Total,1,Region lémanique,2007Q4,2007Q4,9640.0
1,Offene Stellen - Total,1,Region lémanique,2008Q1,2008Q1,10494.0
1,Offene Stellen - Total,1,Region lémanique,2008Q2,2008Q2,11443.0
1,Offene Stellen - Total,1,Region lémanique,2008Q3,2008Q3,11328.0
1,Offene Stellen - Total,1,Region lémanique,2008Q4,2008Q4,8230.0
1,Offene Stellen - Total,1,Region lémanique,2009Q1,2009Q1,7565.0
1,Offene Stellen - Total,1,Region lémanique,2009Q2,2009Q2,7652.0
1,Offene Stellen - Total,1,Region lémanique,2009Q3,2009Q3,7143.0
1,Offene Stellen - Total,1,Region lémanique,2009Q4,2009Q4,7420.0
1,Offene Stellen - Total,1,Region lémanique,2010Q1,2010Q1,7646.0
1,Offene Stellen - Total,1,Region lémanique,2010Q2,2010Q2,8715.0
1,Offene Stellen - Total,1,Region lémanique,2010Q3,2010Q3,8938.0
1,Offene Stellen - Total,1,Region lémanique,2010Q4,2010Q4,8208.0
1,Offene Stellen - Total,1,Region lémanique,2011Q1,2011Q1,9654.0
1,Offene Stellen - Total,1,Region lémanique,2011Q2,2011Q2,9559.0
1,Offene Stellen - Total,1,Region lémanique,2011Q3,2011Q3,8335.0
1,Offene Stellen - Total,1,Region lémanique,2011Q4,2011Q4,7342.0
1,Offene Stellen - Total,1,Region lémanique,2012Q1,2012Q1,7296.0
1,Offene Stellen - Total,1,Region lémanique,2012Q2,2012Q2,7652.0
1,Offene Stellen - Total,1,Region lémanique,2012Q3,2012Q3,7716.0
1,Offene Stellen - Total,1,Region lémanique,2012Q4,2012Q4,7182.0
1,Offene Stellen - Total,1,Region lémanique,2013Q1,2013Q1,8090.0
1,Offene Stellen - Total,1,Region lémanique,2013Q2,2013Q2,8191.0
1,Offene Stellen - Total,1,Region lémanique,2013Q3,2013Q3,9104.0
1,Offene Stellen - Total,1,Region lémanique,2013Q4,2013Q4,8167.0
1,Offene Stellen - Total,1,Region lémanique,2014Q1,2014Q1,9055.0
1,Offene Stellen - Total,1,Region lémanique,2014Q2,2014Q2,9832.0
1,Offene Stellen - Total,1,Region lémanique,2014Q3,2014Q3,9241.0
1,Offene Stellen - Total,1,Region lémanique,2014Q4,2014Q4,7938.0
1,Offene Stellen - Total,1,Region lémanique,2015Q1,2015Q1,7805.0
1,Offene Stellen - Total,1,Region lémanique,2015Q2,2015Q2,7942.0
1,Offene Stellen - Total,1,Region lémanique,2015Q3,2015Q3,7018.0
1,Offene Stellen - Total,1,Region lémanique,2015Q4,2015Q4,7109.0
1,Offene Stellen - Total,1,Region lémanique,2016Q1,2016Q1,7996.0
1,Offene Stellen - Total,1,Region lémanique,2016Q2,2016Q2,8150.0
1,Offene Stellen - Total,1,Region lémanique,2016Q3,2016Q3,8680.0
1,Offene Stellen - Total,1,Region lémanique,2016Q4,2016Q4,7318.0
1,Offene Stellen - Total,1,Region lémanique,2017Q1,2017Q1,8723.0
1,Offene Stellen - Total,1,Region lémanique,2017Q2,2017Q2,9545.0
1,Offene Stellen - Total,1,Region lémanique,2017Q3,2017Q3,9346.0
1,Offene Stellen - Total,1,Region lémanique,2017Q4,2017Q4,10288.0
1,Offene Stellen - Total,1,Region lémanique,2018Q1,2018Q1,10943.0
1,Offene Stellen - Total,1,Region lémanique,2018Q2,2018Q2,11326.0
1,Offene Stellen - Total,1,Region lémanique,2018Q3,2018Q3,11686.0
1,Offene Stellen - Total,1,Region lémanique,2018Q4,2018Q4,11086.0
1,Offene Stellen - Total,1,Region lémanique,2019Q1,2019Q1,12403.0
1,Offene Stellen - Total,1,Region lémanique,2019Q2,2019Q2,13749.0
1,Offene Stellen - Total,1,Region lémanique,2019Q3,2019Q3,13493.0
1,Offene Stellen - Total,1,Region lémanique,2019Q4,2019Q4,13812.0
1,Offene Stellen - Total,1,Region lémanique,2020Q1,2020Q1,11094.0
1,Offene Stellen - Total,1,Region lémanique,2020Q2,2020Q2,9537.0
1,Offene Stellen - Total,1,Region lémanique,2020Q3,2020Q3,11001.0
1,Offene Stellen - Total,1,Region lémanique,2020Q4,2020Q4,10388.0
1,Offene Stellen - Total,1,Region lémanique,2021Q1,2021Q1,10873.0
1,Offene Stellen - Total,1,Region lémanique,2021Q2,2021Q2,13382.0
1,Offene Stellen - Total,1,Region lémanique,2021Q3,2021Q3,14358.0
1,Offene Stellen - Total,1,Region lémanique,2021Q4,2021Q4,14471.0
1,Offene Stellen - Total,1,Region lémanique,2022Q1,2022Q1,16645.0
1,Offene Stellen - Total,1,Region lémanique,2022Q2,2022Q2,19269.0
1,Offene Stellen - Total,1,Region lémanique,2022Q3,2022Q3,17958.0
1,Offene Stellen - Total,1,Region lémanique,2022Q4,2022Q4,18285.0
1,Offene Stellen - Total,1,Region lémanique,2023Q1,2023Q1,18086.0
1,Offene Stellen - Total,1,Region lémanique,2023Q2,2023Q2,17386.0
1,Offene Stellen - Total,1,Region lémanique,2023Q3,2023Q3,17337.0
1,Offene Stellen - Total,1,Region lémanique,2023Q4,2023Q4,16408.0
1,Offene Stellen - Total,1,Region lémanique,2024Q1,2024Q1,15985.0
1,Offene Stellen - Total,1,Region lémanique,2024Q2,2024Q2,14614.0
1,Offene Stellen - Total,1,Region lémanique,2024Q3,2024Q3,15511.0
1,Offene Stellen - Total,1,Region lémanique,2024Q4,2024Q4,12594.0
1,Offene Stellen - Total,1,Region lémanique,2025Q1,2025Q1,14406.0
1,Offene Stellen - Total,1,Region lémanique,2025Q2,2025Q2,15398.0
1,Offene Stellen - Total,1,Region lémanique,2025Q3,2025Q3,14319.0
1,Offene Stellen - Total,1,Region lémanique,2025Q4,2025Q4,13733.0
1,Offene Stellen - Total,1,Region lémanique,2026Q1,2026Q1,16239.0
1,Offene Stellen - Total,1,Region lémanique,2026Q2,2026Q2,15390.0
1,Offene Stellen - Total,2,Espace Mittelland,1997Q1,1997Q1,
1,Offene Stellen - Total,2,Espace Mittelland,1997Q2,1997Q2,
1,Offene Stellen - Total,2,Espace Mittelland,1997Q3,1997Q3,
1,Offene Stellen - Total,2,Espace Mittelland,1997Q4,1997Q4,
1,Offene Stellen - Total,2,Espace Mittelland,1998Q1,1998Q1,
1,Offene Stellen - Total,2,Espace Mittelland,1998Q2,1998Q2,
1,Offene Stellen - Total,2,Espace Mittelland,1998Q3,1998Q3,
1,Offene Stellen - Total,2,Espace Mittelland,1998Q4,1998Q4,
1,Offene Stellen - Total,2,Espace Mittelland,1999Q1,1999Q1,
1,Offene Stellen - Total,2,Espace Mittelland,1999Q2,1999Q2,
1,Offene Stellen - Total,2,Espace Mittelland,1999Q3,1999Q3,
1,Offene Stellen - Total,2,Espace Mittelland,1999Q4,1999Q4,
1,Offene Stellen - Total,2,Espace Mittelland,2000Q1,2000Q1,
1,Offene Stellen - Total,2,Espace Mittelland,2000Q2,2000Q2,
1,Offene Stellen - Total,2,Espace Mittelland,2000Q3,2000Q3,
1,Offene Stellen - Total,2,Espace Mittelland,2000Q4,2000Q4,
1,Offene Stellen - Total,2,Espace Mittelland,2001Q1,2001Q1,
1,Offene Stellen - Total,2,Espace Mittelland,2001Q2,2001Q2,
1,Offene Stellen - Total,2,Espace Mittelland,2001Q3,2001Q3,
1,Offene Stellen - Total,2,Espace Mittelland,2001Q4,2001Q4,
1,Offene Stellen - Total,2,Espace Mittelland,2002Q1,2002Q1,
1,Offene Stellen - Total,2,Espace Mittelland,2002Q2,2002Q2,
1,Offene Stellen - Total,2,Espace Mittelland,2002Q3,2002Q3,
1,Offene Stellen - Total,2,Espace Mittelland,2002Q4,2002Q4,
1,Offene Stellen - Total,2,Espace Mittelland,2003Q1,2003Q1,
1,Offene Stellen - Total,2,Espace Mittelland,2003Q2,2003Q2,5290.0
1,Offene Stellen - Total,2,Espace Mittelland,2003Q3,2003Q3,4223.0
1,Offene Stellen - Total,2,Espace Mittelland,2003Q4,2003Q4,4242.0
1,Offene Stellen - Total,2,Espace Mittelland,2004Q1,2004Q1,5743.0
1,Offene Stellen - Total,2,Espace Mittelland,2004Q2,2004Q2,6111.0
1,Offene Stellen - Total,2,Espace Mittelland,2004Q3,2004Q3,4501.0
1,Offene Stellen - Total,2,Espace Mittelland,2004Q4,2004Q4,4811.0
1,Offene Stellen - Total,2,Espace Mittelland,2005Q1,2005Q1,5354.0
1,Offene Stellen - Total,2,Espace Mittelland,2005Q2,2005Q2,5144.0
1,Offene Stellen - Total,2,Espace Mittelland,2005Q3,2005Q3,5948.0
1,Offene Stellen - Total,2,Espace Mittelland,2005Q4,2005Q4,6116.0
1,Offene Stellen - Total,2,Espace Mittelland,2006Q1,2006Q1,7822.0
1,Offene Stellen - Total,2,Espace Mittelland,2006Q2,2006Q2,8025.0
1,Offene Stellen - Total,2,Espace Mittelland,2006Q3,2006Q3,7928.0
1,Offene Stellen - Total,2,Espace Mittelland,2006Q4,2006Q4,9033.0
1,Offene Stellen - Total,2,Espace Mittelland,2007Q1,2007Q1,10170.0
1,Offene Stellen - Total,2,Espace Mittelland,2007Q2,2007Q2,11475.0
1,Offene Stellen - Total,2,Espace Mittelland,2007Q3,2007Q3,13407.0
1,Offene Stellen - Total,2,Espace Mittelland,2007Q4,2007Q4,10644.0
1,Offene Stellen - Total,2,Espace Mittelland,2008Q1,2008Q1,12319.0
1,Offene Stellen - Total,2,Espace Mittelland,2008Q2,2008Q2,11374.0
1,Offene Stellen - Total,2,Espace Mittelland,2008Q3,2008Q3,11490.0
1,Offene Stellen - Total,2,Espace Mittelland,2008Q4,2008Q4,7775.0
1,Offene Stellen - Total,2,Espace Mittelland,2009Q1,2009Q1,8507.0
1,Offene Stellen - Total,2,Espace Mittelland,2009Q2,2009Q2,7635.0
1,Offene Stellen - Total,2,Espace Mittelland,2009Q3,2009Q3,6913.0
1,Offene Stellen - Total,2,Espace Mittelland,2009Q4,2009Q4,6519.0
1,Offene Stellen - Total,2,Espace Mittelland,2010Q1,2010Q1,8032.0
1,Offene Stellen - Total,2,Espace Mittelland,2010Q2,2010Q2,8608.0
1,Offene Stellen - Total,2,Espace Mittelland,2010Q3,2010Q3,9544.0
1,Offene Stellen - Total,2,Espace Mittelland,2010Q4,2010Q4,9588.0
1,Offene Stellen - Total,2,Espace Mittelland,2011Q1,2011Q1,11223.0
1,Offene Stellen - Total,2,Espace Mittelland,2011Q2,2011Q2,11538.0
1,Offene Stellen - Total,2,Espace Mittelland,2011Q3,2011Q3,10011.0
1,Offene Stellen - Total,2,Espace Mittelland,2011Q4,2011Q4,8936.0
1,Offene Stellen - Total,2,Espace Mittelland,2012Q1,2012Q1,10558.0
1,Offene Stellen - Total,2,Espace Mittelland,2012Q2,2012Q2,9828.0
1,Offene Stellen - Total,2,Espace Mittelland,2012Q3,2012Q3,8897.0
1,Offene Stellen - Total,2,Espace Mittelland,2012Q4,2012Q4,8943.0
1,Offene Stellen - Total,2,Espace Mittelland,2013Q1,2013Q1,10106.0
1,Offene Stellen - Total,2,Espace Mittelland,2013Q2,2013Q2,10121.0
1,Offene Stellen - Total,2,Espace Mittelland,2013Q3,2013Q3,8869.0
1,Offene Stellen - Total,2,Espace Mittelland,2013Q4,2013Q4,8682.0
1,Offene Stellen - Total,2,Espace Mittelland,2014Q1,2014Q1,10764.0
1,Offene Stellen - Total,2,Espace Mittelland,2014Q2,2014Q2,10111.0
1,Offene Stellen - Total,2,Espace Mittelland,2014Q3,2014Q3,9924.0
1,Offene Stellen - Total,2,Espace Mittelland,2014Q4,2014Q4,9336.0
1,Offene Stellen - Total,2,Espace Mittelland,2015Q1,2015Q1,9559.0
1,Offene Stellen - Total,2,Espace Mittelland,2015Q2,2015Q2,9289.0
1,Offene Stellen - Total,2,Espace Mittelland,2015Q3,2015Q3,8756.0
1,Offene Stellen - Total,2,Espace Mittelland,2015Q4,2015Q4,9412.0
1,Offene Stellen - Total,2,Espace Mittelland,2016Q1,2016Q1,8989.0
1,Offene Stellen - Total,2,Espace Mittelland,2016Q2,2016Q2,10413.0
1,Offene Stellen - Total,2,Espace Mittelland,2016Q3,2016Q3,8213.0
1,Offene Stellen - Total,2,Espace Mittelland,2016Q4,2016Q4,9003.0
1,Offene Stellen - Total,2,Espace Mittelland,2017Q1,2017Q1,10515.0
1,Offene Stellen - Total,2,Espace Mittelland,2017Q2,2017Q2,10647.0
1,Offene Stellen - Total,2,Espace Mittelland,2017Q3,2017Q3,10726.0
1,Offene Stellen - Total,2,Espace Mittelland,2017Q4,2017Q4,10439.0
1,Offene Stellen - Total,2,Espace Mittelland,2018Q1,2018Q1,13150.0
1,Offene Stellen - Total,2,Espace Mittelland,2018Q2,2018Q2,14128.0
1,Offene Stellen - Total,2,Espace Mittelland,2018Q3,2018Q3,14252.0
1,Offene Stellen - Total,2,Espace Mittelland,2018Q4,2018Q4,15085.0
1,Offene Stellen - Total,2,Espace Mittelland,2019Q1,2019Q1,14935.0
1,Offene Stellen - Total,2,Espace Mittelland,2019Q2,2019Q2,15542.0
1,Offene Stellen - Total,2,Espace Mittelland,2019Q3,2019Q3,13654.0
1,Offene Stellen - Total,2,Espace Mittelland,2019Q4,2019Q4,14228.0
1,Offene Stellen - Total,2,Espace Mittelland,2020Q1,2020Q1,11789.0
1,Offene Stellen - Total,2,Espace Mittelland,2020Q2,2020Q2,11089.0
1,Offene Stellen - Total,2,Espace Mittelland,2020Q3,2020Q3,12607.0
1,Offene Stellen - Total,2,Espace Mittelland,2020Q4,2020Q4,12484.0
1,Offene Stellen - Total,2,Espace Mittelland,2021Q1,2021Q1,15250.0
1,Offene Stellen - Total,2,Espace Mittelland,2021Q2,2021Q2,16651.0
1,Offene Stellen - Total,2,Espace Mittelland,2021Q3,2021Q3,18885.0
1,Offene Stellen - Total,2,Espace Mittelland,2021Q4,2021Q4,20367.0
1,Offene Stellen - Total,2,Espace Mittelland,2022Q1,2022Q1,23428.0
1,Offene Stellen - Total,2,Espace Mittelland,2022Q2,2022Q2,24615.0
1,Offene Stellen - Total,2,Espace Mittelland,2022Q3,2022Q3,24155.0
1,Offene Stellen - Total,2,Espace Mittelland,2022Q4,2022Q4,25019.0
1,Offene Stellen - Total,2,Espace Mittelland,2023Q1,2023Q1,25309.0
1,Offene Stellen - Total,2,Espace Mittelland,2023Q2,2023Q2,24385.0
1,Offene Stellen - Total,2,Espace Mittelland,2023Q3,2023Q3,22845.0
1,Offene Stellen - Total,2,Espace Mittelland,2023Q4,2023Q4,22668.0
1,Offene Stellen - Total,2,Espace Mittelland,2024Q1,2024Q1,23743.0
1,Offene Stellen - Total,2,Espace Mittelland,2024Q2,2024Q2,20840.0
1,Offene Stellen - Total,2,Espace Mittelland,2024Q3,2024Q3,20796.0
1,Offene Stellen - Total,2,Espace Mittelland,2024Q4,2024Q4,19517.0
1,Offene Stellen - Total,2,Espace Mittelland,2025Q1,2025Q1,18383.0
1,Offene Stellen - Total,2,Espace Mittelland,2025Q2,2025Q2,17765.0
1,Offene Stellen - Total,2,Espace Mittelland,2025Q3,2025Q3,16171.0
1,Offene Stellen - Total,2,Espace Mittelland,2025Q4,2025Q4,15388.0
1,Offene Stellen - Total,2,Espace Mittelland,2026Q1,2026Q1,17867.0
1,Offene Stellen - Total,2,Espace Mittelland,2026Q2,2026Q2,16587.0
1,Offene Stellen - Total,3,Nordwestschweiz,1997Q1,1997Q1,
1,Offene Stellen - Total,3,Nordwestschweiz,1997Q2,1997Q2,
1,Offene Stellen - Total,3,Nordwestschweiz,1997Q3,1997Q3,
1,Offene Stellen - Total,3,Nordwestschweiz,1997Q4,1997Q4,
1,Offene Stellen - Total,3,Nordwestschweiz,1998Q1,1998Q1,
1,Offene Stellen - Total,3,Nordwestschweiz,1998Q2,1998Q2,
1,Offene Stellen - Total,3,Nordwestschweiz,1998Q3,1998Q3,
1,Offene Stellen - Total,3,Nordwestschweiz,1998Q4,1998Q4,
1,Offene Stellen - Total,3,Nordwestschweiz,1999Q1,1999Q1,
1,Offene Stellen - Total,3,Nordwestschweiz,1999Q2,1999Q2,
1,Offene Stellen - Total,3,Nordwestschweiz,1999Q3,1999Q3,
1,Offene Stellen - Total,3,Nordwestschweiz,1999Q4,1999Q4,
1,Offene Stellen - Total,3,Nordwestschweiz,2000Q1,2000Q1,
1,Offene Stellen - Total,3,Nordwestschweiz,2000Q2,2000Q2,
1,Offene Stellen - Total,3,Nordwestschweiz,2000Q3,2000Q3,
1,Offene Stellen - Total,3,Nordwestschweiz,2000Q4,2000Q4,
1,Offene Stellen - Total,3,Nordwestschweiz,2001Q1,2001Q1,
1,Offene Stellen - Total,3,Nordwestschweiz,2001Q2,2001Q2,
1,Offene Stellen - Total,3,Nordwestschweiz,2001Q3,2001Q3,
1,Offene Stellen - Total,3,Nordwestschweiz,2001Q4,2001Q4,
1,Offene Stellen - Total,3,Nordwestschweiz,2002Q1,2002Q1,
1,Offene Stellen - Total,3,Nordwestschweiz,2002Q2,2002Q2,
1,Offene Stellen - Total,3,Nordwestschweiz,2002Q3,2002Q3,
1,Offene Stellen - Total,3,Nordwestschweiz,2002Q4,2002Q4,
1,Offene Stellen - Total,3,Nordwestschweiz,2003Q1,2003Q1,
1,Offene Stellen - Total,3,Nordwestschweiz,2003Q2,2003Q2,5744.0
1,Offene Stellen - Total,3,Nordwestschweiz,2003Q3,2003Q3,3914.0
1,Offene Stellen - Total,3,Nordwestschweiz,2003Q4,2003Q4,4623.0
1,Offene Stellen - Total,3,Nordwestschweiz,2004Q1,2004Q1,6853.0
1,Offene Stellen - Total,3,Nordwestschweiz,2004Q2,2004Q2,6821.0
1,Offene Stellen - Total,3,Nordwestschweiz,2004Q3,2004Q3,5576.0
1,Offene Stellen - Total,3,Nordwestschweiz,2004Q4,2004Q4,5798.0
1,Offene Stellen - Total,3,Nordwestschweiz,2005Q1,2005Q1,6545.0
1,Offene Stellen - Total,3,Nordwestschweiz,2005Q2,2005Q2,6351.0
1,Offene Stellen - Total,3,Nordwestschweiz,2005Q3,2005Q3,6513.0
1,Offene Stellen - Total,3,Nordwestschweiz,2005Q4,2005Q4,7179.0
1,Offene Stellen - Total,3,Nordwestschweiz,2006Q1,2006Q1,8617.0
1,Offene Stellen - Total,3,Nordwestschweiz,2006Q2,2006Q2,9335.0
1,Offene Stellen - Total,3,Nordwestschweiz,2006Q3,2006Q3,9637.0
1,Offene Stellen - Total,3,Nordwestschweiz,2006Q4,2006Q4,8965.0
1,Offene Stellen - Total,3,Nordwestschweiz,2007Q1,2007Q1,12366.0
1,Offene Stellen - Total,3,Nordwestschweiz,2007Q2,2007Q2,12509.0
1,Offene Stellen - Total,3,Nordwestschweiz,2007Q3,2007Q3,12974.0
1,Offene Stellen - Total,3,Nordwestschweiz,2007Q4,2007Q4,12535.0
1,Offene Stellen - Total,3,Nordwestschweiz,2008Q1,2008Q1,14349.0
1,Offene Stellen - Total,3,Nordwestschweiz,2008Q2,2008Q2,13921.0
1,Offene Stellen - Total,3,Nordwestschweiz,2008Q3,2008Q3,13066.0
1,Offene Stellen - Total,3,Nordwestschweiz,2008Q4,2008Q4,9825.0
1,Offene Stellen - Total,3,Nordwestschweiz,2009Q1,2009Q1,9164.0
1,Offene Stellen - Total,3,Nordwestschweiz,2009Q2,2009Q2,10003.0
1,Offene Stellen - Total,3,Nordwestschweiz,2009Q3,2009Q3,8794.0
1,Offene Stellen - Total,3,Nordwestschweiz,2009Q4,2009Q4,8812.0
1,Offene Stellen - Total,3,Nordwestschweiz,2010Q1,2010Q1,8414.0
1,Offene Stellen - Total,3,Nordwestschweiz,2010Q2,2010Q2,9940.0
1,Offene Stellen - Total,3,Nordwestschweiz,2010Q3,2010Q3,9517.0
1,Offene Stellen - Total,3,Nordwestschweiz,2010Q4,2010Q4,8807.0
1,Offene Stellen - Total,3,Nordwestschweiz,2011Q1,2011Q1,10421.0
1,Offene Stellen - Total,3,Nordwestschweiz,2011Q2,2011Q2,10353.0
1,Offene Stellen - Total,3,Nordwestschweiz,2011Q3,2011Q3,9094.0
1,Offene Stellen - Total,3,Nordwestschweiz,2011Q4,2011Q4,8573.0
1,Offene Stellen - Total,3,Nordwestschweiz,2012Q1,2012Q1,9949.0
1,Offene Stellen - Total,3,Nordwestschweiz,2012Q2,2012Q2,9540.0
1,Offene Stellen - Total,3,Nordwestschweiz,2012Q3,2012Q3,9772.0
1,Offene Stellen - Total,3,Nordwestschweiz,2012Q4,2012Q4,9013.0
1,Offene Stellen - Total,3,Nordwestschweiz,2013Q1,2013Q1,9909.0
1,Offene Stellen - Total,3,Nordwestschweiz,2013Q2,2013Q2,10882.0
1,Offene Stellen - Total,3,Nordwestschweiz,2013Q3,2013Q3,10140.0
1,Offene Stellen - Total,3,Nordwestschweiz,2013Q4,2013Q4,9063.0
1,Offene Stellen - Total,3,Nordwestschweiz,2014Q1,2014Q1,10563.0
1,Offene Stellen - Total,3,Nordwestschweiz,2014Q2,2014Q2,10734.0
1,Offene Stellen - Total,3,Nordwestschweiz,2014Q3,2014Q3,9342.0
1,Offene Stellen - Total,3,Nordwestschweiz,2014Q4,2014Q4,8566.0
1,Offene Stellen - Total,3,Nordwestschweiz,2015Q1,2015Q1,10133.0
1,Offene Stellen - Total,3,Nordwestschweiz,2015Q2,2015Q2,9052.0
1,Offene Stellen - Total,3,Nordwestschweiz,2015Q3,2015Q3,6944.0
1,Offene Stellen - Total,3,Nordwestschweiz,2015Q4,2015Q4,7555.0
1,Offene Stellen - Total,3,Nordwestschweiz,2016Q1,2016Q1,7387.0
1,Offene Stellen - Total,3,Nordwestschweiz,2016Q2,2016Q2,7482.0
1,Offene Stellen - Total,3,Nordwestschweiz,2016Q3,2016Q3,7810.0
1,Offene Stellen - Total,3,Nordwestschweiz,2016Q4,2016Q4,8009.0
1,Offene Stellen - Total,3,Nordwestschweiz,2017Q1,2017Q1,8578.0
1,Offene Stellen - Total,3,Nordwestschweiz,2017Q2,2017Q2,9200.0
1,Offene Stellen - Total,3,Nordwestschweiz,2017Q3,2017Q3,8264.0
1,Offene Stellen - Total,3,Nordwestschweiz,2017Q4,2017Q4,8369.0
1,Offene Stellen - Total,3,Nordwestschweiz,2018Q1,2018Q1,9381.0
1,Offene Stellen - Total,3,Nordwestschweiz,2018Q2,2018Q2,12000.0
1,Offene Stellen - Total,3,Nordwestschweiz,2018Q3,2018Q3,10761.0
1,Offene Stellen - Total,3,Nordwestschweiz,2018Q4,2018Q4,12046.0
1,Offene Stellen - Total,3,Nordwestschweiz,2019Q1,2019Q1,12169.0
1,Offene Stellen - Total,3,Nordwestschweiz,2019Q2,2019Q2,14067.0
1,Offene Stellen - Total,3,Nordwestschweiz,2019Q3,2019Q3,13712.0
1,Offene Stellen - Total,3,Nordwestschweiz,2019Q4,2019Q4,14356.0
1,Offene Stellen - Total,3,Nordwestschweiz,2020Q1,2020Q1,12193.0
1,Offene Stellen - Total,3,Nordwestschweiz,2020Q2,2020Q2,9864.0
1,Offene Stellen - Total,3,Nordwestschweiz,2020Q3,2020Q3,10063.0
1,Offene Stellen - Total,3,Nordwestschweiz,2020Q4,2020Q4,11702.0
1,Offene Stellen - Total,3,Nordwestschweiz,2021Q1,2021Q1,10661.0
1,Offene Stellen - Total,3,Nordwestschweiz,2021Q2,2021Q2,12716.0
1,Offene Stellen - Total,3,Nordwestschweiz,2021Q3,2021Q3,14332.0
1,Offene Stellen - Total,3,Nordwestschweiz,2021Q4,2021Q4,14405.0
1,Offene Stellen - Total,3,Nordwestschweiz,2022Q1,2022Q1,16525.0
1,Offene Stellen - Total,3,Nordwestschweiz,2022Q2,2022Q2,19154.0
1,Offene Stellen - Total,3,Nordwestschweiz,2022Q3,2022Q3,18756.0
1,Offene Stellen - Total,3,Nordwestschweiz,2022Q4,2022Q4,17644.0
1,Offene Stellen - Total,3,Nordwestschweiz,2023Q1,2023Q1,20212.0
1,Offene Stellen - Total,3,Nordwestschweiz,2023Q2,2023Q2,19713.0
1,Offene Stellen - Total,3,Nordwestschweiz,2023Q3,2023Q3,17471.0
1,Offene Stellen - Total,3,Nordwestschweiz,2023Q4,2023Q4,16789.0
1,Offene Stellen - Total,3,Nordwestschweiz,2024Q1,2024Q1,17031.0
1,Offene Stellen - Total,3,Nordwestschweiz,2024Q2,2024Q2,16052.0
1,Offene Stellen - Total,3,Nordwestschweiz,2024Q3,2024Q3,15617.0
1,Offene Stellen - Total,3,Nordwestschweiz,2024Q4,2024Q4,13172.0
1,Offene Stellen - Total,3,Nordwestschweiz,2025Q1,2025Q1,14160.0
1,Offene Stellen - Total,3,Nordwestschweiz,2025Q2,2025Q2,13730.0
1,Offene Stellen - Total,3,Nordwestschweiz,2025Q3,2025Q3,12040.0
1,Offene Stellen - Total,3,Nordwestschweiz,2025Q4,2025Q4,13134.0
1,Offene Stellen - Total,3,Nordwestschweiz,2026Q1,2026Q1,15293.0
1,Offene Stellen - Total,3,Nordwestschweiz,2026Q2,2026Q2,14192.0
1,Offene Stellen - Total,4,Zürich,1997Q1,1997Q1,
1,Offene Stellen - Total,4,Zürich,1997Q2,1997Q2,
1,Offene Stellen - Total,4,Zürich,1997Q3,1997Q3,
1,Offene Stellen - Total,4,Zürich,1997Q4,1997Q4,
1,Offene Stellen - Total,4,Zürich,1998Q1,1998Q1,
1,Offene Stellen - Total,4,Zürich,1998Q2,1998Q2,
1,Offene Stellen - Total,4,Zürich,1998Q3,1998Q3,
1,Offene Stellen - Total,4,Zürich,1998Q4,1998Q4,
1,Offene Stellen - Total,4,Zürich,1999Q1,1999Q1,
1,Offene Stellen - Total,4,Zürich,1999Q2,1999Q2,
1,Offene Stellen - Total,4,Zürich,1999Q3,1999Q3,
1,Offene Stellen - Total,4,Zürich,1999Q4,1999Q4,
1,Offene Stellen - Total,4,Zürich,2000Q1,2000Q1,
1,Offene Stellen - Total,4,Zürich,2000Q2,2000Q2,
1,Offene Stellen - Total,4,Zürich,2000Q3,2000Q3,
1,Offene Stellen - Total,4,Zürich,2000Q4,2000Q4,
1,Offene Stellen - Total,4,Zürich,2001Q1,2001Q1,
1,Offene Stellen - Total,4,Zürich,2001Q2,2001Q2,
1,Offene Stellen - Total,4,Zürich,2001Q3,2001Q3,
1,Offene Stellen - Total,4,Zürich,2001Q4,2001Q4,
1,Offene Stellen - Total,4,Zürich,2002Q1,2002Q1,
1,Offene Stellen - Total,4,Zürich,2002Q2,2002Q2,
1,Offene Stellen - Total,4,Zürich,2002Q3,2002Q3,
1,Offene Stellen - Total,4,Zürich,2002Q4,2002Q4,
1,Offene Stellen - Total,4,Zürich,2003Q1,2003Q1,
1,Offene Stellen - Total,4,Zürich,2003Q2,2003Q2,8169.0
1,Offene Stellen - Total,4,Zürich,2003Q3,2003Q3,6165.0
1,Offene Stellen - Total,4,Zürich,2003Q4,2003Q4,7421.0
1,Offene Stellen - Total,4,Zürich,2004Q1,2004Q1,9890.0
1,Offene Stellen - Total,4,Zürich,2004Q2,2004Q2,9222.0
1,Offene Stellen - Total,4,Zürich,2004Q3,2004Q3,8570.0
1,Offene Stellen - Total,4,Zürich,2004Q4,2004Q4,8049.0
1,Offene Stellen - Total,4,Zürich,2005Q1,2005Q1,9610.0
1,Offene Stellen - Total,4,Zürich,2005Q2,2005Q2,9343.0
1,Offene Stellen - Total,4,Zürich,2005Q3,2005Q3,9029.0
1,Offene Stellen - Total,4,Zürich,2005Q4,2005Q4,12952.0
1,Offene Stellen - Total,4,Zürich,2006Q1,2006Q1,14685.0
1,Offene Stellen - Total,4,Zürich,2006Q2,2006Q2,13551.0
1,Offene Stellen - Total,4,Zürich,2006Q3,2006Q3,13948.0
1,Offene Stellen - Total,4,Zürich,2006Q4,2006Q4,15823.0
1,Offene Stellen - Total,4,Zürich,2007Q1,2007Q1,17357.0
1,Offene Stellen - Total,4,Zürich,2007Q2,2007Q2,18613.0
1,Offene Stellen - Total,4,Zürich,2007Q3,2007Q3,18639.0
1,Offene Stellen - Total,4,Zürich,2007Q4,2007Q4,18072.0
1,Offene Stellen - Total,4,Zürich,2008Q1,2008Q1,18021.0
1,Offene Stellen - Total,4,Zürich,2008Q2,2008Q2,19406.0
1,Offene Stellen - Total,4,Zürich,2008Q3,2008Q3,18429.0
1,Offene Stellen - Total,4,Zürich,2008Q4,2008Q4,13459.0
1,Offene Stellen - Total,4,Zürich,2009Q1,2009Q1,11658.0
1,Offene Stellen - Total,4,Zürich,2009Q2,2009Q2,11258.0
1,Offene Stellen - Total,4,Zürich,2009Q3,2009Q3,11521.0
1,Offene Stellen - Total,4,Zürich,2009Q4,2009Q4,13114.0
1,Offene Stellen - Total,4,Zürich,2010Q1,2010Q1,13700.0
1,Offene Stellen - Total,4,Zürich,2010Q2,2010Q2,16217.0
1,Offene Stellen - Total,4,Zürich,2010Q3,2010Q3,16149.0
1,Offene Stellen - Total,4,Zürich,2010Q4,2010Q4,17023.0
1,Offene Stellen - Total,4,Zürich,2011Q1,2011Q1,17836.0
1,Offene Stellen - Total,4,Zürich,2011Q2,2011Q2,18028.0
1,Offene Stellen - Total,4,Zürich,2011Q3,2011Q3,14937.0
1,Offene Stellen - Total,4,Zürich,2011Q4,2011Q4,14240.0
1,Offene Stellen - Total,4,Zürich,2012Q1,2012Q1,15333.0
1,Offene Stellen - Total,4,Zürich,2012Q2,2012Q2,14762.0
1,Offene Stellen - Total,4,Zürich,2012Q3,2012Q3,13463.0
1,Offene Stellen - Total,4,Zürich,2012Q4,2012Q4,14233.0
1,Offene Stellen - Total,4,Zürich,2013Q1,2013Q1,15049.0
1,Offene Stellen - Total,4,Zürich,2013Q2,2013Q2,14969.0
1,Offene Stellen - Total,4,Zürich,2013Q3,2013Q3,14528.0
1,Offene Stellen - Total,4,Zürich,2013Q4,2013Q4,15435.0
1,Offene Stellen - Total,4,Zürich,2014Q1,2014Q1,16834.0
1,Offene Stellen - Total,4,Zürich,2014Q2,2014Q2,16106.0
1,Offene Stellen - Total,4,Zürich,2014Q3,2014Q3,15810.0
1,Offene Stellen - Total,4,Zürich,2014Q4,2014Q4,15687.0
1,Offene Stellen - Total,4,Zürich,2015Q1,2015Q1,16171.0
1,Offene Stellen - Total,4,Zürich,2015Q2,2015Q2,15193.0
1,Offene Stellen - Total,4,Zürich,2015Q3,2015Q3,14904.0
1,Offene Stellen - Total,4,Zürich,2015Q4,2015Q4,15138.0
1,Offene Stellen - Total,4,Zürich,2016Q1,2016Q1,15184.0
1,Offene Stellen - Total,4,Zürich,2016Q2,2016Q2,14491.0
1,Offene Stellen - Total,4,Zürich,2016Q3,2016Q3,15226.0
1,Offene Stellen - Total,4,Zürich,2016Q4,2016Q4,13871.0
1,Offene Stellen - Total,4,Zürich,2017Q1,2017Q1,16401.0
1,Offene Stellen - Total,4,Zürich,2017Q2,2017Q2,15967.0
1,Offene Stellen - Total,4,Zürich,2017Q3,2017Q3,15843.0
1,Offene Stellen - Total,4,Zürich,2017Q4,2017Q4,16106.0
1,Offene Stellen - Total,4,Zürich,2018Q1,2018Q1,17384.0
1,Offene Stellen - Total,4,Zürich,2018Q2,2018Q2,18078.0
1,Offene Stellen - Total,4,Zürich,2018Q3,2018Q3,18393.0
1,Offene Stellen - Total,4,Zürich,2018Q4,2018Q4,18118.0
1,Offene Stellen - Total,4,Zürich,2019Q1,2019Q1,19025.0
1,Offene Stellen - Total,4,Zürich,2019Q2,2019Q2,19349.0
1,Offene Stellen - Total,4,Zürich,2019Q3,2019Q3,18932.0
1,Offene Stellen - Total,4,Zürich,2019Q4,2019Q4,18057.0
1,Offene Stellen - Total,4,Zürich,2020Q1,2020Q1,14902.0
1,Offene Stellen - Total,4,Zürich,2020Q2,2020Q2,13604.0
1,Offene Stellen - Total,4,Zürich,2020Q3,2020Q3,14468.0
1,Offene Stellen - Total,4,Zürich,2020Q4,2020Q4,14489.0
1,Offene Stellen - Total,4,Zürich,2021Q1,2021Q1,14887.0
1,Offene Stellen - Total,4,Zürich,2021Q2,2021Q2,19564.0
1,Offene Stellen - Total,4,Zürich,2021Q3,2021Q3,22238.0
1,Offene Stellen - Total,4,Zürich,2021Q4,2021Q4,23669.0
1,Offene Stellen - Total,4,Zürich,2022Q1,2022Q1,27896.0
1,Offene Stellen - Total,4,Zürich,2022Q2,2022Q2,29648.0
1,Offene Stellen - Total,4,Zürich,2022Q3,2022Q3,28209.0
1,Offene Stellen - Total,4,Zürich,2022Q4,2022Q4,26679.0
1,Offene Stellen - Total,4,Zürich,2023Q1,2023Q1,26446.0
1,Offene Stellen - Total,4,Zürich,2023Q2,2023Q2,27614.0
1,Offene Stellen - Total,4,Zürich,2023Q3,2023Q3,25751.0
1,Offene Stellen - Total,4,Zürich,2023Q4,2023Q4,24097.0
1,Offene Stellen - Total,4,Zürich,2024Q1,2024Q1,23744.0
1,Offene Stellen - Total,4,Zürich,2024Q2,2024Q2,22813.0
1,Offene Stellen - Total,4,Zürich,2024Q3,2024Q3,22358.0
1,Offene Stellen - Total,4,Zürich,2024Q4,2024Q4,21549.0
1,Offene Stellen - Total,4,Zürich,2025Q1,2025Q1,21390.0
1,Offene Stellen - Total,4,Zürich,2025Q2,2025Q2,21700.0
1,Offene Stellen - Total,4,Zürich,2025Q3,2025Q3,22059.0
1,Offene Stellen - Total,4,Zürich,2025Q4,2025Q4,22539.0
1,Offene Stellen - Total,4,Zürich,2026Q1,2026Q1,25125.0
1,Offene Stellen - Total,4,Zürich,2026Q2,2026Q2,23740.0
1,Offene Stellen - Total,5,Ostschweiz,1997Q1,1997Q1,
1,Offene Stellen - Total,5,Ostschweiz,1997Q2,1997Q2,
1,Offene Stellen - Total,5,Ostschweiz,1997Q3,1997Q3,
1,Offene Stellen - Total,5,Ostschweiz,1997Q4,1997Q4,
1,Offene Stellen - Total,5,Ostschweiz,1998Q1,1998Q1,
1,Offene Stellen - Total,5,Ostschweiz,1998Q2,1998Q2,
1,Offene Stellen - Total,5,Ostschweiz,1998Q3,1998Q3,
1,Offene Stellen - Total,5,Ostschweiz,1998Q4,1998Q4,
1,Offene Stellen - Total,5,Ostschweiz,1999Q1,1999Q1,
1,Offene Stellen - Total,5,Ostschweiz,1999Q2,1999Q2,
1,Offene Stellen - Total,5,Ostschweiz,1999Q3,1999Q3,
1,Offene Stellen - Total,5,Ostschweiz,1999Q4,1999Q4,
1,Offene Stellen - Total,5,Ostschweiz,2000Q1,2000Q1,
1,Offene Stellen - Total,5,Ostschweiz,2000Q2,2000Q2,
1,Offene Stellen - Total,5,Ostschweiz,2000Q3,2000Q3,
1,Offene Stellen - Total,5,Ostschweiz,2000Q4,2000Q4,
1,Offene Stellen - Total,5,Ostschweiz,2001Q1,2001Q1,
1,Offene Stellen - Total,5,Ostschweiz,2001Q2,2001Q2,
1,Offene Stellen - Total,5,Ostschweiz,2001Q3,2001Q3,
1,Offene Stellen - Total,5,Ostschweiz,2001Q4,2001Q4,
1,Offene Stellen - Total,5,Ostschweiz,2002Q1,2002Q1,
1,Offene Stellen - Total,5,Ostschweiz,2002Q2,2002Q2,
1,Offene Stellen - Total,5,Ostschweiz,2002Q3,2002Q3,
1,Offene Stellen - Total,5,Ostschweiz,2002Q4,2002Q4,
1,Offene Stellen - Total,5,Ostschweiz,2003Q1,2003Q1,
1,Offene Stellen - Total,5,Ostschweiz,2003Q2,2003Q2,4924.0
1,Offene Stellen - Total,5,Ostschweiz,2003Q3,2003Q3,3348.0
1,Offene Stellen - Total,5,Ostschweiz,2003Q4,2003Q4,3631.0
1,Offene Stellen - Total,5,Ostschweiz,2004Q1,2004Q1,5254.0
1,Offene Stellen - Total,5,Ostschweiz,2004Q2,2004Q2,5003.0
1,Offene Stellen - Total,5,Ostschweiz,2004Q3,2004Q3,3253.0
1,Offene Stellen - Total,5,Ostschweiz,2004Q4,2004Q4,3283.0
1,Offene Stellen - Total,5,Ostschweiz,2005Q1,2005Q1,4739.0
1,Offene Stellen - Total,5,Ostschweiz,2005Q2,2005Q2,4265.0
1,Offene Stellen - Total,5,Ostschweiz,2005Q3,2005Q3,4114.0
1,Offene Stellen - Total,5,Ostschweiz,2005Q4,2005Q4,4335.0
1,Offene Stellen - Total,5,Ostschweiz,2006Q1,2006Q1,6192.0
1,Offene Stellen - Total,5,Ostschweiz,2006Q2,2006Q2,6621.0
1,Offene Stellen - Total,5,Ostschweiz,2006Q3,2006Q3,6294.0
1,Offene Stellen - Total,5,Ostschweiz,2006Q4,2006Q4,7159.0
1,Offene Stellen - Total,5,Ostschweiz,2007Q1,2007Q1,8490.0
1,Offene Stellen - Total,5,Ostschweiz,2007Q2,2007Q2,10226.0
1,Offene Stellen - Total,5,Ostschweiz,2007Q3,2007Q3,9269.0
1,Offene Stellen - Total,5,Ostschweiz,2007Q4,2007Q4,10158.0
1,Offene Stellen - Total,5,Ostschweiz,2008Q1,2008Q1,12508.0
1,Offene Stellen - Total,5,Ostschweiz,2008Q2,2008Q2,10943.0
1,Offene Stellen - Total,5,Ostschweiz,2008Q3,2008Q3,10406.0
1,Offene Stellen - Total,5,Ostschweiz,2008Q4,2008Q4,6947.0
1,Offene Stellen - Total,5,Ostschweiz,2009Q1,2009Q1,6782.0
1,Offene Stellen - Total,5,Ostschweiz,2009Q2,2009Q2,6209.0
1,Offene Stellen - Total,5,Ostschweiz,2009Q3,2009Q3,4621.0
1,Offene Stellen - Total,5,Ostschweiz,2009Q4,2009Q4,5562.0
1,Offene Stellen - Total,5,Ostschweiz,2010Q1,2010Q1,6413.0
1,Offene Stellen - Total,5,Ostschweiz,2010Q2,2010Q2,6950.0
1,Offene Stellen - Total,5,Ostschweiz,2010Q3,2010Q3,6347.0
1,Offene Stellen - Total,5,Ostschweiz,2010Q4,2010Q4,6535.0
1,Offene Stellen - Total,5,Ostschweiz,2011Q1,2011Q1,8147.0
1,Offene Stellen - Total,5,Ostschweiz,2011Q2,2011Q2,7181.0
1,Offene Stellen - Total,5,Ostschweiz,2011Q3,2011Q3,6524.0
1,Offene Stellen - Total,5,Ostschweiz,2011Q4,2011Q4,5908.0
1,Offene Stellen - Total,5,Ostschweiz,2012Q1,2012Q1,7916.0
1,Offene Stellen - Total,5,Ostschweiz,2012Q2,2012Q2,6629.0
1,Offene Stellen - Total,5,Ostschweiz,2012Q3,2012Q3,6355.0
1,Offene Stellen - Total,5,Ostschweiz,2012Q4,2012Q4,5818.0
1,Offene Stellen - Total,5,Ostschweiz,2013Q1,2013Q1,7054.0
1,Offene Stellen - Total,5,Ostschweiz,2013Q2,2013Q2,6919.0
1,Offene Stellen - Total,5,Ostschweiz,2013Q3,2013Q3,7028.0
1,Offene Stellen - Total,5,Ostschweiz,2013Q4,2013Q4,7051.0
1,Offene Stellen - Total,5,Ostschweiz,2014Q1,2014Q1,7237.0
1,Offene Stellen - Total,5,Ostschweiz,2014Q2,2014Q2,6507.0
1,Offene Stellen - Total,5,Ostschweiz,2014Q3,2014Q3,6297.0
1,Offene Stellen - Total,5,Ostschweiz,2014Q4,2014Q4,6405.0
1,Offene Stellen - Total,5,Ostschweiz,2015Q1,2015Q1,6577.0
1,Offene Stellen - Total,5,Ostschweiz,2015Q2,2015Q2,5864.0
1,Offene Stellen - Total,5,Ostschweiz,2015Q3,2015Q3,5772.0
1,Offene Stellen - Total,5,Ostschweiz,2015Q4,2015Q4,5588.0
1,Offene Stellen - Total,5,Ostschweiz,2016Q1,2016Q1,6862.0
1,Offene Stellen - Total,5,Ostschweiz,2016Q2,2016Q2,6418.0
1,Offene Stellen - Total,5,Ostschweiz,2016Q3,2016Q3,6807.0
1,Offene Stellen - Total,5,Ostschweiz,2016Q4,2016Q4,7912.0
1,Offene Stellen - Total,5,Ostschweiz,2017Q1,2017Q1,7798.0
1,Offene Stellen - Total,5,Ostschweiz,2017Q2,2017Q2,7073.0
1,Offene Stellen - Total,5,Ostschweiz,2017Q3,2017Q3,7198.0
1,Offene Stellen - Total,5,Ostschweiz,2017Q4,2017Q4,8535.0
1,Offene Stellen - Total,5,Ostschweiz,2018Q1,2018Q1,10214.0
1,Offene Stellen - Total,5,Ostschweiz,2018Q2,2018Q2,10208.0
1,Offene Stellen - Total,5,Ostschweiz,2018Q3,2018Q3,10051.0
1,Offene Stellen - Total,5,Ostschweiz,2018Q4,2018Q4,10714.0
1,Offene Stellen - Total,5,Ostschweiz,2019Q1,2019Q1,10594.0
1,Offene Stellen - Total,5,Ostschweiz,2019Q2,2019Q2,11232.0
1,Offene Stellen - Total,5,Ostschweiz,2019Q3,2019Q3,11217.0
1,Offene Stellen - Total,5,Ostschweiz,2019Q4,2019Q4,10031.0
1,Offene Stellen - Total,5,Ostschweiz,2020Q1,2020Q1,9306.0
1,Offene Stellen - Total,5,Ostschweiz,2020Q2,2020Q2,8811.0
1,Offene Stellen - Total,5,Ostschweiz,2020Q3,2020Q3,9970.0
1,Offene Stellen - Total,5,Ostschweiz,2020Q4,2020Q4,8665.0
1,Offene Stellen - Total,5,Ostschweiz,2021Q1,2021Q1,10565.0
1,Offene Stellen - Total,5,Ostschweiz,2021Q2,2021Q2,11597.0
1,Offene Stellen - Total,5,Ostschweiz,2021Q3,2021Q3,11549.0
1,Offene Stellen - Total,5,Ostschweiz,2021Q4,2021Q4,12689.0
1,Offene Stellen - Total,5,Ostschweiz,2022Q1,2022Q1,15214.0
1,Offene Stellen - Total,5,Ostschweiz,2022Q2,2022Q2,16434.0
1,Offene Stellen - Total,5,Ostschweiz,2022Q3,2022Q3,15659.0
1,Offene Stellen - Total,5,Ostschweiz,2022Q4,2022Q4,17290.0
1,Offene Stellen - Total,5,Ostschweiz,2023Q1,2023Q1,16046.0
1,Offene Stellen - Total,5,Ostschweiz,2023Q2,2023Q2,16554.0
1,Offene Stellen - Total,5,Ostschweiz,2023Q3,2023Q3,15745.0
1,Offene Stellen - Total,5,Ostschweiz,2023Q4,2023Q4,14228.0
1,Offene Stellen - Total,5,Ostschweiz,2024Q1,2024Q1,16535.0
1,Offene Stellen - Total,5,Ostschweiz,2024Q2,2024Q2,15469.0
1,Offene Stellen - Total,5,Ostschweiz,2024Q3,2024Q3,14389.0
1,Offene Stellen - Total,5,Ostschweiz,2024Q4,2024Q4,13814.0
1,Offene Stellen - Total,5,Ostschweiz,2025Q1,2025Q1,14280.0
1,Offene Stellen - Total,5,Ostschweiz,2025Q2,2025Q2,13617.0
1,Offene Stellen - Total,5,Ostschweiz,2025Q3,2025Q3,13587.0
1,Offene Stellen - Total,5,Ostschweiz,2025Q4,2025Q4,11904.0
1,Offene Stellen - Total,5,Ostschweiz,2026Q1,2026Q1,12846.0
1,Offene Stellen - Total,5,Ostschweiz,2026Q2,2026Q2,14833.0
1,Offene Stellen - Total,6,Zentralschweiz,1997Q1,1997Q1,
1,Offene Stellen - Total,6,Zentralschweiz,1997Q2,1997Q2,
1,Offene Stellen - Total,6,Zentralschweiz,1997Q3,1997Q3,
1,Offene Stellen - Total,6,Zentralschweiz,1997Q4,1997Q4,
1,Offene Stellen - Total,6,Zentralschweiz,1998Q1,1998Q1,
1,Offene Stellen - Total,6,Zentralschweiz,1998Q2,1998Q2,
1,Offene Stellen - Total,6,Zentralschweiz,1998Q3,1998Q3,
1,Offene Stellen - Total,6,Zentralschweiz,1998Q4,1998Q4,
1,Offene Stellen - Total,6,Zentralschweiz,1999Q1,1999Q1,
1,Offene Stellen - Total,6,Zentralschweiz,1999Q2,1999Q2,
1,Offene Stellen - Total,6,Zentralschweiz,1999Q3,1999Q3,
1,Offene Stellen - Total,6,Zentralschweiz,1999Q4,1999Q4,
1,Offene Stellen - Total,6,Zentralschweiz,2000Q1,2000Q1,
1,Offene Stellen - Total,6,Zentralschweiz,2000Q2,2000Q2,
1,Offene Stellen - Total,6,Zentralschweiz,2000Q3,2000Q3,
1,Offene Stellen - Total,6,Zentralschweiz,2000Q4,2000Q4,
1,Offene Stellen - Total,6,Zentralschweiz,2001Q1,2001Q1,
1,Offene Stellen - Total,6,Zentralschweiz,2001Q2,2001Q2,
1,Offene Stellen - Total,6,Zentralschweiz,2001Q3,2001Q3,
1,Offene Stellen - Total,6,Zentralschweiz,2001Q4,2001Q4,
1,Offene Stellen - Total,6,Zentralschweiz,2002Q1,2002Q1,
1,Offene Stellen - Total,6,Zentralschweiz,2002Q2,2002Q2,
1,Offene Stellen - Total,6,Zentralschweiz,2002Q3,2002Q3,
1,Offene Stellen - Total,6,Zentralschweiz,2002Q4,2002Q4,
1,Offene Stellen - Total,6,Zentralschweiz,2003Q1,2003Q1,
1,Offene Stellen - Total,6,Zentralschweiz,2003Q2,2003Q2,2574.0
1,Offene Stellen - Total,6,Zentralschweiz,2003Q3,2003Q3,2602.0
1,Offene Stellen - Total,6,Zentralschweiz,2003Q4,2003Q4,2412.0
1,Offene Stellen - Total,6,Zentralschweiz,2004Q1,2004Q1,4346.0
1,Offene Stellen - Total,6,Zentralschweiz,2004Q2,2004Q2,3853.0
1,Offene Stellen - Total,6,Zentralschweiz,2004Q3,2004Q3,2731.0
1,Offene Stellen - Total,6,Zentralschweiz,2004Q4,2004Q4,2878.0
1,Offene Stellen - Total,6,Zentralschweiz,2005Q1,2005Q1,2998.0
1,Offene Stellen - Total,6,Zentralschweiz,2005Q2,2005Q2,2934.0
1,Offene Stellen - Total,6,Zentralschweiz,2005Q3,2005Q3,2793.0
1,Offene Stellen - Total,6,Zentralschweiz,2005Q4,2005Q4,3553.0
1,Offene Stellen - Total,6,Zentralschweiz,2006Q1,2006Q1,4524.0
1,Offene Stellen - Total,6,Zentralschweiz,2006Q2,2006Q2,5937.0
1,Offene Stellen - Total,6,Zentralschweiz,2006Q3,2006Q3,4741.0
1,Offene Stellen - Total,6,Zentralschweiz,2006Q4,2006Q4,4748.0
1,Offene Stellen - Total,6,Zentralschweiz,2007Q1,2007Q1,6423.0
1,Offene Stellen - Total,6,Zentralschweiz,2007Q2,2007Q2,6530.0
1,Offene Stellen - Total,6,Zentralschweiz,2007Q3,2007Q3,6997.0
1,Offene Stellen - Total,6,Zentralschweiz,2007Q4,2007Q4,6570.0
1,Offene Stellen - Total,6,Zentralschweiz,2008Q1,2008Q1,8146.0
1,Offene Stellen - Total,6,Zentralschweiz,2008Q2,2008Q2,6874.0
1,Offene Stellen - Total,6,Zentralschweiz,2008Q3,2008Q3,6901.0
1,Offene Stellen - Total,6,Zentralschweiz,2008Q4,2008Q4,4648.0
1,Offene Stellen - Total,6,Zentralschweiz,2009Q1,2009Q1,4682.0
1,Offene Stellen - Total,6,Zentralschweiz,2009Q2,2009Q2,4224.0
1,Offene Stellen - Total,6,Zentralschweiz,2009Q3,2009Q3,4413.0
1,Offene Stellen - Total,6,Zentralschweiz,2009Q4,2009Q4,4309.0
1,Offene Stellen - Total,6,Zentralschweiz,2010Q1,2010Q1,5565.0
1,Offene Stellen - Total,6,Zentralschweiz,2010Q2,2010Q2,4810.0
1,Offene Stellen - Total,6,Zentralschweiz,2010Q3,2010Q3,5219.0
1,Offene Stellen - Total,6,Zentralschweiz,2010Q4,2010Q4,4846.0
1,Offene Stellen - Total,6,Zentralschweiz,2011Q1,2011Q1,5536.0
1,Offene Stellen - Total,6,Zentralschweiz,2011Q2,2011Q2,6352.0
1,Offene Stellen - Total,6,Zentralschweiz,2011Q3,2011Q3,5501.0
1,Offene Stellen - Total,6,Zentralschweiz,2011Q4,2011Q4,4996.0
1,Offene Stellen - Total,6,Zentralschweiz,2012Q1,2012Q1,5565.0
1,Offene Stellen - Total,6,Zentralschweiz,2012Q2,2012Q2,5544.0
1,Offene Stellen - Total,6,Zentralschweiz,2012Q3,2012Q3,5834.0
1,Offene Stellen - Total,6,Zentralschweiz,2012Q4,2012Q4,5234.0
1,Offene Stellen - Total,6,Zentralschweiz,2013Q1,2013Q1,6269.0
1,Offene Stellen - Total,6,Zentralschweiz,2013Q2,2013Q2,5690.0
1,Offene Stellen - Total,6,Zentralschweiz,2013Q3,2013Q3,6054.0
1,Offene Stellen - Total,6,Zentralschweiz,2013Q4,2013Q4,5815.0
1,Offene Stellen - Total,6,Zentralschweiz,2014Q1,2014Q1,5947.0
1,Offene Stellen - Total,6,Zentralschweiz,2014Q2,2014Q2,5150.0
1,Offene Stellen - Total,6,Zentralschweiz,2014Q3,2014Q3,5643.0
1,Offene Stellen - Total,6,Zentralschweiz,2014Q4,2014Q4,6019.0
1,Offene Stellen - Total,6,Zentralschweiz,2015Q1,2015Q1,6051.0
1,Offene Stellen - Total,6,Zentralschweiz,2015Q2,2015Q2,5092.0
1,Offene Stellen - Total,6,Zentralschweiz,2015Q3,2015Q3,5420.0
1,Offene Stellen - Total,6,Zentralschweiz,2015Q4,2015Q4,4332.0
1,Offene Stellen - Total,6,Zentralschweiz,2016Q1,2016Q1,5026.0
1,Offene Stellen - Total,6,Zentralschweiz,2016Q2,2016Q2,5527.0
1,Offene Stellen - Total,6,Zentralschweiz,2016Q3,2016Q3,5545.0
1,Offene Stellen - Total,6,Zentralschweiz,2016Q4,2016Q4,4787.0
1,Offene Stellen - Total,6,Zentralschweiz,2017Q1,2017Q1,6359.0
1,Offene Stellen - Total,6,Zentralschweiz,2017Q2,2017Q2,5904.0
1,Offene Stellen - Total,6,Zentralschweiz,2017Q3,2017Q3,6356.0
1,Offene Stellen - Total,6,Zentralschweiz,2017Q4,2017Q4,7316.0
1,Offene Stellen - Total,6,Zentralschweiz,2018Q1,2018Q1,7919.0
1,Offene Stellen - Total,6,Zentralschweiz,2018Q2,2018Q2,7582.0
1,Offene Stellen - Total,6,Zentralschweiz,2018Q3,2018Q3,7449.0
1,Offene Stellen - Total,6,Zentralschweiz,2018Q4,2018Q4,7510.0
1,Offene Stellen - Total,6,Zentralschweiz,2019Q1,2019Q1,8701.0
1,Offene Stellen - Total,6,Zentralschweiz,2019Q2,2019Q2,10600.0
1,Offene Stellen - Total,6,Zentralschweiz,2019Q3,2019Q3,8698.0
1,Offene Stellen - Total,6,Zentralschweiz,2019Q4,2019Q4,10052.0
1,Offene Stellen - Total,6,Zentralschweiz,2020Q1,2020Q1,9482.0
1,Offene Stellen - Total,6,Zentralschweiz,2020Q2,2020Q2,6686.0
1,Offene Stellen - Total,6,Zentralschweiz,2020Q3,2020Q3,6612.0
1,Offene Stellen - Total,6,Zentralschweiz,2020Q4,2020Q4,7102.0
1,Offene Stellen - Total,6,Zentralschweiz,2021Q1,2021Q1,8641.0
1,Offene Stellen - Total,6,Zentralschweiz,2021Q2,2021Q2,12167.0
1,Offene Stellen - Total,6,Zentralschweiz,2021Q3,2021Q3,13862.0
1,Offene Stellen - Total,6,Zentralschweiz,2021Q4,2021Q4,14814.0
1,Offene Stellen - Total,6,Zentralschweiz,2022Q1,2022Q1,18035.0
1,Offene Stellen - Total,6,Zentralschweiz,2022Q2,2022Q2,14804.0
1,Offene Stellen - Total,6,Zentralschweiz,2022Q3,2022Q3,15098.0
1,Offene Stellen - Total,6,Zentralschweiz,2022Q4,2022Q4,14040.0
1,Offene Stellen - Total,6,Zentralschweiz,2023Q1,2023Q1,14416.0
1,Offene Stellen - Total,6,Zentralschweiz,2023Q2,2023Q2,13558.0
1,Offene Stellen - Total,6,Zentralschweiz,2023Q3,2023Q3,11576.0
1,Offene Stellen - Total,6,Zentralschweiz,2023Q4,2023Q4,10650.0
1,Offene Stellen - Total,6,Zentralschweiz,2024Q1,2024Q1,11512.0
1,Offene Stellen - Total,6,Zentralschweiz,2024Q2,2024Q2,11104.0
1,Offene Stellen - Total,6,Zentralschweiz,2024Q3,2024Q3,9502.0
1,Offene Stellen - Total,6,Zentralschweiz,2024Q4,2024Q4,9516.0
1,Offene Stellen - Total,6,Zentralschweiz,2025Q1,2025Q1,10007.0
1,Offene Stellen - Total,6,Zentralschweiz,2025Q2,2025Q2,11757.0
1,Offene Stellen - Total,6,Zentralschweiz,2025Q3,2025Q3,10753.0
1,Offene Stellen - Total,6,Zentralschweiz,2025Q4,2025Q4,9847.0
1,Offene Stellen - Total,6,Zentralschweiz,2026Q1,2026Q1,11630.0
1,Offene Stellen - Total,6,Zentralschweiz,2026Q2,2026Q2,12227.0
1,Offene Stellen - Total,7,Ticino,1997Q1,1997Q1,
1,Offene Stellen - Total,7,Ticino,1997Q2,1997Q2,
1,Offene Stellen - Total,7,Ticino,1997Q3,1997Q3,
1,Offene Stellen - Total,7,Ticino,1997Q4,1997Q4,
1,Offene Stellen - Total,7,Ticino,1998Q1,1998Q1,
1,Offene Stellen - Total,7,Ticino,1998Q2,1998Q2,
1,Offene Stellen - Total,7,Ticino,1998Q3,1998Q3,
1,Offene Stellen - Total,7,Ticino,1998Q4,1998Q4,
1,Offene Stellen - Total,7,Ticino,1999Q1,1999Q1,
1,Offene Stellen - Total,7,Ticino,1999Q2,1999Q2,
1,Offene Stellen - Total,7,Ticino,1999Q3,1999Q3,
1,Offene Stellen - Total,7,Ticino,1999Q4,1999Q4,
1,Offene Stellen - Total,7,Ticino,2000Q1,2000Q1,
1,Offene Stellen - Total,7,Ticino,2000Q2,2000Q2,
1,Offene Stellen - Total,7,Ticino,2000Q3,2000Q3,
1,Offene Stellen - Total,7,Ticino,2000Q4,2000Q4,
1,Offene Stellen - Total,7,Ticino,2001Q1,2001Q1,
1,Offene Stellen - Total,7,Ticino,2001Q2,2001Q2,
1,Offene Stellen - Total,7,Ticino,2001Q3,2001Q3,
1,Offene Stellen - Total,7,Ticino,2001Q4,2001Q4,
1,Offene Stellen - Total,7,Ticino,2002Q1,2002Q1,
1,Offene Stellen - Total,7,Ticino,2002Q2,2002Q2,
1,Offene Stellen - Total,7,Ticino,2002Q3,2002Q3,
1,Offene Stellen - Total,7,Ticino,2002Q4,2002Q4,
1,Offene Stellen - Total,7,Ticino,2003Q1,2003Q1,
1,Offene Stellen - Total,7,Ticino,2003Q2,2003Q2,2421.0
1,Offene Stellen - Total,7,Ticino,2003Q3,2003Q3,1931.0
1,Offene Stellen - Total,7,Ticino,2003Q4,2003Q4,864.0
1,Offene Stellen - Total,7,Ticino,2004Q1,2004Q1,1331.0
1,Offene Stellen - Total,7,Ticino,2004Q2,2004Q2,1792.0
1,Offene Stellen - Total,7,Ticino,2004Q3,2004Q3,1303.0
1,Offene Stellen - Total,7,Ticino,2004Q4,2004Q4,736.0
1,Offene Stellen - Total,7,Ticino,2005Q1,2005Q1,1027.0
1,Offene Stellen - Total,7,Ticino,2005Q2,2005Q2,1022.0
1,Offene Stellen - Total,7,Ticino,2005Q3,2005Q3,1073.0
1,Offene Stellen - Total,7,Ticino,2005Q4,2005Q4,1539.0
1,Offene Stellen - Total,7,Ticino,2006Q1,2006Q1,2132.0
1,Offene Stellen - Total,7,Ticino,2006Q2,2006Q2,1470.0
1,Offene Stellen - Total,7,Ticino,2006Q3,2006Q3,1528.0
1,Offene Stellen - Total,7,Ticino,2006Q4,2006Q4,1881.0
1,Offene Stellen - Total,7,Ticino,2007Q1,2007Q1,1990.0
1,Offene Stellen - Total,7,Ticino,2007Q2,2007Q2,2480.0
1,Offene Stellen - Total,7,Ticino,2007Q3,2007Q3,1780.0
1,Offene Stellen - Total,7,Ticino,2007Q4,2007Q4,2155.0
1,Offene Stellen - Total,7,Ticino,2008Q1,2008Q1,2379.0
1,Offene Stellen - Total,7,Ticino,2008Q2,2008Q2,2114.0
1,Offene Stellen - Total,7,Ticino,2008Q3,2008Q3,1697.0
1,Offene Stellen - Total,7,Ticino,2008Q4,2008Q4,1183.0
1,Offene Stellen - Total,7,Ticino,2009Q1,2009Q1,1175.0
1,Offene Stellen - Total,7,Ticino,2009Q2,2009Q2,2115.0
1,Offene Stellen - Total,7,Ticino,2009Q3,2009Q3,1258.0
1,Offene Stellen - Total,7,Ticino,2009Q4,2009Q4,1065.0
1,Offene Stellen - Total,7,Ticino,2010Q1,2010Q1,1392.0
1,Offene Stellen - Total,7,Ticino,2010Q2,2010Q2,1355.0
1,Offene Stellen - Total,7,Ticino,2010Q3,2010Q3,1317.0
1,Offene Stellen - Total,7,Ticino,2010Q4,2010Q4,1127.0
1,Offene Stellen - Total,7,Ticino,2011Q1,2011Q1,1789.0
1,Offene Stellen - Total,7,Ticino,2011Q2,2011Q2,1452.0
1,Offene Stellen - Total,7,Ticino,2011Q3,2011Q3,1508.0
1,Offene Stellen - Total,7,Ticino,2011Q4,2011Q4,1441.0
1,Offene Stellen - Total,7,Ticino,2012Q1,2012Q1,1629.0
1,Offene Stellen - Total,7,Ticino,2012Q2,2012Q2,1459.0
1,Offene Stellen - Total,7,Ticino,2012Q3,2012Q3,1286.0
1,Offene Stellen - Total,7,Ticino,2012Q4,2012Q4,1005.0
1,Offene Stellen - Total,7,Ticino,2013Q1,2013Q1,1207.0
1,Offene Stellen - Total,7,Ticino,2013Q2,2013Q2,1124.0
1,Offene Stellen - Total,7,Ticino,2013Q3,2013Q3,1488.0
1,Offene Stellen - Total,7,Ticino,2013Q4,2013Q4,1179.0
1,Offene Stellen - Total,7,Ticino,2014Q1,2014Q1,1444.0
1,Offene Stellen - Total,7,Ticino,2014Q2,2014Q2,1269.0
1,Offene Stellen - Total,7,Ticino,2014Q3,2014Q3,1087.0
1,Offene Stellen - Total,7,Ticino,2014Q4,2014Q4,1469.0
1,Offene Stellen - Total,7,Ticino,2015Q1,2015Q1,1272.0
1,Offene Stellen - Total,7,Ticino,2015Q2,2015Q2,1454.0
1,Offene Stellen - Total,7,Ticino,2015Q3,2015Q3,1156.0
1,Offene Stellen - Total,7,Ticino,2015Q4,2015Q4,954.0
1,Offene Stellen - Total,7,Ticino,2016Q1,2016Q1,1226.0
1,Offene Stellen - Total,7,Ticino,2016Q2,2016Q2,1902.0
1,Offene Stellen - Total,7,Ticino,2016Q3,2016Q3,2287.0
1,Offene Stellen - Total,7,Ticino,2016Q4,2016Q4,2247.0
1,Offene Stellen - Total,7,Ticino,2017Q1,2017Q1,1504.0
1,Offene Stellen - Total,7,Ticino,2017Q2,2017Q2,1734.0
1,Offene Stellen - Total,7,Ticino,2017Q3,2017Q3,905.0
1,Offene Stellen - Total,7,Ticino,2017Q4,2017Q4,1049.0
1,Offene Stellen - Total,7,Ticino,2018Q1,2018Q1,1636.0
1,Offene Stellen - Total,7,Ticino,2018Q2,2018Q2,1396.0
1,Offene Stellen - Total,7,Ticino,2018Q3,2018Q3,1366.0
1,Offene Stellen - Total,7,Ticino,2018Q4,2018Q4,1414.0
1,Offene Stellen - Total,7,Ticino,2019Q1,2019Q1,1918.0
1,Offene Stellen - Total,7,Ticino,2019Q2,2019Q2,2463.0
1,Offene Stellen - Total,7,Ticino,2019Q3,2019Q3,2059.0
1,Offene Stellen - Total,7,Ticino,2019Q4,2019Q4,1708.0
1,Offene Stellen - Total,7,Ticino,2020Q1,2020Q1,1592.0
1,Offene Stellen - Total,7,Ticino,2020Q2,2020Q2,1198.0
1,Offene Stellen - Total,7,Ticino,2020Q3,2020Q3,1659.0
1,Offene Stellen - Total,7,Ticino,2020Q4,2020Q4,959.0
1,Offene Stellen - Total,7,Ticino,2021Q1,2021Q1,1229.0
1,Offene Stellen - Total,7,Ticino,2021Q2,2021Q2,1505.0
1,Offene Stellen - Total,7,Ticino,2021Q3,2021Q3,2166.0
1,Offene Stellen - Total,7,Ticino,2021Q4,2021Q4,2406.0
1,Offene Stellen - Total,7,Ticino,2022Q1,2022Q1,2104.0
1,Offene Stellen - Total,7,Ticino,2022Q2,2022Q2,2484.0
1,Offene Stellen - Total,7,Ticino,2022Q3,2022Q3,3123.0
1,Offene Stellen - Total,7,Ticino,2022Q4,2022Q4,2623.0
1,Offene Stellen - Total,7,Ticino,2023Q1,2023Q1,2850.0
1,Offene Stellen - Total,7,Ticino,2023Q2,2023Q2,2841.0
1,Offene Stellen - Total,7,Ticino,2023Q3,2023Q3,2041.0
1,Offene Stellen - Total,7,Ticino,2023Q4,2023Q4,2248.0
1,Offene Stellen - Total,7,Ticino,2024Q1,2024Q1,1971.0
1,Offene Stellen - Total,7,Ticino,2024Q2,2024Q2,2244.0
1,Offene Stellen - Total,7,Ticino,2024Q3,2024Q3,1694.0
1,Offene Stellen - Total,7,Ticino,2024Q4,2024Q4,1881.0
1,Offene Stellen - Total,7,Ticino,2025Q1,2025Q1,2885.0
1,Offene Stellen - Total,7,Ticino,2025Q2,2025Q2,2102.0
1,Offene Stellen - Total,7,Ticino,2025Q3,2025Q3,1967.0
1,Offene Stellen - Total,7,Ticino,2025Q4,2025Q4,2607.0
1,Offene Stellen - Total,7,Ticino,2026Q1,2026Q1,2661.0
1,Offene Stellen - Total,7,Ticino,2026Q2,2026Q2,1713.0
