family,key
canton,ch.kof.jobtracker.canton.ag.clean.idx
canton,ch.kof.jobtracker.canton.ai.clean.idx
canton,ch.kof.jobtracker.canton.ar.clean.idx
canton,ch.kof.jobtracker.canton.be.clean.idx
canton,ch.kof.jobtracker.canton.bl.clean.idx
canton,ch.kof.jobtracker.canton.bs.clean.idx
canton,ch.kof.jobtracker.canton.fr.clean.idx
canton,ch.kof.jobtracker.canton.ge.clean.idx
canton,ch.kof.jobtracker.canton.gl.clean.idx
canton,ch.kof.jobtracker.canton.gr.clean.idx
canton,ch.kof.jobtracker.canton.ju.clean.idx
canton,ch.kof.jobtracker.canton.lu.clean.idx
canton,ch.kof.jobtracker.canton.ne.clean.idx
canton,ch.kof.jobtracker.canton.nw.clean.idx
canton,ch.kof.jobtracker.canton.ow.clean.idx
canton,ch.kof.jobtracker.canton.sg.clean.idx
canton,ch.kof.jobtracker.canton.sh.clean.idx
canton,ch.kof.jobtracker.canton.so.clean.idx
canton,ch.kof.jobtracker.canton.sz.clean.idx
canton,ch.kof.jobtracker.canton.tg.clean.idx
canton,ch.kof.jobtracker.canton.ti.clean.idx
canton,ch.kof.jobtracker.canton.ur.clean.idx
canton,ch.kof.jobtracker.canton.vd.clean.idx
canton,ch.kof.jobtracker.canton.vs.clean.idx
canton,ch.kof.jobtracker.canton.zg.clean.idx
canton,ch.kof.jobtracker.canton.zh.clean.idx
occupation,ch.kof.jobtracker.isco.0.clean.idx
occupation,ch.kof.jobtracker.isco.1.clean.idx
occupation,ch.kof.jobtracker.isco.2.clean.idx
occupation,ch.kof.jobtracker.isco.3.clean.idx
occupation,ch.kof.jobtracker.isco.4.clean.idx
occupation,ch.kof.jobtracker.isco.5.clean.idx
occupation,ch.kof.jobtracker.isco.6.clean.idx
occupation,ch.kof.jobtracker.isco.7.clean.idx
occupation,ch.kof.jobtracker.isco.8.clean.idx
occupation,ch.kof.jobtracker.isco.9.clean.idx
sector,ch.kof.jobtracker.noga.c.clean.idx
sector,ch.kof.jobtracker.noga.d.clean.idx
sector,ch.kof.jobtracker.noga.e.clean.idx
sector,ch.kof.jobtracker.noga.f.clean.idx
sector,ch.kof.jobtracker.noga.g.clean.idx
sector,ch.kof.jobtracker.noga.h.clean.idx
sector,ch.kof.jobtracker.noga.i.clean.idx
sector,ch.kof.jobtracker.noga.j.clean.idx
sector,ch.kof.jobtracker.noga.k.clean.idx
sector,ch.kof.jobtracker.noga.l.clean.idx
sector,ch.kof.jobtracker.noga.m.clean.idx
sector,ch.kof.jobtracker.noga.n.clean.idx
sector,ch.kof.jobtracker.noga.o.clean.idx
sector,ch.kof.jobtracker.noga.p.clean.idx
sector,ch.kof.jobtracker.noga.q.clean.idx
sector,ch.kof.jobtracker.noga.r.clean.idx
sector,ch.kof.jobtracker.noga.u.clean.idx
