quarter,jt_canton.ag,jt_canton.ai,jt_canton.ar,jt_canton.be,jt_canton.bl,jt_canton.bs,jt_canton.fr,jt_canton.ge,jt_canton.gl,jt_canton.gr,jt_canton.ju,jt_canton.lu,jt_canton.ne,jt_canton.nw,jt_canton.ow,jt_canton.sg,jt_canton.sh,jt_canton.so,jt_canton.sz,jt_canton.tg,jt_canton.ti,jt_canton.ur,jt_canton.vd,jt_canton.vs,jt_canton.zg,jt_canton.zh,jt_isco.0,jt_isco.1,jt_isco.2,jt_isco.3,jt_isco.4,jt_isco.5,jt_isco.6,jt_isco.7,jt_isco.8,jt_isco.9,jt_noga.c,jt_noga.d,jt_noga.e,jt_noga.f,jt_noga.g,jt_noga.h,jt_noga.i,jt_noga.j,jt_noga.k,jt_noga.l,jt_noga.m,jt_noga.n,jt_noga.o,jt_noga.p,jt_noga.q,jt_noga.r,jt_noga.u,besta_vacancies_10-33,besta_vacancies_24-25,besta_vacancies_26,besta_vacancies_28,besta_vacancies_41-43,besta_vacancies_45-47,besta_vacancies_45-96,besta_vacancies_49-53,besta_vacancies_5-43,besta_vacancies_5-96,besta_vacancies_55-56,besta_vacancies_58-63,besta_vacancies_62-63,besta_vacancies_64-66,besta_vacancies_68-75,besta_vacancies_77+79-82,besta_vacancies_84,besta_vacancies_85,besta_vacancies_86-88,besta_vacancies_90-96,besta_vacancies_region_Espace Mittelland,besta_vacancies_region_Nordwestschweiz,besta_vacancies_region_Ostschweiz,besta_vacancies_region_Region lémanique,besta_vacancies_region_Schweiz,besta_vacancies_region_Ticino,besta_vacancies_region_Zentralschweiz,besta_vacancies_region_Zürich,besta_employment_10-33,besta_employment_41-42,besta_employment_41-43,besta_employment_43,besta_employment_49,besta_employment_49-53,besta_employment_5-96,besta_employment_52,besta_employment_53,besta_employment_78
1991Q3,,,,,,,,,,,,,,,,,,,,,,,,,,,,,,,,,,,,,,,,,,,,,,,,,,,,,,,,,,,,,,,,,,,,,,,,,,,,,,,,,,866986.0,155837.0,380778.0,224599.0,111815.0,236872.0,4164117.0,30518.0,66190.0,21893.0
1991Q4,,,,,,,,,,,,,,,,,,,,,,,,,,,,,,,,,,,,,,,,,,,,,,,,,,,,,,,,,,,,,,,,,,,,,,,,,,,,,,,,,,858430.0,141522.0,343079.0,201903.0,108778.0,235450.0,4124936.0,31391.0,65923.0,23213.0
1992Q1,,,,,,,,,,,,,,,,,,,,,,,,,,,,,,,,,,,,,,,,,,,,,,,,,,,,,,,,,,,,,,,,,,,,,,,,,,,,,,,,,,849854.0,150953.0,367217.0,216325.0,108686.0,234280.0,4128421.0,31890.0,65687.0,24459.0
1992Q2,,,,,,,,,,,,,,,,,,,,,,,,,,,,,,,,,,,,,,,,,,,,,,,,,,,,,,,,,,,,,,,,,,,,,,,,,,,,,,,,,,837159.0,151382.0,368999.0,217530.0,109770.0,234857.0,4115828.0,32654.0,65688.0,25294.0
1992Q3,,,,,,,,,,,,,,,,,,,,,,,,,,,,,,,,,,,,,,,,,,,,,,,,,,,,,,,,,,,,,,,,,,,,,,,,,,,,,,,,,,817100.0,148399.0,362387.0,213700.0,109364.0,230527.0,4058798.0,32669.0,61671.0,25652.0
1992Q4,,,,,,,,,,,,,,,,,,,,,,,,,,,,,,,,,,,,,,,,,,,,,,,,,,,,,,,,,,,,,,,,,,,,,,,,,,,,,,,,,,798926.0,142288.0,345003.0,203029.0,107797.0,227589.0,3989148.0,32888.0,60482.0,25591.0
1993Q1,,,,,,,,,,,,,,,,,,,,,,,,,,,,,,,,,,,,,,,,,,,,,,,,,,,,,,,,,,,,,,,,,,,,,,,,,,,,,,,,,,794458.0,140005.0,340588.0,200641.0,105036.0,229845.0,3950325.0,33372.0,68373.0,25476.0
1993Q2,,,,,,,,,,,,,,,,,,,,,,,,,,,,,,,,,,,,,,,,,,,,,,,,,,,,,,,,,,,,,,,,,,,,,,,,,,,,,,,,,,793275.0,140926.0,343449.0,202450.0,103739.0,226997.0,3990445.0,34078.0,67592.0,25624.0
1993Q3,,,,,,,,,,,,,,,,,,,,,,,,,,,,,,,,,,,,,,,,,,,,,,,,,,,,,,,,,,,,,,,,,,,,,,,,,,,,,,,,,,781485.0,140199.0,342212.0,201769.0,103586.0,224261.0,3966631.0,34770.0,62572.0,26363.0
1993Q4,,,,,,,,,,,,,,,,,,,,,,,,,,,,,,,,,,,,,,,,,,,,,,,,,,,,,,,,,,,,,,,,,,,,,,,,,,,,,,,,,,770840.0,139844.0,339166.0,199592.0,102976.0,224347.0,3950758.0,35358.0,62591.0,27879.0
1994Q1,,,,,,,,,,,,,,,,,,,,,,,,,,,,,,,,,,,,,,,,,,,,,,,,,,,,,,,,,,,,,,,,,,,,,,,,,,,,,,,,,,755089.0,140991.0,342895.0,201958.0,100820.0,220470.0,3919546.0,35866.0,61898.0,29989.0
1994Q2,,,,,,,,,,,,,,,,,,,,,,,,,,,,,,,,,,,,,,,,,,,,,,,,,,,,,,,,,,,,,,,,,,,,,,,,,,,,,,,,,,747914.0,140346.0,341953.0,201545.0,97937.0,216655.0,3901255.0,36359.0,61462.0,32491.0
1994Q3,,,,,,,,,,,,,,,,,,,,,,,,,,,,,,,,,,,,,,,,,,,,,,,,,,,,,,,,,,,,,,,,,,,,,,,,,,,,,,,,,,750754.0,141874.0,346126.0,204034.0,98261.0,220460.0,3949085.0,37500.0,62052.0,34944.0
1994Q4,,,,,,,,,,,,,,,,,,,,,,,,,,,,,,,,,,,,,,,,,,,,,,,,,,,,,,,,,,,,,,,,,,,,,,,,,,,,,,,,,,750682.0,141933.0,344373.0,202678.0,96964.0,220430.0,3948186.0,38713.0,62150.0,37136.0
1995Q1,,,,,,,,,,,,,,,,,,,,,,,,,,,,,,,,,,,,,,,,,,,,,,,,,,,,,,,,,,,,,,,,,,,,,,,,,,,,,,,,,,745644.0,141726.0,344697.0,203014.0,98746.0,222133.0,3955935.0,39810.0,61909.0,38825.0
1995Q2,,,,,,,,,,,,,,,,,,,,,,,,,,,,,,,,,,,,,,,,,,,,,,,,,,,,,,,,,,,,,,,,,,,,,,,,,,,,,,,,,,741897.0,138737.0,337982.0,199200.0,98229.0,222611.0,3929347.0,41248.0,62153.0,39580.0
1995Q3,,,,,,,,,,,,,,,,,,,,,,,,,,,,,,,,,,,,,,,,,,,,,,,,,,,,,,,,,,,,,,,,,,,,,,,,,,,,,,,,,,740104.0,139548.0,340228.0,200494.0,96222.0,223874.0,3935633.0,42145.0,63256.0,39188.0
1995Q4,,,,,,,,,,,,,,,,,,,,,,,,,,,,,,,,,,,,,,,,,,,,,,,,,,,,,,,,,,,,,,,,,,,,,,,,,,,,,,,,,,736810.0,136881.0,336011.0,199318.0,95663.0,223133.0,3924783.0,42603.0,62475.0,37996.0
1996Q1,,,,,,,,,,,,,,,,,,,,,,,,,,,,,,,,,,,,,,,,,,,,,,,,,,,,,,,,,,,,,,,,,,,,,,,,,,,,,,,,,,732781.0,131758.0,327645.0,195914.0,95222.0,221155.0,3904836.0,43816.0,60381.0,36690.0
1996Q2,,,,,,,,,,,,,,,,,,,,,,,,,,,,,,,,,,,,,,,,,,,,,,,,,,,,,,,,,,,,,,,,,,,,,,,,,,,,,,,,,,722995.0,127701.0,321747.0,194025.0,94360.0,221986.0,3897561.0,43973.0,62510.0,36034.0
1996Q3,,,,,,,,,,,,,,,,,,,,,,,,,,,,,,,,,,,,,,,,,,,,,,,,,,,,,,,,,,,,,,,,,,,,,,,,,,,,,,,,,,713786.0,124484.0,317307.0,192703.0,92296.0,219178.0,3877640.0,43676.0,62336.0,36317.0
1996Q4,,,,,,,,,,,,,,,,,,,,,,,,,,,,,,,,,,,,,,,,,,,,,,,,,,,,,,,,,,,,,,,,,,,,,,,,,,,,,,,,,,705644.0,122043.0,313803.0,191867.0,92324.0,218017.0,3868789.0,43611.0,61733.0,37848.0
1997Q1,,,,,,,,,,,,,,,,,,,,,,,,,,,,,,,,,,,,,,,,,,,,,,,,,,,,,,,,,,,,,,,,,,,,,,,,,,,,,,,,,,702840.0,118739.0,309229.0,190504.0,91976.0,217249.0,3857299.0,43773.0,61921.0,40392.0
1997Q2,,,,,,,,,,,,,,,,,,,,,,,,,,,,,,,,,,,,,,,,,,,,,,,,,,,,,,,,,,,,,,,,,,,,,,,,,,,,,,,,,,700604.0,115758.0,305641.0,189889.0,92069.0,217612.0,3847034.0,44290.0,62325.0,43191.0
1997Q3,,,,,,,,,,,,,,,,,,,,,,,,,,,,,,,,,,,,,,,,,,,,,,,,,,,,,,,,,,,,,,,,,,,,,,,,,,,,,,,,,,696128.0,111802.0,298558.0,186677.0,91079.0,212793.0,3863920.0,45675.0,61666.0,45831.0
1997Q4,,,,,,,,,,,,,,,,,,,,,,,,,,,,,,,,,,,,,,,,,,,,,,,,,,,,,,,,,,,,,,,,,,,,,,,,,,,,,,,,,,689757.0,110969.0,299474.0,188557.0,90811.0,213452.0,3863558.0,46677.0,61610.0,48130.0
1998Q1,,,,,,,,,,,,,,,,,,,,,,,,,,,,,,,,,,,,,,,,,,,,,,,,,,,,,,,,,,,,,,,,,,,,,,,,,,,,,,,,,,692731.0,109139.0,298360.0,189228.0,90665.0,212698.0,3875406.0,46186.0,61993.0,50075.0
1998Q2,,,,,,,,,,,,,,,,,,,,,,,,,,,,,,,,,,,,,,,,,,,,,,,,,,,,,,,,,,,,,,,,,,,,,,,,,,,,,,,,,,692229.0,107447.0,297813.0,190388.0,92378.0,214151.0,3892558.0,45944.0,62163.0,51800.0
1998Q3,,,,,,,,,,,,,,,,,,,,,,,,,,,,,,,,,,,,,,,,,,,,,,,,,,,,,,,,,,,,,,,,,,,,,,,,,,,,,,,,,,689825.0,105556.0,296120.0,190517.0,91916.0,214746.0,3899082.0,46385.0,62001.0,53504.0
1998Q4,,,,,,,,,,,,,,,,,,,,,,,,,,,,,,,,,,,,,,,,,,,,,,,,,,,,,,,,,,,,,,,,,,,,,,,,,,,,,,,,,,688416.0,103937.0,291187.0,187264.0,91177.0,215137.0,3909041.0,45819.0,63521.0,55451.0
1999Q1,,,,,,,,,,,,,,,,,,,,,,,,,,,,,,,,,,,,,,,,,,,,,,,,,,,,,,,,,,,,,,,,,,,,,,,,,,,,,,,,,,687449.0,103982.0,291200.0,187213.0,90916.0,217567.0,3927497.0,46415.0,65569.0,57906.0
1999Q2,,,,,,,,,,,,,,,,,,,,,,,,,,,,,,,,,,,,,,,,,,,,,,,,,,,,,,,,,,,,,,,,,,,,,,,,,,,,,,,,,,684941.0,104595.0,293097.0,188551.0,91942.0,220606.0,3955935.0,47893.0,67487.0,60869.0
1999Q3,,,,,,,,,,,,,,,,,,,,,,,,,,,,,,,,,,,,,,,,,,,,,,,,,,,,,,,,,,,,,,,,,,,,,,,,,,,,,,,,,,683722.0,103884.0,290792.0,186859.0,92904.0,225253.0,3982049.0,49022.0,69087.0,64601.0
1999Q4,,,,,,,,,,,,,,,,,,,,,,,,,,,,,,,,,,,,,,,,,,,,,,,,,,,,,,,,,,,,,,,,,,,,,,,,,,,,,,,,,,686877.0,105159.0,294038.0,188891.0,92509.0,228005.0,4020560.0,49940.0,71110.0,69154.0
2000Q1,,,,,,,,,,,,,,,,,,,,,,,,,,,,,,,,,,,,,,,,,,,,,,,,,,,,,,,,,,,,,,,,,,,,,,,,,,,,,,,,,,688321.0,106606.0,297961.0,191327.0,92792.0,231714.0,4050355.0,52169.0,72355.0,73671.0
2000Q2,,,,,,,,,,,,,,,,,,,,,,,,,,,,,,,,,,,,,,,,,,,,,,,,,,,,,,,,,,,,,,,,,,,,,,,,,,,,,,,,,,691169.0,104615.0,292516.0,187974.0,93420.0,233243.0,4077341.0,52456.0,73644.0,76676.0
2000Q3,,,,,,,,,,,,,,,,,,,,,,,,,,,,,,,,,,,,,,,,,,,,,,,,,,,,,,,,,,,,,,,,,,,,,,,,,,,,,,,,,,695578.0,105798.0,295561.0,189709.0,95672.0,233928.0,4085989.0,51632.0,72344.0,77498.0
2000Q4,,,,,,,,,,,,,,,,,,,,,,,,,,,,,,,,,,,,,,,,,,,,,,,,,,,,,,,,,,,,,,,,,,,,,,,,,,,,,,,,,,699226.0,106235.0,296584.0,190363.0,96336.0,237998.0,4117023.0,52063.0,74801.0,76174.0
2001Q1,,,,,,,,,,,,,,,,,,,,,,,,,,,,,,,,,,,,,,,,,,,,,,,,,,,,,,,,,,,,,,,,,,,,,,,,,,,,,,,,,,703757.0,107123.0,298985.0,191813.0,98186.0,238273.0,4140454.0,52160.0,74323.0,73706.0
2001Q2,,,,,,,,,,,,,,,,,,,,,,,,,,,,,,,,,,,,,,,,,,,,,,,,,,,,,,,,,,,,,,,,,,,,,,,,,,,,,,,,,,703868.0,107641.0,300533.0,192985.0,98610.0,238341.0,4134446.0,51425.0,72642.0,70380.0
2001Q3,,,,,,,,,,,,,,,,,,,,,,,,,,,,,,,,,,,,,,,,,,,,,,,,,,,,,,,,,,,,,,,,,,,,,,,,,,,,,,,,,,705539.0,107729.0,300448.0,192665.0,99814.0,239368.0,4145709.0,51087.0,72116.0,67667.0
2001Q4,,,,,,,,,,,,,,,,,,,,,,,,,,,,,,,,,,,,,,,,,,,,,,,,,,,,,,,,,,,,,,,,,,,,,,,,,,,,,,,,,,704040.0,105910.0,296043.0,190147.0,100688.0,240354.0,4150568.0,51538.0,73188.0,65873.0
2002Q1,,,,,,,,,,,,,,,,,,,,,,,,,,,,,,,,,,,,,,,,,,,,,,,,,,,,,,,,,,,,,,,,,,,,,,,,,,,,,,,,,,696610.0,106630.0,298792.0,192103.0,97307.0,233695.0,4151476.0,49765.0,72445.0,64722.0
2002Q2,,,,,,,,,,,,,,,,,,,,,,,,,,,,,,,,,,,,,,,,,,,,,,,,,,,,,,,,,,,,,,,,,,,,,,,,,,,,,,,,,,692281.0,106202.0,298523.0,192415.0,99915.0,235956.0,4143304.0,49523.0,72303.0,63668.0
2002Q3,,,,,,,,,,,,,,,,,,,,,,,,,,,,,,,,,,,,,,,,,,,,,,,,,,,,,,,,,,,,,,,,,,,,,,,,,,,,,,,,,,687027.0,106496.0,299851.0,193309.0,101090.0,236925.0,4163270.0,50559.0,70405.0,62824.0
2002Q4,,,,,,,,,,,,,,,,,,,,,,,,,,,,,,,,,,,,,,,,,,,,,,,,,,,,,,,,,,,,,,,,,,,,,,,,,,,,,,,,,,681368.0,106368.0,300185.0,193827.0,99846.0,233541.0,4138112.0,50305.0,67337.0,62078.0
2003Q1,,,,,,,,,,,,,,,,,,,,,,,,,,,,,,,,,,,,,,,,,,,,,,,,,,,,,,,,,,,,,,,,,,,,,,,,,,,,,,,,,,674146.0,105747.0,299129.0,193319.0,99663.0,231574.0,4127008.0,50207.0,66230.0,61586.0
2003Q2,,,,,,,,,,,,,,,,,,,,,,,,,,,,,,,,,,,,,,,,,,,,,,,,,,,,,,5054.0,1681.0,611.0,571.0,5238.0,7105.0,26167.0,1102.0,10562.0,36729.0,3958.0,978.0,783.0,1507.0,3436.0,1422.0,786.0,945.0,3678.0,1250.0,5290.0,5744.0,4924.0,7608.0,36729.0,2421.0,2574.0,8169.0,674432.0,105667.0,300031.0,194456.0,100098.0,231356.0,4126044.0,49911.0,66163.0,61436.0
2003Q3,,,,,,,,,,,,,,,,,,,,,,,,,,,,,,,,,,,,,,,,,,,,,,,,,,,,,,4022.0,1299.0,547.0,365.0,3930.0,5670.0,21088.0,896.0,8131.0,29219.0,3487.0,770.0,611.0,1971.0,2403.0,967.0,457.0,828.0,2701.0,938.0,4223.0,3914.0,3348.0,7036.0,29219.0,1931.0,2602.0,6165.0,665353.0,104875.0,298242.0,193329.0,100093.0,231617.0,4125373.0,49436.0,66874.0,61589.0
2003Q4,,,,,,,,,,,,,,,,,,,,,,,,,,,,,,,,,,,,,,,,,,,,,,,,,,,,,,4507.0,1439.0,613.0,467.0,3632.0,5725.0,20764.0,1125.0,8278.0,29043.0,2646.0,800.0,604.0,1715.0,2615.0,1108.0,561.0,1144.0,2187.0,1138.0,4242.0,4623.0,3631.0,5850.0,29043.0,864.0,2412.0,7421.0,665626.0,106049.0,302190.0,196147.0,100858.0,229558.0,4142580.0,49547.0,65660.0,62146.0
2004Q1,,,,,,,,,,,,,,,,,,,,,,,,,,,,,,,,,,,,,,,,,,,,,,,,,,,,,,6800.0,1799.0,914.0,765.0,4070.0,8260.0,28975.0,1447.0,11302.0,40276.0,3334.0,1571.0,1393.0,3041.0,3888.0,1709.0,883.0,1081.0,2458.0,1303.0,5743.0,6853.0,5254.0,6859.0,40276.0,1331.0,4346.0,9890.0,663104.0,105183.0,300498.0,195257.0,100238.0,232615.0,4148869.0,50773.0,66919.0,63132.0
2004Q2,,,,,,,,,,,,,,,,,,,,,,,,,,,,,,,,,,,,,,,,,,,,,,,,,,,,,,7124.0,2172.0,1068.0,768.0,4629.0,7050.0,27519.0,1684.0,12152.0,39672.0,2352.0,1453.0,1263.0,3118.0,4041.0,1757.0,760.0,1103.0,2999.0,1203.0,6111.0,6821.0,5003.0,6870.0,39672.0,1792.0,3853.0,9222.0,662205.0,103158.0,295955.0,192878.0,100040.0,230836.0,4153051.0,51439.0,65832.0,64481.0
2004Q3,,,,,,,,,,,,,,,,,,,,,,,,,,,,,,,,,,,,,,,,,,,,,,,,,,,,,,5942.0,1671.0,900.0,725.0,3030.0,5212.0,21991.0,1121.0,9286.0,31277.0,2044.0,1519.0,1312.0,3010.0,3181.0,1322.0,622.0,719.0,2235.0,1007.0,4501.0,5576.0,3253.0,5342.0,31277.0,1303.0,2731.0,8570.0,665658.0,104797.0,301104.0,196278.0,100451.0,230137.0,4154345.0,52236.0,64550.0,65955.0
2004Q4,,,,,,,,,,,,,,,,,,,,,,,,,,,,,,,,,,,,,,,,,,,,,,,,,,,,,,5591.0,1486.0,915.0,740.0,3263.0,4968.0,21872.0,1454.0,9100.0,30972.0,1932.0,1574.0,1381.0,2905.0,3122.0,1325.0,631.0,553.0,2221.0,1188.0,4811.0,5798.0,3283.0,5416.0,30972.0,736.0,2878.0,8049.0,661567.0,105001.0,302181.0,197185.0,101356.0,231198.0,4162903.0,52572.0,65120.0,67640.0
2005Q1,,,,,,,,,,,,,,,,,,,,,,,,,,,,,,,,,,,,,,,,,,,,,,,,,,,,,,6404.0,1495.0,944.0,794.0,4060.0,5971.0,24647.0,1281.0,10735.0,35382.0,2273.0,1848.0,1611.0,3379.0,3385.0,1379.0,398.0,1104.0,2500.0,1130.0,5354.0,6545.0,4739.0,5110.0,35382.0,1027.0,2998.0,9610.0,665570.0,103419.0,298433.0,194961.0,103157.0,230231.0,4160985.0,51820.0,63187.0,69907.0
2005Q2,,,,,,,,,,,,,,,,,,,,,,,,,,,,,,,,,,,,,,,,,,,,,,,,,,,,,,6462.0,1513.0,999.0,884.0,3481.0,5517.0,25152.0,1195.0,10252.0,35404.0,2051.0,1530.0,1317.0,3405.0,4206.0,1727.0,592.0,1209.0,2678.0,1042.0,5144.0,6351.0,4265.0,6345.0,35404.0,1022.0,2934.0,9343.0,664902.0,104637.0,303536.0,198972.0,102409.0,228995.0,4177620.0,52475.0,62350.0,73523.0
2005Q3,,,,,,,,,,,,,,,,,,,,,,,,,,,,,,,,,,,,,,,,,,,,,,,,,,,,,,7067.0,1634.0,1169.0,879.0,3021.0,5904.0,25769.0,1263.0,10384.0,36153.0,2747.0,1499.0,1310.0,3544.0,3950.0,1609.0,615.0,669.0,2713.0,1257.0,5948.0,6513.0,4114.0,6683.0,36153.0,1073.0,2793.0,9029.0,669245.0,105394.0,306886.0,201469.0,103238.0,229611.0,4201755.0,51723.0,63012.0,78067.0
2005Q4,,,,,,,,,,,,,,,,,,,,,,,,,,,,,,,,,,,,,,,,,,,,,,,,,,,,,,8642.0,2185.0,1570.0,894.0,3780.0,5919.0,28123.0,1332.0,12823.0,40946.0,1850.0,1781.0,1561.0,4384.0,4857.0,2041.0,864.0,737.0,2838.0,1520.0,6116.0,7179.0,4335.0,5273.0,40946.0,1539.0,3553.0,12952.0,670879.0,105863.0,307547.0,201687.0,105436.0,230092.0,4209352.0,50911.0,62313.0,83386.0
2006Q1,,,,,,,,,,,,,,,,,,,,,,,,,,,,,,,,,,,,,,,,,,,,,,,,,,,,,,10763.0,3037.0,1881.0,1184.0,4868.0,7492.0,34611.0,1616.0,16057.0,50667.0,3269.0,2501.0,2233.0,4911.0,6004.0,2480.0,914.0,1199.0,3002.0,1224.0,7822.0,8617.0,6192.0,6697.0,50667.0,2132.0,4524.0,14685.0,672360.0,105155.0,306235.0,201033.0,105470.0,229621.0,4237777.0,50737.0,62236.0,88968.0
2006Q2,,,,,,,,,,,,,,,,,,,,,,,,,,,,,,,,,,,,,,,,,,,,,,,,,,,,,,11552.0,3037.0,1833.0,1353.0,5489.0,6752.0,35211.0,1941.0,17530.0,52742.0,2890.0,2408.0,2145.0,5106.0,6410.0,2670.0,861.0,1615.0,3422.0,1137.0,8025.0,9335.0,6621.0,7803.0,52742.0,1470.0,5937.0,13551.0,679474.0,105637.0,309500.0,203927.0,105065.0,229602.0,4256314.0,50890.0,62647.0,93975.0
2006Q3,,,,,,,,,,,,,,,,,,,,,,,,,,,,,,,,,,,,,,,,,,,,,,,,,,,,,,11237.0,3086.0,1779.0,1462.0,4592.0,7158.0,35502.0,1656.0,16333.0,51835.0,3145.0,2521.0,2261.0,5100.0,6314.0,2631.0,971.0,1112.0,3657.0,1237.0,7928.0,9637.0,6294.0,7760.0,51835.0,1528.0,4741.0,13948.0,687689.0,106501.0,312205.0,205685.0,105908.0,230964.0,4303353.0,51380.0,62528.0,96187.0
2006Q4,,,,,,,,,,,,,,,,,,,,,,,,,,,,,,,,,,,,,,,,,,,,,,,,,,,,,,11896.0,3572.0,1897.0,1580.0,4295.0,8225.0,40329.0,1996.0,16667.0,56996.0,3659.0,3558.0,3327.0,4884.0,6915.0,2909.0,1014.0,1166.0,4271.0,1732.0,9033.0,8965.0,7159.0,9387.0,56996.0,1881.0,4748.0,15823.0,696137.0,107411.0,314406.0,206997.0,106944.0,233754.0,4336998.0,52422.0,62589.0,95784.0
2007Q1,,,,,,,,,,,,,,,,,,,,,,,,,,,,,,,,,,,,,,,,,,,,,,,,,,,,,,14255.0,3594.0,2233.0,1970.0,6195.0,9156.0,44362.0,2347.0,21054.0,65416.0,4841.0,3444.0,3094.0,5120.0,7632.0,3302.0,1092.0,1456.0,3887.0,2084.0,10170.0,12366.0,8490.0,8620.0,65416.0,1990.0,6423.0,17357.0,701150.0,108172.0,317568.0,209352.0,107629.0,233708.0,4364087.0,52178.0,62369.0,94997.0
2007Q2,,,,,,,,,,,,,,,,,,,,,,,,,,,,,,,,,,,,,,,,,,,,,,,,,,,,,,15629.0,4355.0,2569.0,2328.0,6157.0,10562.0,49924.0,2973.0,22489.0,72413.0,4708.0,3784.0,3411.0,5324.0,8846.0,3868.0,1293.0,1965.0,4671.0,1930.0,11475.0,12509.0,10226.0,10580.0,72413.0,2480.0,6530.0,18613.0,705952.0,107815.0,318876.0,211123.0,108341.0,234556.0,4407021.0,52510.0,62175.0,95027.0
2007Q3,,,,,,,,,,,,,,,,,,,,,,,,,,,,,,,,,,,,,,,,,,,,,,,,,,,,,,15838.0,4608.0,2627.0,2249.0,5376.0,11688.0,50862.0,2795.0,21916.0,72778.0,4607.0,3916.0,3397.0,5164.0,9212.0,4034.0,1233.0,1159.0,4512.0,2543.0,13407.0,12974.0,9269.0,9712.0,72778.0,1780.0,6997.0,18639.0,708563.0,108746.0,321815.0,213058.0,108410.0,235239.0,4441193.0,53194.0,62025.0,97057.0
2007Q4,,,,,,,,,,,,,,,,,,,,,,,,,,,,,,,,,,,,,,,,,,,,,,,,,,,,,,14757.0,4178.0,2701.0,2363.0,5278.0,12579.0,49027.0,2690.0,20746.0,69773.0,4137.0,4034.0,3669.0,5212.0,8099.0,3511.0,1559.0,1311.0,4182.0,1713.0,10644.0,12535.0,10158.0,9640.0,69773.0,2155.0,6570.0,18072.0,714506.0,111121.0,327703.0,216574.0,109067.0,236684.0,4485214.0,54040.0,61449.0,101269.0
2008Q1,,,,,,,,,,,,,,,,,,,,,,,,,,,,,,,,,,,,,,,,,,,,,,,,,,,,,,16347.0,4345.0,2855.0,2629.0,5792.0,13430.0,55235.0,3354.0,22980.0,78215.0,4996.0,4380.0,3875.0,6010.0,8710.0,3822.0,1520.0,2155.0,4771.0,2085.0,12319.0,14349.0,12508.0,10494.0,78215.0,2379.0,8146.0,18021.0,721509.0,111001.0,328571.0,217540.0,110622.0,239056.0,4523265.0,54617.0,61622.0,106272.0
2008Q2,,,,,,,,,,,,,,,,,,,,,,,,,,,,,,,,,,,,,,,,,,,,,,,,,,,,,,15605.0,3854.0,2939.0,2310.0,6810.0,13611.0,52871.0,2954.0,23204.0,76075.0,5305.0,4125.0,3730.0,5097.0,8224.0,3679.0,1450.0,1938.0,4977.0,1509.0,11374.0,13921.0,10943.0,11443.0,76075.0,2114.0,6874.0,19406.0,728148.0,108769.0,324834.0,216112.0,110995.0,240988.0,4559783.0,55387.0,62119.0,108457.0
2008Q3,,,,,,,,,,,,,,,,,,,,,,,,,,,,,,,,,,,,,,,,,,,,,,,,,,,,,,15119.0,3788.0,2685.0,2144.0,6398.0,13381.0,50994.0,3079.0,22323.0,73317.0,5014.0,4014.0,3599.0,4512.0,7561.0,3422.0,1382.0,1319.0,5669.0,1640.0,11490.0,13066.0,10406.0,11328.0,73317.0,1697.0,6901.0,18429.0,730729.0,108585.0,325108.0,216532.0,111220.0,241356.0,4572798.0,55449.0,61568.0,105316.0
2008Q4,,,,,,,,,,,,,,,,,,,,,,,,,,,,,,,,,,,,,,,,,,,,,,,,,,,,,,9126.0,1844.0,1580.0,1188.0,4272.0,8388.0,38083.0,1914.0,13983.0,52066.0,2803.0,2852.0,2512.0,3424.0,6413.0,2732.0,1339.0,1442.0,5174.0,1602.0,7775.0,9825.0,6947.0,8230.0,52066.0,1183.0,4648.0,13459.0,725037.0,108983.0,323458.0,214453.0,110608.0,240237.0,4551254.0,55326.0,61111.0,98040.0
2009Q1,,,,,,,,,,,,,,,,,,,,,,,,,,,,,,,,,,,,,,,,,,,,,,,,,,,,,,6981.0,946.0,1020.0,809.0,3919.0,7023.0,37978.0,1635.0,11555.0,49533.0,4079.0,2600.0,2390.0,3424.0,5922.0,2486.0,1411.0,1716.0,5924.0,1758.0,8507.0,9164.0,6782.0,7565.0,49533.0,1175.0,4682.0,11658.0,718459.0,109257.0,324586.0,215305.0,110646.0,238950.0,4545635.0,55395.0,59859.0,90801.0
2009Q2,,,,,,,,,,,,,,,,,,,,,,,,,,,,,,,,,,,,,,,,,,,,,,,,,,,,,,6289.0,1078.0,979.0,724.0,4104.0,7598.0,38142.0,1718.0,10953.0,49095.0,3178.0,2235.0,2022.0,3279.0,6361.0,2685.0,1361.0,1815.0,5973.0,1938.0,7635.0,10003.0,6209.0,7652.0,49095.0,2115.0,4224.0,11258.0,707157.0,108461.0,323862.0,215448.0,110878.0,235897.0,4523448.0,54896.0,57385.0,85624.0
2009Q3,,,,,,,,,,,,,,,,,,,,,,,,,,,,,,,,,,,,,,,,,,,,,,,,,,,,,,6101.0,1224.0,881.0,715.0,3764.0,7538.0,34232.0,1644.0,10430.0,44662.0,2662.0,2108.0,1875.0,3719.0,5916.0,2113.0,1280.0,983.0,5003.0,1266.0,6913.0,8794.0,4621.0,7143.0,44662.0,1258.0,4413.0,11521.0,697622.0,109624.0,326255.0,216637.0,110427.0,233586.0,4519996.0,54131.0,56603.0,83867.0
2009Q4,,,,,,,,,,,,,,,,,,,,,,,,,,,,,,,,,,,,,,,,,,,,,,,,,,,,,,6496.0,1005.0,1198.0,726.0,3978.0,7780.0,35810.0,1709.0,10991.0,46800.0,2979.0,2311.0,1960.0,4164.0,6335.0,1912.0,1183.0,1002.0,4521.0,1913.0,6519.0,8812.0,5562.0,7420.0,46800.0,1065.0,4309.0,13114.0,694355.0,111364.0,327636.0,216260.0,110252.0,231747.0,4534815.0,53972.0,55077.0,86493.0
2010Q1,,,,,,,,,,,,,,,,,,,,,,,,,,,,,,,,,,,,,,,,,,,,,,,,,,,,,,7995.0,1304.0,1551.0,1039.0,4640.0,8420.0,38012.0,1968.0,13150.0,51162.0,3601.0,2425.0,2072.0,4587.0,6465.0,1612.0,1303.0,1467.0,4731.0,1433.0,8032.0,8414.0,6413.0,7646.0,51162.0,1392.0,5565.0,13700.0,692551.0,111941.0,329877.0,217916.0,111500.0,232297.0,4551544.0,53721.0,54428.0,92562.0
2010Q2,,,,,,,,,,,,,,,,,,,,,,,,,,,,,,,,,,,,,,,,,,,,,,,,,,,,,,10017.0,1897.0,2103.0,1247.0,5146.0,9331.0,40798.0,2329.0,15798.0,56596.0,2271.0,2646.0,2176.0,4535.0,8186.0,1719.0,1281.0,1636.0,5262.0,1601.0,8608.0,9940.0,6950.0,8715.0,56596.0,1355.0,4810.0,16217.0,692406.0,111727.0,331552.0,219874.0,111476.0,232756.0,4563553.0,53602.0,54752.0,99620.0
2010Q3,,,,,,,,,,,,,,,,,,,,,,,,,,,,,,,,,,,,,,,,,,,,,,,,,,,,,,10288.0,2166.0,2172.0,1358.0,4431.0,10184.0,41645.0,1880.0,15385.0,57031.0,3199.0,3017.0,2540.0,4905.0,7937.0,1858.0,1339.0,1268.0,4499.0,1559.0,9544.0,9517.0,6347.0,8938.0,57031.0,1317.0,5219.0,16149.0,693000.0,111666.0,331736.0,220063.0,111712.0,232929.0,4575861.0,54185.0,54347.0,103729.0
2010Q4,,,,,,,,,,,,,,,,,,,,,,,,,,,,,,,,,,,,,,,,,,,,,,,,,,,,,,11253.0,2280.0,2572.0,1543.0,4578.0,8392.0,39573.0,1865.0,16560.0,56133.0,2783.0,3306.0,2615.0,4902.0,7985.0,1861.0,1472.0,967.0,4766.0,1274.0,9588.0,8807.0,6535.0,8208.0,56133.0,1127.0,4846.0,17023.0,697396.0,111628.0,335183.0,223523.0,113213.0,234084.0,4600240.0,54678.0,53403.0,104942.0
2011Q1,,,,,,,,,,,,,,,,,,,,,,,,,,,,,,,,,,,,,,,,,,,,,,,,,,,,,,13419.0,2702.0,3151.0,1870.0,5133.0,10299.0,45270.0,1867.0,19336.0,64606.0,4295.0,3539.0,2583.0,5251.0,8739.0,1662.0,1363.0,1298.0,5498.0,1460.0,11223.0,10421.0,8147.0,9654.0,64606.0,1789.0,5536.0,17836.0,696543.0,111037.0,333101.0,222029.0,111642.0,237134.0,4590440.0,56984.0,54119.0,105655.0
2011Q2,,,,,,,,,,,,,,,,,,,,,,,,,,,,,,,,,,,,,,,,,,,,,,,,,,,,,,13533.0,2642.0,3173.0,1810.0,5060.0,10700.0,45131.0,2038.0,19332.0,64463.0,3180.0,3573.0,2744.0,5034.0,8868.0,1358.0,1376.0,1467.0,5791.0,1745.0,11538.0,10353.0,7181.0,9559.0,64463.0,1452.0,6352.0,18028.0,698938.0,111554.0,333352.0,221861.0,113489.0,234810.0,4620674.0,55543.0,52169.0,106352.0
2011Q3,,,,,,,,,,,,,,,,,,,,,,,,,,,,,,,,,,,,,,,,,,,,,,,,,,,,,,10728.0,1975.0,2633.0,1350.0,4436.0,9828.0,40339.0,1977.0,15571.0,55910.0,2723.0,2933.0,2152.0,3974.0,8192.0,1324.0,1625.0,997.0,5093.0,1674.0,10011.0,9094.0,6524.0,8335.0,55910.0,1508.0,5501.0,14937.0,698756.0,111441.0,334779.0,223332.0,114351.0,235842.0,4630144.0,55767.0,52009.0,105796.0
2011Q4,,,,,,,,,,,,,,,,,,,,,,,,,,,,,,,,,,,,,,,,,,,,,,,,,,,,,,9931.0,1525.0,2747.0,1230.0,4060.0,8423.0,37016.0,1954.0,14419.0,51435.0,1904.0,2801.0,2157.0,3751.0,7811.0,1216.0,1415.0,1140.0,5131.0,1471.0,8936.0,8573.0,5908.0,7342.0,51435.0,1441.0,4996.0,14240.0,699048.0,110363.0,336792.0,226374.0,114346.0,235425.0,4643261.0,55490.0,51558.0,105703.0
2012Q1,,,,,,,,,,,,,,,,,,,,,,,,,,,,,,,,,,,,,,,,,,,,,,,,,,,,,,10945.0,2052.0,2636.0,1414.0,5494.0,8414.0,41281.0,1869.0,16965.0,58246.0,3063.0,2641.0,2023.0,4303.0,8469.0,1868.0,1532.0,1535.0,6032.0,1554.0,10558.0,9949.0,7916.0,7296.0,58246.0,1629.0,5565.0,15333.0,701097.0,111419.0,338204.0,226748.0,114295.0,234341.0,4671697.0,55451.0,50044.0,112594.0
2012Q2,,,,,,,,,,,,,,,,,,,,,,,,,,,,,,,,,,,,,,,,,,,,,,,,,,,,,,10537.0,2002.0,2502.0,1335.0,4535.0,8384.0,39882.0,1927.0,15530.0,55413.0,2216.0,2361.0,1871.0,4129.0,8390.0,1598.0,1483.0,1814.0,6231.0,1350.0,9828.0,9540.0,6629.0,7652.0,55413.0,1459.0,5544.0,14762.0,700843.0,112375.0,338664.0,226346.0,116196.0,236277.0,4700604.0,55684.0,49909.0,111578.0
2012Q3,,,,,,,,,,,,,,,,,,,,,,,,,,,,,,,,,,,,,,,,,,,,,,,,,,,,,,9957.0,1699.0,2139.0,1390.0,4402.0,9052.0,38520.0,1866.0,14803.0,53323.0,1961.0,2658.0,2115.0,3808.0,7574.0,1521.0,1542.0,1213.0,6372.0,951.0,8897.0,9772.0,6355.0,7716.0,53323.0,1286.0,5834.0,13463.0,699065.0,112879.0,342494.0,229633.0,117529.0,237881.0,4735742.0,55403.0,49939.0,112888.0
2012Q4,,,,,,,,,,,,,,,,,,,,,,,,,,,,,,,,,,,,,,,,,,,,,,,,,,,,,,8889.0,1736.0,1938.0,1044.0,3773.0,9130.0,38280.0,1584.0,13147.0,51427.0,2493.0,2699.0,2022.0,3391.0,7429.0,1563.0,1432.0,1269.0,6031.0,1259.0,8943.0,9013.0,5818.0,7182.0,51427.0,1005.0,5234.0,14233.0,694567.0,112079.0,342822.0,230683.0,118946.0,239479.0,4747573.0,55559.0,49984.0,112092.0
2013Q1,,,,,,,,,,,,,,,,,,,,,,,,,,,,,,,,,,,,,,,,,,,,,,,,,,,,,,9622.0,2003.0,2048.0,1175.0,4865.0,8441.0,42638.0,1914.0,15047.0,57685.0,3132.0,3069.0,2233.0,4257.0,8605.0,1856.0,1372.0,1904.0,6667.0,1421.0,10106.0,9909.0,7054.0,8090.0,57685.0,1207.0,6269.0,15049.0,692322.0,114248.0,343533.0,229251.0,118529.0,239130.0,4763721.0,55063.0,50274.0,111339.0
2013Q2,,,,,,,,,,,,,,,,,,,,,,,,,,,,,,,,,,,,,,,,,,,,,,,,,,,,,,10023.0,2064.0,2166.0,1223.0,3888.0,8579.0,43470.0,1842.0,14426.0,57896.0,3294.0,3535.0,2826.0,3732.0,9211.0,1828.0,1804.0,1832.0,6034.0,1777.0,10121.0,10882.0,6919.0,8191.0,57896.0,1124.0,5690.0,14969.0,689916.0,115548.0,345179.0,229669.0,118853.0,240344.0,4777824.0,55384.0,49819.0,112353.0
2013Q3,,,,,,,,,,,,,,,,,,,,,,,,,,,,,,,,,,,,,,,,,,,,,,,,,,,,,,10363.0,1871.0,2270.0,1082.0,4051.0,7347.0,42423.0,2139.0,14788.0,57211.0,3344.0,3964.0,3215.0,3847.0,8377.0,1990.0,2015.0,1215.0,6333.0,1851.0,8869.0,10140.0,7028.0,9104.0,57211.0,1488.0,6054.0,14528.0,691569.0,116254.0,346882.0,230621.0,119774.0,239694.0,4792349.0,55922.0,48461.0,115546.0
2013Q4,,,,,,,,,,,,,,,,,,,,,,,,,,,,,,,,,,,,,,,,,,,,,,,,,,,,,,9900.0,1736.0,2044.0,1119.0,3751.0,8475.0,41392.0,1826.0,14000.0,55392.0,2301.0,3645.0,2696.0,3757.0,9038.0,2244.0,1759.0,763.0,6117.0,1467.0,8682.0,9063.0,7051.0,8167.0,55392.0,1179.0,5815.0,15435.0,693779.0,115124.0,347166.0,232037.0,119009.0,239548.0,4795164.0,55705.0,49252.0,114501.0
2014Q1,,,,,,,,,,,,,,,,,,,,,,,,,,,,,,,,,,,,,,,,,,,,,,,,,,,,,,11332.0,2344.0,2155.0,1357.0,4596.0,8482.0,45540.0,2002.0,16304.0,61844.0,3926.0,4044.0,3218.0,4360.0,8781.0,2473.0,1899.0,1408.0,6413.0,1754.0,10764.0,10563.0,7237.0,9055.0,61844.0,1444.0,5947.0,16834.0,693774.0,115224.0,348200.0,232912.0,120007.0,241469.0,4810684.0,55908.0,49854.0,114650.0
2014Q2,,,,,,,,,,,,,,,,,,,,,,,,,,,,,,,,,,,,,,,,,,,,,,,,,,,,,,11643.0,2223.0,2367.0,1311.0,3687.0,9831.0,44014.0,1889.0,15694.0,59709.0,3085.0,3413.0,2450.0,4409.0,7863.0,2008.0,2021.0,1163.0,6620.0,1711.0,10111.0,10734.0,6507.0,9832.0,59709.0,1269.0,5150.0,16106.0,691806.0,118486.0,349939.0,231464.0,120229.0,241893.0,4814991.0,55683.0,49723.0,114085.0
2014Q3,,,,,,,,,,,,,,,,,,,,,,,,,,,,,,,,,,,,,,,,,,,,,,,,,,,,,,10398.0,2024.0,2001.0,1181.0,3118.0,9383.0,43261.0,2001.0,14083.0,57344.0,3235.0,3437.0,2559.0,4425.0,8332.0,2047.0,2014.0,824.0,5873.0,1689.0,9924.0,9342.0,6297.0,9241.0,57344.0,1087.0,5643.0,15810.0,694439.0,116758.0,349034.0,232284.0,121485.0,241739.0,4830924.0,55234.0,49396.0,116130.0
2014Q4,,,,,,,,,,,,,,,,,,,,,,,,,,,,,,,,,,,,,,,,,,,,,,,,,,,,,,9937.0,2270.0,2008.0,1208.0,3291.0,8825.0,41684.0,2108.0,13736.0,55420.0,2588.0,3489.0,2541.0,4240.0,7427.0,1508.0,1844.0,1479.0,6442.0,1733.0,9336.0,8566.0,6405.0,7938.0,55420.0,1469.0,6019.0,15687.0,693601.0,114956.0,347652.0,232690.0,120573.0,241139.0,4841940.0,55961.0,49261.0,113386.0
2015Q1,,,,,,,,,,,,,,,,,,,,,,,,,,,,,,,,,,,,,,,,,,,,,,,,,,,,,,8537.0,1362.0,1809.0,1002.0,4334.0,8744.0,44090.0,2198.0,13478.0,57568.0,3706.0,3566.0,2676.0,4440.0,7141.0,1881.0,2056.0,1131.0,7027.0,2199.0,9559.0,10133.0,6577.0,7805.0,57568.0,1272.0,6051.0,16171.0,692275.0,115459.0,350291.0,234753.0,121599.0,242903.0,4849258.0,56544.0,49328.0,112143.0
2015Q2,,,,,,,,,,,,,,,,,,,,,,,,,,,,,,,,,,,,,,,,,,,,,,,,,,,,,,8153.0,1461.0,1618.0,986.0,3259.0,8096.0,41980.0,2074.0,11906.0,53885.0,3016.0,3600.0,2744.0,4525.0,7319.0,2028.0,1783.0,1635.0,6433.0,1471.0,9289.0,9052.0,5864.0,7942.0,53885.0,1454.0,5092.0,15193.0,689477.0,114959.0,349577.0,234675.0,121891.0,241799.0,4872137.0,56210.0,47842.0,114363.0
2015Q3,,,,,,,,,,,,,,,,,,,,,,,,,,,,,,,,,,,,,,,,,,,,,,,,,,,,,,7647.0,834.0,1450.0,1036.0,2211.0,7619.0,39638.0,1832.0,10333.0,49970.0,2272.0,3661.0,3008.0,4735.0,6467.0,1764.0,1673.0,1699.0,6691.0,1225.0,8756.0,6944.0,5772.0,7018.0,49970.0,1156.0,5420.0,14904.0,684947.0,113024.0,349796.0,236840.0,121226.0,243007.0,4883480.0,56915.0,49117.0,114402.0
2015Q4,,,,,,,,,,,,,,,,,,,,,,,,,,,,,,,,,,,,,,,,,,,,,,,,,,,,,,7634.0,1343.0,1396.0,1056.0,2426.0,6681.0,39570.0,2171.0,10520.0,50090.0,1775.0,3764.0,2975.0,4412.0,6612.0,2499.0,1669.0,1710.0,6033.0,2244.0,9412.0,7555.0,5588.0,7109.0,50090.0,954.0,4332.0,15138.0,685384.0,113621.0,349381.0,235723.0,120118.0,241081.0,4901323.0,56644.0,48927.0,116671.0
2016Q1,,,,,,,,,,,,,,,,,,,,,,,,,,,,,,,,,,,,,,,,,,,,,,,,,,,,,,7858.0,881.0,1762.0,1228.0,2547.0,6839.0,41727.0,2565.0,10943.0,52670.0,2771.0,4306.0,3636.0,4955.0,6775.0,1742.0,1965.0,1325.0,7066.0,1418.0,8989.0,7387.0,6862.0,7996.0,52670.0,1226.0,5026.0,15184.0,677035.0,113742.0,348102.0,234270.0,120319.0,239880.0,4897935.0,55066.0,48697.0,110233.0
2016Q2,,,,,,,,,,,,,,,,,,,,,,,,,,,,,,,,,,,,,,,,,,,,,,,,,,,,,,8173.0,955.0,1597.0,1315.0,2706.0,7580.0,42970.0,1888.0,11412.0,54383.0,2942.0,4384.0,3763.0,4936.0,7077.0,1904.0,1948.0,1409.0,7391.0,1512.0,10413.0,7482.0,6418.0,8150.0,54383.0,1902.0,5527.0,14491.0,675340.0,113541.0,350841.0,237373.0,120710.0,241060.0,4910172.0,56875.0,46681.0,109503.0
2016Q3,,,,,,,,,,,,,,,,,,,,,,,,,,,,,,,,,,,,,,,,,,,,,,,,,,,,,,8160.0,991.0,1402.0,1396.0,2359.0,8356.0,43570.0,2031.0,10997.0,54567.0,2990.0,3641.0,2952.0,4677.0,7177.0,1612.0,1863.0,2067.0,7055.0,2102.0,8213.0,7810.0,6807.0,8680.0,54567.0,2287.0,5545.0,15226.0,670364.0,113147.0,347666.0,234579.0,121454.0,244216.0,4912570.0,57320.0,49337.0,114135.0
2016Q4,,,,,,,,,,,,,,,,,,,,,,,,,,,,,,,,,,,,,,,,,,,,,,,,,,,,,,8981.0,1083.0,1409.0,1363.0,2054.0,7537.0,41607.0,2372.0,11540.0,53147.0,2120.0,4491.0,3739.0,4416.0,6979.0,1293.0,1760.0,1285.0,7279.0,2075.0,9003.0,8009.0,7912.0,7318.0,53147.0,2247.0,4787.0,13871.0,667827.0,112668.0,349171.0,236472.0,121328.0,243871.0,4940603.0,57080.0,48785.0,116749.0
2017Q1,,,,,,,,,,,,,,,,,,,,,,,,,,,,,,,,,,,,,,,,,,,,,,,,,,,,,,9842.0,1404.0,1870.0,1241.0,3249.0,8082.0,46251.0,2938.0,13628.0,59879.0,3325.0,4358.0,3532.0,5765.0,7312.0,1699.0,1983.0,1591.0,7438.0,1760.0,10515.0,8578.0,7798.0,8723.0,59879.0,1504.0,6359.0,16401.0,667104.0,113286.0,349691.0,236287.0,119989.0,242266.0,4934942.0,57748.0,48875.0,114239.0
2017Q2,,,,,,,,,,,,,,,,,,,,,,,,,,,,,,,,,,,,,,,,,,,,,,,,,,,,,,10281.0,1478.0,2001.0,1648.0,2935.0,8984.0,46328.0,3328.0,13742.0,60070.0,3235.0,4167.0,3401.0,5131.0,6807.0,1825.0,1837.0,1242.0,6794.0,2978.0,10647.0,9200.0,7073.0,9545.0,60070.0,1734.0,5904.0,15967.0,667398.0,113214.0,351111.0,237980.0,122380.0,245361.0,4946241.0,57851.0,48710.0,118292.0
2017Q3,,,,,,,,,,,,,,,,,,,,,,,,,,,,,,,,,,,,,,,,,,,,,,,,,,,,,,10543.0,1536.0,2091.0,1737.0,2920.0,7061.0,44575.0,2852.0,14062.0,58638.0,3612.0,3428.0,2699.0,5089.0,8168.0,1921.0,1897.0,1537.0,6795.0,2215.0,10726.0,8264.0,7198.0,9346.0,58638.0,905.0,6356.0,15843.0,667092.0,114518.0,350270.0,235781.0,121711.0,242909.0,4968377.0,58197.0,47391.0,117247.0
2017Q4,,,,,,,,,,,,,,,,,,,,,,,,,,,,,,,,,,,,,,,,,,,,,,,,,,,,,,11019.0,1412.0,2605.0,1764.0,3305.0,7535.0,47094.0,2729.0,15008.0,62103.0,2927.0,3897.0,3153.0,5740.0,8795.0,2516.0,1839.0,1429.0,6923.0,2765.0,10439.0,8369.0,8535.0,10288.0,62103.0,1049.0,7316.0,16106.0,669119.0,116333.0,353350.0,237071.0,122181.0,249279.0,4998333.0,58685.0,52034.0,117643.0
2018Q1,93.75442866587058,129.36821331934647,114.6944893999097,86.01998248042415,,84.40136511278237,97.97708117131752,87.82830098866113,97.73128230068566,81.18423337764362,88.33583725162248,82.67974181925412,102.09272075838781,87.15753743886467,85.77183088161422,92.42750520254972,97.41831246444877,99.122465337819,86.58289009885901,103.20279489992244,82.56190007817212,102.09392852652148,88.01173039702518,69.82778803797405,86.48091305255194,85.47029142642438,91.99003989179505,89.53212445408532,85.07941588096475,85.11112608067599,87.084264475492,82.76068166082179,75.11924918787673,83.36910111150902,79.75680505503274,61.50484437274509,93.47805900246144,98.50746114599413,94.44039705348494,80.37782902264894,99.63900385508927,81.56463581364666,73.21847894357123,82.67836868594601,99.57998462897598,86.63962150711788,82.4250772188991,85.91266655453032,80.49802362605502,72.24673926182085,87.04408613912648,79.04671968329588,79.48663372179027,12623.0,1552.0,3228.0,1919.0,4825.0,7854.0,52329.0,3340.0,18298.0,70628.0,3756.0,3984.0,3240.0,4859.0,9370.0,2918.0,2390.0,2435.0,8294.0,3130.0,13150.0,9381.0,10214.0,10943.0,70628.0,1636.0,7919.0,17384.0,672143.0,115416.0,354546.0,239013.0,122078.0,250213.0,5029571.0,59208.0,51677.0,126497.0
2018Q2,93.91924114693276,107.18068154852024,107.0061752554827,89.81749576325504,,86.96519811952577,94.90048092966637,92.54142463836843,91.58262400963173,79.97785131435853,91.34614076690839,81.84020196713969,108.16918624435877,86.87136404350443,84.1044463891832,92.30469947569584,93.53254950892057,102.34849976557787,87.12426966624652,102.67574385980222,75.11794823720226,92.85922415254848,88.45976289747719,69.87898961573235,86.3675949612196,92.81091312143283,96.55714293749458,96.50774765288045,91.25663830866625,90.59932246172392,90.44736280266264,82.80953317422096,73.22941180428411,85.0359238882482,83.0530844165716,68.13141708210205,98.27068952195295,102.73544105009275,100.00308223069659,82.17986756779375,100.24151279100121,83.1417353644518,76.63342294410805,87.15340912625594,123.10118319210586,90.51015659648156,85.79463061735949,87.31268870362456,78.45655366911373,72.41244028134396,88.3857547093161,81.55653671926946,76.72183398361686,13996.0,1593.0,3250.0,2155.0,5129.0,10743.0,54890.0,2699.0,19827.0,74717.0,4655.0,5630.0,4769.0,4775.0,9027.0,2744.0,1636.0,2289.0,8262.0,2429.0,14128.0,12000.0,10208.0,11326.0,74717.0,1396.0,7582.0,18078.0,675840.0,115600.0,354896.0,239334.0,122320.0,250112.0,5039795.0,59731.0,50148.0,123201.0
2018Q3,91.1966097440599,104.47322150342247,103.42952956318655,89.78191327961953,90.12276678145791,86.08310407545716,88.32722697525368,92.5522010078548,93.7810807545001,89.43561104976199,91.8932098904079,82.53567028228646,103.81040054724392,90.83145233604179,89.23020511364237,87.4930138063256,96.94713410795242,102.65266414269632,85.56327700206965,100.47462843512537,77.14026003933401,97.76285816495326,81.17657140505811,72.07158909984481,89.15971742449389,92.62548554862971,97.73729013330299,93.63385194490182,86.13209084518584,90.88933649249057,95.68820965708262,82.50828064347007,77.50089270333882,89.13268630348854,87.73561365371582,78.05728978426394,97.7625756582228,101.81121569760938,94.89947342698157,83.93067762000624,98.34429279037239,82.10243264857478,83.36136861924865,88.60946993436747,134.8456533413803,99.26831214373553,83.83197167515291,88.89677996031402,70.46474140936608,56.956709838674854,80.76183138684229,82.04617433159216,67.44299785940474,13118.0,1560.0,2792.0,2195.0,4884.0,10456.0,55068.0,3496.0,18890.0,73957.0,5110.0,4935.0,4035.0,4757.0,9710.0,2528.0,1809.0,2019.0,7878.0,2370.0,14252.0,10761.0,10051.0,11686.0,73957.0,1366.0,7449.0,18393.0,678854.0,114457.0,355877.0,241468.0,121762.0,248629.0,5045255.0,59753.0,50187.0,124571.0
2018Q4,96.25953293766582,101.96493695529058,99.56915006509877,94.73284043346979,96.5624436445724,92.30416214383344,92.60654063892488,94.145658128957,96.42049392320064,87.95623866708164,97.962045667007,89.10568477923992,104.97821168725012,95.02754191835479,94.48377668464198,91.48440562997393,98.04269317386078,104.45288870421408,87.47233794988509,105.29729382240086,87.04170443350745,104.35666904479883,89.59893606956167,80.36455681044043,93.24925909261307,95.60425807169665,103.00579816130531,97.16998506622083,89.97608868440703,94.62849177390511,94.31609225590609,88.72484460623369,87.48100150348026,95.91108611057719,94.60845309250271,82.36204819287741,100.89165757717215,115.07019338588086,98.60308819864366,87.97452579687112,100.56281212858097,91.14187007769881,84.34741663636667,91.97273817871961,134.05989964422554,103.33549171776443,89.01657269401802,92.50435914916716,75.38929780730066,67.73281726784192,88.74046047607392,83.75631475479751,72.1632828930183,13766.0,1915.0,2815.0,2110.0,5635.0,9887.0,55725.0,3267.0,20247.0,75972.0,4152.0,5528.0,4489.0,4834.0,9585.0,2018.0,1943.0,2437.0,8938.0,3138.0,15085.0,12046.0,10714.0,11086.0,75972.0,1414.0,7510.0,18118.0,678427.0,114147.0,353021.0,238922.0,121687.0,249481.0,5062391.0,60332.0,49966.0,128529.0
2019Q1,98.9472678971765,101.47059484316901,102.72287360588592,103.5459114999612,98.46392284308409,94.11384779031667,97.37042581100003,99.21702306576702,97.89483726831416,93.28858509264091,101.61157042673806,99.39935346682356,105.536575149359,94.00139754361479,97.34957057371882,100.08247906951989,107.03529347006469,105.55472009653775,89.09187402424905,111.894078561705,96.23175559563285,104.52373278845207,97.59870734088405,90.83737722408401,102.7568654473467,102.51409580782381,113.64019610291516,103.14557237979814,98.69618546457255,100.60615432765165,100.93021557850436,98.05100595265334,99.36363739864274,102.03559904021606,102.3910455441235,102.10489692511429,104.92628393807786,113.47891434276069,99.305578685706,94.03339144854567,100.88738436344946,119.2464899803375,105.39713146222465,95.84752242118113,135.70106540136723,106.22235311336485,92.91468874483068,97.37499389683869,84.47717860641254,83.30166448027718,93.9451942920879,88.90326882747398,80.56817352937485,14377.0,1632.0,3032.0,2186.0,4963.0,10022.0,59352.0,3800.0,20393.0,79746.0,5165.0,5632.0,4705.0,5085.0,9607.0,2011.0,2223.0,2332.0,10379.0,3097.0,14935.0,12169.0,10594.0,12403.0,79746.0,1918.0,8701.0,19025.0,680402.0,113543.0,356879.0,243191.0,123967.0,252662.0,5099619.0,60668.0,50415.0,131109.0
2019Q2,104.36374873040785,95.03621014236634,98.19382115206453,107.87123193979008,108.52878703317008,101.9069610111778,100.78784145594028,106.94335633741662,96.56638510757769,102.94084718323916,108.32681061822193,104.23106229852853,112.35613069982615,92.40862745379208,94.0240303164764,104.8825200966577,106.58127664108078,109.60411921891385,95.3643388184715,111.78797205798877,98.94239324610908,104.64532246447736,99.05075814282205,95.7642504948704,102.4178870647494,108.78409878774116,117.156442496584,107.98402047753846,106.10832682261754,106.05992088295761,106.24727813743478,104.60263015466346,89.12066903776137,103.35372257761615,105.22793596314669,117.26776307180361,108.70806183225669,114.332404656848,107.02315231558745,99.15999627530724,103.44122060283176,131.47056318922586,114.16932597571916,101.86174643931508,139.76819010948284,111.629252818011,99.93746326911615,103.97345159229755,88.00736878281988,90.2434625237748,102.67767004543731,102.20346494080617,82.97395469675529,13979.0,1944.0,2715.0,1916.0,5872.0,11319.0,66125.0,4647.0,20879.0,87003.0,6801.0,5621.0,4582.0,5291.0,10647.0,2966.0,2226.0,2527.0,11357.0,2724.0,15542.0,14067.0,11232.0,13749.0,87003.0,2463.0,10600.0,19349.0,683309.0,115086.0,359344.0,244288.0,124047.0,253791.0,5122836.0,60930.0,50814.0,125190.0
2019Q3,106.28479288970699,107.0254494278642,109.7480370032679,109.34599362185622,108.90987599438661,105.66144662490608,104.88297663548727,103.05970453429153,109.3311785767937,121.32655617397185,126.85488800645177,105.33952995524062,116.88224252497915,102.7121177006615,102.21128019094121,107.32489109910246,111.92313873182061,113.71586462200685,102.229512597727,110.66628658967177,100.56433142913139,112.32390186271216,96.16539444636464,106.23187887059083,107.60728773324877,110.34464659673401,112.64982353822393,105.92802236274446,102.116129062103,108.32388880597154,117.72908903219331,108.04960166045132,104.9087994345306,106.86773120726184,109.51595653036323,121.86159497957169,109.21843509842769,114.57274939415791,109.38535213366978,102.64925576638339,109.09590903278847,128.1207855345007,119.21541761330461,104.30007534215484,133.579951997998,110.392665317108,103.24272190317923,108.43309339574154,97.23263380574647,75.03090430200662,100.43696996054034,103.61543310999289,92.52799986138979,12640.0,1603.0,2320.0,1579.0,5047.0,11529.0,63076.0,4273.0,18690.0,81766.0,6608.0,5919.0,5040.0,5200.0,10252.0,2440.0,1922.0,1649.0,10286.0,2999.0,13654.0,13712.0,11217.0,13493.0,81766.0,2059.0,8698.0,18932.0,683285.0,116422.0,360332.0,243971.0,123583.0,252893.0,5135593.0,60861.0,50930.0,127992.0
2019Q4,103.56697020469112,107.33214997557573,104.5583827416643,105.65995606663276,106.16938898142007,105.31287819004153,105.36840735289853,102.56223019336682,106.14337235448315,113.3322880499679,119.01036627700591,102.52951589608452,110.63712316078751,102.43157285979493,105.58090575273293,104.96528406000523,105.2160923695917,107.60766802526243,105.12394749552669,108.11487391048922,102.81108175331585,108.5544599923577,99.92044878572277,105.73408740671951,105.46183205865715,105.16376970772748,106.66670525063677,101.40554232754646,99.49694458925222,104.72606918305823,111.8683961655797,105.96927244774618,106.23806893924163,104.07699092431932,104.36679522232781,111.2437385705596,103.95726723994784,106.80709618904608,98.45591201616084,102.72745443664516,107.16360037147592,118.2156508129665,106.46740066693407,102.82880024840254,115.18938624144565,105.28836519341495,103.66940706256277,105.57624319920339,102.50709639638075,87.81913192529464,102.55500043810495,107.328241649589,99.90615914565434,12442.0,1460.0,2211.0,1741.0,4471.0,10823.0,64207.0,5887.0,18037.0,82244.0,5272.0,5902.0,5078.0,4950.0,10335.0,2428.0,2070.0,2147.0,11887.0,2504.0,14228.0,14356.0,10031.0,13812.0,82244.0,1708.0,10052.0,18057.0,680774.0,113834.0,361041.0,247205.0,124933.0,254847.0,5142795.0,60987.0,51099.0,129277.0
2020Q1,100.18108770121293,106.25205145601002,102.8425924722305,100.53279547113496,100.09201202156795,99.91225973876861,103.65723044986619,104.61782089984855,103.32947411628346,101.0663372208185,98.7846165133611,101.10094669276906,104.05051279042934,98.91853135693454,101.68105774176527,101.37496982067644,104.15086911272459,101.3578046491253,101.55170016476936,99.78727657177893,99.90373614095279,104.48270207076222,101.3557958525816,102.16272194196914,100.11249280160402,100.12610321576766,99.35679532566823,101.8641193561613,103.57587434607224,101.32362222024813,99.7477601586965,99.07818403944762,100.13831661453963,99.481319533403,100.53852720987796,99.64374725338256,99.49660310868065,99.30253678675861,99.45939065284674,100.3633193964528,97.70134995391112,96.55100071455715,101.651152130654,100.39882210238254,102.9699706509733,100.49872483688888,101.67764113148505,99.59083184958887,104.21147847980488,107.38166408846989,102.76993390495885,96.4273748302643,103.96122912391314,10170.0,901.0,1806.0,1420.0,4369.0,8719.0,54815.0,4424.0,15543.0,70358.0,2736.0,5607.0,4756.0,4401.0,8771.0,2124.0,1985.0,2148.0,11096.0,2803.0,11789.0,12193.0,9306.0,11094.0,70358.0,1592.0,9482.0,14902.0,681728.0,114967.0,360328.0,245241.0,122702.0,256330.0,5142678.0,61156.0,54684.0,126261.0
2020Q2,86.80681618369945,96.58526031998478,92.20310986802687,84.87738763346967,85.95769233378438,84.34019609871766,87.12524116254885,83.5372862590564,93.27389862866508,91.04613246830634,89.6241021697451,85.39852962601626,94.78454107766919,82.1872738855505,87.52982483532666,88.26603924178909,90.49877088521423,89.4057497929573,90.99419557597798,90.8618112242117,84.63627624939929,95.08300488277771,89.13290224482158,91.15151469269965,83.27593262057431,82.6214228866738,85.69762472569045,85.87530880950197,91.10655102354772,88.51464856452706,81.171372348438,80.19641755481082,95.93729583312096,92.07263985346643,89.8001210613007,81.13269779468523,85.8232785260845,88.19619500842474,83.77130824696954,95.0905764592024,78.48818058463526,68.85070570883767,66.16688861034322,84.75190826252766,87.37106445077676,92.23202653271652,91.23873168000745,86.36821630833863,87.67206388617984,91.32523495926043,91.3903767844943,86.30641893582862,87.27885419706026,8435.0,862.0,1583.0,1040.0,3911.0,7811.0,47662.0,2188.0,13127.0,60789.0,3034.0,4672.0,3838.0,3709.0,9056.0,1669.0,1901.0,2149.0,9091.0,2383.0,11089.0,9864.0,8811.0,9537.0,60789.0,1198.0,6686.0,13604.0,677259.0,114788.0,360058.0,245273.0,121341.0,253792.0,5091897.0,60181.0,54230.0,104959.0
2020Q3,90.84888001816957,107.83202725416245,96.17207182327161,87.91773071247006,88.11926192775037,88.89755441677991,97.77440091682996,84.70932583055422,99.14219764911998,116.88008940489762,92.70136579559244,89.17678364908369,98.94792920237393,87.19279327451729,90.25005161767072,92.20639538280814,92.99344860986989,94.19400847410222,96.11887731954675,95.4437433263128,84.92349528752892,101.22122730156467,88.96696838162227,104.24055552198992,87.47605002561721,85.98602907076965,93.4143705265308,88.05344974111502,87.42281285034272,90.6401713566714,94.69210685486381,91.4426559642139,101.14638796987843,93.25893178773678,93.5090591461899,103.1949473366918,86.53330298885395,85.19539157751413,79.39593431032539,95.50586166850364,83.39618598181006,68.24668273466703,96.69036355226196,83.89473372059703,97.47854885346666,100.16670178009977,94.63709195491698,93.10336611992989,85.42320430830839,74.58490481682746,95.38878931888982,94.16498760139265,83.62151282807866,9017.0,1038.0,1741.0,1057.0,5135.0,9440.0,51477.0,2407.0,14903.0,66380.0,3374.0,4550.0,3921.0,3863.0,8792.0,1908.0,2048.0,1906.0,10626.0,2563.0,12607.0,10063.0,9970.0,11001.0,66380.0,1659.0,6612.0,14468.0,673729.0,115115.0,359624.0,244591.0,121755.0,251092.0,5121319.0,60178.0,52118.0,119033.0
2020Q4,99.14446779093743,115.55200370244023,102.1675097267729,93.49497819246133,97.42666249479181,99.80291347124802,110.34082011239023,92.58184443972408,106.564704595712,120.3837234801083,96.45717771610765,96.51144332454176,111.56987499110808,90.04841696660695,96.20321519593095,99.73574972486168,97.83231600455467,98.88821805353595,98.62140729485074,98.46748672743121,96.43316501952589,105.55183281621638,100.70991600873533,128.37786639263138,98.70562946723948,93.08760144202189,111.2607704952246,99.61960907019085,99.41843256908807,96.50104214143809,95.08600348270406,98.1438454038159,102.41964567290235,95.82453533152419,97.16117072609168,106.21196310219104,92.2116626773522,78.92368366945882,107.11851614775962,95.91937570740969,92.25361667731886,72.25332552090586,82.48461437144283,89.7858602339027,106.58090985958687,98.71962299470663,103.07985257298675,100.04265727087262,94.06139592693032,86.61689589557545,108.67353476942361,95.56295620173566,92.81316776897285,9636.0,1191.0,1669.0,1221.0,3723.0,8687.0,51525.0,3551.0,14264.0,65789.0,1267.0,4665.0,3980.0,3928.0,10387.0,1932.0,2130.0,1847.0,11167.0,1965.0,12484.0,11702.0,8665.0,10388.0,65789.0,959.0,7102.0,14489.0,672880.0,114231.0,358157.0,243960.0,126100.0,253927.0,5139286.0,60152.0,50709.0,118259.0
2021Q1,97.91919455061814,123.52570147803023,104.42347576334977,92.92049107959089,99.28213020368001,102.79251303385837,119.29280837430238,106.63404344177025,112.007588254483,109.34716467923265,110.14601976596146,101.38426262603815,138.445903004926,94.24767011421105,101.68879843329773,97.36850797944194,102.98426212138413,100.10704899032206,102.82480030832792,97.26029176286532,112.12386868570292,112.858007872191,111.28293935155563,132.92437071540277,104.90580131121246,96.88236375579459,115.38740720557954,104.93678758311192,114.932356115842,97.82352255316344,88.0291454507269,84.68149511775961,104.06019383273231,94.08806785921632,103.17434909984064,90.48546465891074,93.88452430696287,82.71934356542708,116.71342456315838,97.03843827391088,83.41380961144462,72.99024249930179,71.22371761021319,97.74147601438932,117.97747358156354,99.76187010769735,104.80746743786108,96.02643946158916,99.98907774862701,101.5491936309587,109.03136909364245,87.62195550535668,99.3234354649924,11692.0,1243.0,2352.0,1594.0,5563.0,8742.0,53974.0,2422.0,18131.0,72105.0,3686.0,4551.0,3766.0,4059.0,9603.0,2214.0,2722.0,2619.0,10539.0,2816.0,15250.0,10661.0,10565.0,10873.0,72105.0,1229.0,8641.0,14887.0,668879.0,114041.0,357712.0,243559.0,125183.0,249398.0,5142705.0,60165.0,47862.0,125721.0
2021Q2,106.04095293244731,123.91767075399092,102.95509192632628,104.374689511051,107.44423280640093,113.95827280264047,125.061397825785,118.86430986820324,116.72130617121677,135.24787213783208,117.5959384843107,114.11054464673884,157.58241663854076,100.89421116747955,107.40053207264592,105.62726614782477,104.50230819063223,110.13488564987424,111.89158038566853,103.81467817173709,110.13614848111077,119.87362885069585,120.331754815237,153.59702636764015,114.17954189767353,107.91601980214516,139.8574619393384,119.92727276059814,127.7374333934237,110.23809659955,96.87023272960985,98.04803492046027,105.18384668583738,99.19174614382541,117.18792357560054,109.96679851325096,102.42775028233294,84.45501380971638,127.81338870035862,102.18219979548812,92.1995019667604,80.06660792944105,116.40900158002047,111.5681541702333,134.5719697604789,117.71275135116485,112.85152271484615,106.46515735262777,104.64875416967631,108.98864503521862,116.36311335366624,107.73703376010089,103.59473529860739,13971.0,1733.0,2805.0,1988.0,5684.0,12619.0,66948.0,3536.0,20634.0,87582.0,6107.0,5126.0,4295.0,5077.0,11859.0,2692.0,2452.0,3001.0,11719.0,2759.0,16651.0,12716.0,11597.0,13382.0,87582.0,1505.0,12167.0,19564.0,668160.0,116060.0,360169.0,244076.0,123806.0,248371.0,5170257.0,60598.0,47392.0,139703.0
2021Q3,119.21729569275446,121.77469922235622,104.3062698171665,119.14835357288,121.16380283953285,128.90974581889225,135.99629407373092,123.87484091741193,122.11476451047545,159.5027742514644,118.82741074714454,128.00258325211286,163.2236056457869,111.85953341516777,116.76245712877207,118.95792144932807,106.13488946945532,123.91648814655038,126.25596944368155,115.99795088688546,118.020361261271,122.43920733595291,121.81671480995239,153.98819115220354,125.26936525678424,121.91086264009915,159.19655593158657,133.36035944537323,134.2640446699607,123.21567907499985,119.83310089923492,120.1911189825737,108.73194878358501,110.73718077333477,137.25861222466946,134.80127770751977,116.51251818825878,99.53367423224981,153.2023676195756,109.56438665843724,108.61153858835516,93.359208502648,155.9147063495316,122.70173215695708,153.23602409400718,139.39446182867562,124.98403706365738,122.48409354422931,113.14401303316261,90.97447793287175,129.01128826930707,128.0052005928927,111.06754535491531,15665.0,1853.0,3106.0,2088.0,6365.0,12824.0,74343.0,3320.0,23047.0,97390.0,7153.0,6222.0,5264.0,6099.0,12485.0,3668.0,2328.0,2590.0,13532.0,4122.0,18885.0,14332.0,11549.0,14358.0,97390.0,2166.0,13862.0,22238.0,670754.0,116427.0,364037.0,247689.0,126924.0,250037.0,5218229.0,61061.0,46001.0,138937.0
2021Q4,128.54981438312421,140.22233931737864,116.88316154706342,130.0564299699102,133.4090054986867,140.76210532858306,151.70821517785097,132.6814569175825,136.52186669659457,172.74941976984678,143.39480955196578,135.20119214901285,181.06717373680593,120.92485617086814,126.87300796268194,133.28759304188915,121.82588910712835,135.86719271457022,138.2098218370862,130.41734175371593,140.33083533863729,132.279977470728,133.41990402712642,167.52055538068544,137.5139776962353,132.042458073541,176.8591919389305,146.45750896296923,146.89258943282226,131.9171353015133,127.6404074140717,130.01130630312522,119.88747935782514,119.31905131630265,150.01366402746217,143.63695254198572,128.34458777303294,105.80924312333799,171.1651965948487,117.68211484475565,119.27464005152164,99.4937566868458,152.034129038232,132.15294941423537,164.25577794814438,146.2082920202175,136.50173453194273,133.8995599990858,125.0756293663002,109.76090814315236,142.57128032451536,139.62422604675015,123.66720438049865,16503.0,1970.0,3272.0,2237.0,5695.0,13781.0,79447.0,3301.0,23375.0,102822.0,6325.0,6688.0,5475.0,6265.0,13881.0,3752.0,2798.0,2516.0,16119.0,4021.0,20367.0,14405.0,12689.0,14471.0,102822.0,2406.0,14814.0,23669.0,675964.0,115734.0,364625.0,248924.0,129230.0,252386.0,5255472.0,61778.0,45483.0,143589.0
2022Q1,138.45324794932608,165.0950872731016,135.90257109523324,139.13330443456067,142.53391042551308,147.2134987501904,152.85451608852009,148.03073953691066,153.26032396925308,164.38036908259934,165.56095101884375,148.584475148174,195.44295539872897,135.06911514552868,141.05930298869134,147.2547101891329,134.767765112419,146.079867579379,151.26222322647217,144.46788412215417,158.94121027970533,148.39131761570883,142.8683774743655,164.37391159826873,154.27344963009764,142.23901826083485,190.00418690665424,161.58962994703748,164.01617717494634,143.60921017521335,129.15967180534642,126.35116891332376,133.634470681513,123.02102633751808,154.7484914444299,131.82431102108282,136.11319315554593,113.35002525515351,192.2001955148794,123.72451857475534,119.11478191712933,106.98446948381984,140.21033190411208,141.48430526888376,181.625784272754,156.60351775457215,143.42042821134632,135.06715707634584,137.259711370877,126.55933207778342,150.08997279969375,141.57875217155424,135.73638512152982,18871.0,2398.0,4071.0,2745.0,7222.0,15533.0,92436.0,3674.0,27410.0,119846.0,12781.0,6857.0,5920.0,6897.0,15236.0,4070.0,2556.0,2676.0,17997.0,4160.0,23428.0,16525.0,15214.0,16645.0,119846.0,2104.0,18035.0,27896.0,679182.0,116947.0,368767.0,251721.0,127987.0,252998.0,5285739.0,62883.0,46270.0,140024.0
2022Q2,145.74528907686778,189.38794843059122,150.13908999469393,150.45333327475294,151.28028739383046,159.06032430896738,162.88531985204054,168.19702505920785,172.70258435059083,175.57680070248847,187.1831402382371,162.53309358577675,224.87344690407969,152.92058392918045,164.1124531592073,157.32894887195602,142.5087841663137,159.285997957738,168.06284402146582,153.1734046382893,174.90547104239522,168.77743841773656,154.58993039519115,178.9551438384687,165.66215409064654,151.48696993021414,220.81904539216578,173.65477281276156,177.72151351133112,154.41334366110678,133.28170783282755,133.13352306606367,132.1814525278737,127.3085312394933,169.89699835339886,151.87537835048224,141.278126535938,124.34490579643662,209.4303032223079,127.81252249893684,122.83636870712145,111.15863366360739,161.20837245750323,147.305264257627,190.9105666819029,159.91917716478272,151.6087802234326,142.14620611977176,145.5827663507153,136.90609583402215,160.1102369405624,154.2006358590724,144.21860049010098,19826.0,2504.0,4189.0,2767.0,8153.0,17835.0,96747.0,4363.0,29660.0,126407.0,8880.0,8259.0,7011.0,7878.0,15606.0,4076.0,2814.0,3123.0,18857.0,5056.0,24615.0,19154.0,16434.0,19269.0,126407.0,2484.0,14804.0,29648.0,680791.0,115453.0,366208.0,250725.0,127967.0,254594.0,5312644.0,64082.0,46038.0,135805.0
2022Q3,152.7556530216636,184.87892820793584,155.22492174266873,161.05964070990922,151.8504522372037,160.22411687958308,163.45443626811863,164.34607176671872,172.51061051410085,191.34457819451998,179.66961047623505,167.24606900968305,225.4247015407845,151.18484739638757,163.95091662540156,161.79804226297557,144.2068375502242,164.90105601443886,170.6587368071761,157.70943903269693,167.53163355064677,165.62435802329819,156.995934352675,189.68099440197562,165.06800201186527,154.47176899683092,237.26074028583403,180.04634548057086,173.49066726928342,164.47427259710017,152.00218592210248,143.36544495527957,136.93757589916666,134.56061079305985,183.20144327233564,185.0547462743511,148.0820080930272,131.95699473465427,206.13645107921778,130.99249274162628,133.70943286908593,121.57553228432751,169.41547995282508,147.90063044812672,200.22038005259785,199.07693910719263,159.68573423765756,153.47063548033879,144.14676866591014,113.36499734204499,170.04418307090992,157.77960690518427,140.56345671085845,19672.0,2677.0,3989.0,2801.0,7547.0,18631.0,94289.0,4675.0,28670.0,122958.0,8190.0,7615.0,6375.0,7435.0,15869.0,4312.0,2779.0,3073.0,17800.0,3910.0,24155.0,18756.0,15659.0,17958.0,122958.0,3123.0,15098.0,28209.0,684661.0,115392.0,367959.0,252691.0,127621.0,255858.0,5341031.0,65103.0,46655.0,134775.0
2022Q4,161.10569757662262,193.28324884127946,165.84526805527938,168.07780121107447,156.05219408527952,165.31948514996517,172.14808316456993,171.485437202449,180.00288423967706,182.9529261313974,191.2521605962726,170.02962505896508,237.09023545485246,154.6679769666364,160.0857956033008,164.59126261809553,143.8265067296267,171.75310636977932,174.27220067474406,165.66133953918037,170.54810579679085,166.87769504832374,172.11066354866884,190.67967656260336,166.7158033647674,157.88530978940815,254.53448020983768,185.45694120035583,179.53531447780577,170.20563036530322,158.84881426723024,149.89833540680485,144.87359523096177,139.1532782715916,184.39463748328745,193.0510466342598,152.8190302253887,144.05424720697255,215.578113256422,135.15210155968916,143.03638927384145,122.30835651227684,152.62969344376762,147.12927231577146,199.6742754611438,220.31538505584024,168.05602014575285,157.97156859601532,170.50579528310345,126.579702848406,185.50349027499675,156.64959596939423,168.1872971122553,19405.0,2730.0,3961.0,2718.0,7285.0,19545.0,93278.0,4035.0,28304.0,121582.0,8220.0,7129.0,6250.0,6934.0,15667.0,4874.0,2635.0,2636.0,17491.0,4110.0,25019.0,17644.0,17290.0,18285.0,121582.0,2623.0,14040.0,26679.0,687449.0,115575.0,372689.0,257087.0,130490.0,259707.0,5377052.0,65811.0,46870.0,135847.0
2023Q1,160.16215342525308,184.37440000831006,161.19527912773998,167.32700545516894,156.4460597657887,159.07854465428323,167.07545280312723,170.98702182649293,176.85210792383438,176.155484994609,191.34687114768025,171.56643212709162,240.0005916231133,157.9367256593417,156.49455832099162,162.57231939190646,141.66017890442538,168.51253453190247,171.71911010190186,164.77647285562793,172.91199988992807,165.321949785183,176.53625205457124,181.13819855585308,165.14891895201785,154.45650226068838,268.4271678279478,182.77599242308366,180.5271585054315,166.353105079768,149.93193923109814,143.00032803226617,152.94462524433177,138.80519946089132,180.5600245092119,185.99452204553128,151.13001608233162,143.86909921086948,221.5951586179883,135.5266132837886,131.8468219005179,117.61333782121984,157.62715961347692,143.21040198486392,195.38705874644586,197.849735720057,166.54695201810753,155.91055263236848,185.43367624364825,136.06581239239677,187.104266309949,155.18129730554077,183.5446987915686,19079.0,2480.0,4147.0,3005.0,8372.0,17010.0,94024.0,4479.0,29342.0,123366.0,8252.0,6659.0,5702.0,6567.0,16268.0,5013.0,2835.0,2753.0,20261.0,3928.0,25309.0,20212.0,16046.0,18086.0,123366.0,2850.0,14416.0,26446.0,690911.0,115058.0,372291.0,257147.0,133299.0,261018.0,5404429.0,66306.0,44367.0,137718.0
2023Q2,163.90501792463712,167.13514722084622,152.4718751695547,167.44576078625715,153.10449701871855,146.60834172490337,167.58575261042583,175.68959920434483,163.70312622402423,180.07326566347245,184.7144108897676,174.86109246245562,225.088602658584,145.86331093544277,152.20095129281947,162.8762608124554,133.94523270620292,165.88363637937562,169.30099841196824,163.36237544442253,164.09796078087737,155.3878124505077,176.13440747740577,186.21151581483232,160.0714029734083,153.28222251010314,275.0961208360571,179.174974982355,182.19735437010692,169.68242119632416,147.42286046873855,141.43440137742377,146.94376339676708,138.61401709114554,177.96712679904638,179.14562109099865,152.54645217610317,166.87705329683837,256.2060223269081,136.6587932508083,128.94197503298122,115.06585219134078,158.07094696687514,138.9261363914486,192.83747984170162,213.44507352171337,169.44263538802767,156.06726759044406,187.78933405358123,140.10293296701877,192.83829146706708,158.94476517612569,185.42143186606523,20664.0,2542.0,3665.0,3096.0,7482.0,17760.0,92130.0,4302.0,29920.0,122050.0,7392.0,5923.0,5161.0,6591.0,14597.0,5178.0,2922.0,3060.0,20717.0,3688.0,24385.0,19713.0,16554.0,17386.0,122050.0,2841.0,13558.0,27614.0,692412.0,114266.0,369541.0,255235.0,131701.0,260439.0,5425410.0,66953.0,44222.0,139525.0
2023Q3,160.4000422309624,167.8060258810553,145.13588158388956,165.68127399405785,147.96213202634814,139.67290838782054,160.66307021054925,165.47522604704147,156.32435981073652,192.62570145766682,181.94859366068252,169.1799200377974,218.0169001215594,140.60956364973362,142.86015725343262,159.90247138872624,128.486332909694,160.24037188999378,162.72020627218507,160.52642138387893,148.53738286626862,144.48855551080186,165.68854901704137,187.75228663819502,148.91468633273038,148.21552042696746,271.07110464272745,172.91381168178617,172.08736190111793,166.10243950458613,146.5733762206314,142.36206491021733,138.96037286204145,139.22904871480085,177.79969517266184,167.46052757528275,149.02055874966953,168.17457093134422,254.43597709025346,134.11021632154223,130.59593455598238,121.06061786780377,158.27340375878777,133.85151417186836,188.9099203841877,217.903481303079,164.79331692472562,150.33656843937817,186.34003328600969,123.12925618093014,187.32941785708968,153.02361009657238,184.250453763357,17843.0,2886.0,3534.0,2984.0,6857.0,17655.0,86419.0,4466.0,26347.0,112766.0,7008.0,5971.0,5238.0,6359.0,13674.0,4099.0,2943.0,2717.0,17475.0,4052.0,22845.0,17471.0,15745.0,17337.0,112766.0,2041.0,11576.0,25751.0,692187.0,113252.0,369047.0,255949.0,132837.0,262613.0,5439471.0,67813.0,43785.0,136410.0
2023Q4,155.58621885104301,155.61474461268247,144.17824399065915,162.1404235940436,142.5248522248963,134.73790726500917,161.85741010578707,161.8223005744256,156.15006614808914,183.33988338788,178.27628982288437,164.767834436638,212.17257997240338,137.91154353000823,134.89050099672002,151.7358889207321,125.70754784983161,154.14206539234075,156.47984109864922,155.93053251771968,147.6405347233851,144.40527215816263,171.02915630359078,182.3103306443927,145.09580153300746,143.7428458759587,268.8236487645265,168.59789197658398,167.39932134483453,161.64177959814822,136.7999409267003,138.51935205809963,144.58139269363747,138.2782925421716,172.82388779836754,148.316012859034,143.57592071105776,158.65326855877785,239.44186884829116,130.7565399355527,126.77700103889146,120.67722864240054,144.75776245703761,125.23489318035915,179.85822388696846,226.13064163581237,159.2706784327587,145.91447378555029,194.51414765053784,138.08620613901363,184.91775549275755,159.66721259120817,195.5127519046904,16348.0,1967.0,3578.0,2593.0,6531.0,15945.0,82540.0,3811.0,24549.0,107089.0,5653.0,5104.0,4350.0,6161.0,13337.0,3585.0,2647.0,2781.0,19061.0,4453.0,22668.0,16789.0,14228.0,16408.0,107089.0,2248.0,10650.0,24097.0,690138.0,112531.0,369543.0,256963.0,133657.0,263873.0,5465246.0,68191.0,43848.0,138996.0
2024Q1,153.9322017897673,143.90815467825823,143.19629866613585,161.3149454683123,144.10761575720613,132.86227014722525,160.45069320098116,167.03802210111868,157.95445945197733,180.04412222170438,173.74922194273748,166.61451416365887,209.8760766420392,138.54037971916617,132.542516019756,150.0002800719046,123.94561049466046,156.11498131451307,155.93737211592284,158.12875090667077,151.8738055128033,144.24677975845032,175.03870788217148,189.48080109670562,148.83634076967206,142.20271557807308,268.7917216838958,170.33465157719561,171.88099367735276,164.87925948449808,132.92116667645274,132.09953848636647,154.87506498079185,137.9827209625074,172.26070701570777,140.08377083074862,143.15831918316684,150.51182012052485,241.10511534228291,132.46619776705876,120.70757963518531,119.24873540896462,143.14463282569176,121.72152953046731,178.3358330268667,257.63755650431654,159.34093364460338,144.64561870664593,209.19907063824954,152.24607533396,185.66275145579218,156.37441810844015,210.7810388286101,15584.0,1953.0,2725.0,2762.0,6622.0,15258.0,86625.0,4122.0,23896.0,110521.0,6269.0,6417.0,5578.0,5684.0,13245.0,4461.0,3115.0,3588.0,19762.0,4703.0,23743.0,17031.0,16535.0,15985.0,110521.0,1971.0,11512.0,23744.0,691735.0,111752.0,369911.0,258071.0,134267.0,265524.0,5487112.0,68402.0,43899.0,147064.0
2024Q2,151.79830678026494,146.86746607920193,143.2048522253297,157.50153492307592,141.95553602198407,134.56936493745593,152.9931051055993,171.71896974546283,161.95241985878985,178.8473297703217,168.65997614279132,166.4008532313186,200.21886194607455,138.15063686893885,132.7791661766633,145.2024193698159,119.563495166728,156.6738528508671,154.23064427197625,154.57880081028947,138.2444463232094,151.28215560095148,173.018506189355,188.74127023060953,150.6608661980474,138.9893118874026,267.1421012540575,170.07110666711245,170.54566601038053,166.70547807314978,126.35468167990923,125.50089344192999,152.16728316252832,133.41850978991076,174.98566335169647,135.97277533758432,140.79762500638424,153.2194049091677,246.91747835064047,132.47521055159893,115.15241746583978,119.85735755064262,136.18774685323893,118.05215673439331,176.877941675672,359.71933723677915,157.35098413604115,140.86751977172108,200.81357645410407,145.45973291608567,183.6196616550084,157.54521642272314,201.64958842661156,14584.0,1946.0,2343.0,2044.0,6135.0,12774.0,80877.0,3755.0,22259.0,103136.0,6759.0,5481.0,4757.0,5876.0,13609.0,3437.0,2803.0,3229.0,19443.0,3712.0,20840.0,16052.0,15469.0,14614.0,103136.0,2244.0,11104.0,22813.0,700511.0,111667.0,372743.0,261054.0,137010.0,269785.0,5516531.0,69227.0,42958.0,135129.0
2024Q3,146.93544327411323,139.05544516517608,136.23434017888133,147.22884126285592,134.89596817666578,130.09424665547309,145.42279099139617,164.77616862152692,151.92204945089446,184.35639091700202,156.233303974079,158.3353046050863,187.39570247179185,130.66247435223252,129.75442764931586,135.88317855882738,110.531564469362,150.9769183526237,147.92077251791937,148.02508478985746,128.97184540011685,146.83591369466632,162.47639476471585,187.77470226985756,144.569773764259,134.2198014470403,258.2462315761514,164.15898986600138,158.06026168671423,163.417393900831,129.10246733963294,119.3413103152927,137.94180293701132,127.54223271753631,176.60936332304402,134.79443350502032,134.4592885742187,147.950718805442,242.20863274995605,125.87555996426707,108.368350033029,118.06911239285745,133.15958001550223,114.70977651053161,179.98916424258124,403.5557218701584,151.12783411076038,136.53053199079562,187.04656621793563,118.61032131596215,173.9225762202077,158.51728531446855,186.21922197386377,14501.0,1704.0,2438.0,1993.0,7564.0,11990.0,76330.0,3638.0,23536.0,99866.0,6056.0,4358.0,3676.0,5517.0,13751.0,4187.0,2780.0,2743.0,17865.0,3445.0,20796.0,15617.0,14389.0,15511.0,99866.0,1694.0,9502.0,22358.0,697898.0,113291.0,375806.0,262686.0,137381.0,272219.0,5543242.0,70167.0,43569.0,134567.0
2024Q4,141.5290433650353,124.59169511533477,130.7500421925584,141.63721311918914,132.00165399039238,125.29188962194176,147.29724281915892,164.0582115180027,142.03682540565399,175.78351832480908,153.15046976184692,152.3990903154169,182.43306104160908,121.04108582646546,118.72210996866562,131.11300364433615,104.98503694681965,144.62475048215032,146.98736895282255,142.83810700275592,133.42023535482247,130.38988277255024,165.01196424063332,183.68655793382007,140.43876601424708,131.8386616906726,253.95918926894777,161.6407043861394,156.15551415343415,159.3589224983083,123.45734710652384,115.80539812298053,140.95264130875714,126.58330516548484,172.71920252822986,128.81718376660885,131.71112985070647,141.82476531096816,224.57533186717754,124.52503361638607,105.34727127225015,114.69722126412984,121.01698702064785,111.3405087844467,167.11641485272747,395.8039116611438,148.582200560356,134.65102264423447,188.72260410617216,129.377853608159,172.30553953775282,156.70527824821062,188.67055364002584,12904.0,1407.0,2185.0,1998.0,7227.0,10507.0,70520.0,3347.0,21523.0,92043.0,5886.0,4398.0,3762.0,5141.0,12894.0,3856.0,2880.0,2580.0,15377.0,3654.0,19517.0,13172.0,13814.0,12594.0,92043.0,1881.0,9516.0,21549.0,697597.0,114442.0,376158.0,261680.0,135958.0,272163.0,5565560.0,71357.0,43916.0,132913.0
2025Q1,140.019640507804,121.07281252091055,123.79503407864647,140.9633957143236,130.1468390291726,126.021674881061,146.87625839038208,161.6943841897883,141.42376195044022,162.54335781749614,157.71016946772508,151.7092276906493,176.55004980497154,119.90654287062777,112.6005023327996,128.22714279188153,106.93068841271462,137.9073873591444,146.00843256191155,136.09383205036693,138.40395145225244,125.88848412219569,165.8145857736834,182.28880487126509,137.51680589251578,129.11669518465416,253.38178363828047,163.72247012858244,161.16389201208423,159.67118848631316,115.409864244956,109.92035595422354,146.5547326998542,123.38149718102763,171.42516590207123,122.91487252100046,129.655432340271,135.153954520315,226.06713433426592,126.06646405005284,98.1697053413251,105.61821937136946,128.77772001867086,109.6132031172456,165.51720052312277,370.5589791944549,146.35187598170722,133.75091202581038,194.69831225226454,147.06761145726145,170.42584115792175,159.5860786733667,195.69172601953278,13254.0,1575.0,2269.0,1924.0,6424.0,11786.0,74454.0,3830.0,21058.0,95511.0,6294.0,4787.0,4137.0,5312.0,12496.0,3466.0,2699.0,2883.0,16592.0,4310.0,18383.0,14160.0,14280.0,14406.0,95511.0,2885.0,10007.0,21390.0,695206.0,115348.0,378529.0,263110.0,137290.0,272262.0,5588480.0,70661.0,43603.0,135854.0
2025Q2,138.19113313638755,120.9709701536377,121.92984657046507,138.09273192792122,121.51802288406746,118.81203871449839,141.186659577823,163.4135079145977,138.473070121908,153.94453079286907,150.4740248812946,147.56229274943632,169.71511559460302,112.25643018610953,111.94082972267431,124.58320066932762,101.04690563551374,134.02439231560214,147.4373199048813,133.49079281794238,124.84908894694193,123.63214825610353,159.7418977887414,177.2622806044556,132.8526815446384,126.02368362300469,254.59077389263177,164.09697204010115,160.72657587956206,156.59265745232221,112.29577441385784,104.11450260702084,138.163775170833,115.99826954173962,164.75504489898185,126.79999638269284,123.65020471236123,133.6024736619677,213.1450766789793,123.80520183659291,91.03152503372945,106.49507875009155,125.30263926619484,104.87881917267299,164.3013390252256,343.15361750060947,143.95393618626937,127.80707112636908,195.0314435702003,143.51055052398854,169.0291993135743,152.97553020743777,195.896217517225,12475.0,1561.0,2078.0,1773.0,6408.0,12001.0,75862.0,3410.0,20207.0,96069.0,6383.0,4529.0,3740.0,4868.0,11409.0,3805.0,2945.0,2588.0,19921.0,4002.0,17765.0,13730.0,13617.0,15398.0,96069.0,2102.0,11757.0,21700.0,690798.0,115987.0,379470.0,263425.0,136614.0,271381.0,5590638.0,70735.0,42543.0,134374.0
2025Q3,133.89966263820276,110.94164263239593,113.39864732911578,131.08584557788325,114.85383182000031,113.55840040355568,133.28544413342038,150.976323948904,124.3993302923466,157.04952716677207,134.70840800706875,138.28428522059647,158.17601751910877,105.28975244343545,106.85416087422922,119.04589278924047,94.74409726251534,128.61056349301708,136.15528481588632,129.16984042958092,114.68382220081307,114.20186753411407,147.94436628313116,171.15285620954353,124.26914326474062,121.29721273517377,551.5935857927632,164.64597899784954,148.807733524075,156.25200002926255,117.94378404426837,105.1801806253603,127.91569973674376,115.11423974614839,169.52023340738822,129.10048365711032,120.46761783618707,124.41675192254962,205.88080902133623,121.5394464757327,91.01780717957453,111.25318752192268,125.607764155611,100.39128010822051,159.2328193616427,337.34600920406206,139.73163378096262,124.22869139102932,180.75916060424618,113.34496149565793,160.8254993513093,150.15410918919653,180.62465753168544,12162.0,1533.0,2054.0,1814.0,7444.0,12142.0,70073.0,3814.0,20824.0,90897.0,5009.0,4596.0,3855.0,4480.0,11564.0,3657.0,2439.0,2866.0,15894.0,3612.0,16171.0,12040.0,13587.0,14319.0,90897.0,1967.0,10753.0,22059.0,690660.0,116020.0,378230.0,262350.0,137618.0,272819.0,5602051.0,70489.0,42559.0,141660.0
2025Q4,130.313358663175,110.5879066608774,111.81158985875437,126.86760082413822,110.88252513471569,110.64966176187816,140.43988841090794,153.30612876780063,123.44597376857676,148.96962161191692,141.92444641628737,137.6737318399746,163.5357567974094,107.84951116443315,105.28931435747654,114.94582278931892,94.06575387765876,125.74448806802684,133.4373047889884,127.07304459452199,119.85284943809724,110.40188712091016,152.58409688134523,166.60415024955316,123.14180180251668,119.152223378535,518.6304949327946,160.43126737221363,147.08053118226877,150.94366370948484,107.48786715170708,102.03641450058095,127.63043273487546,114.64070120341239,166.14062845472847,125.87617020695247,119.28976409359615,123.73564531763262,218.0960827714976,120.08373651665792,91.64427521757217,107.96429921199554,116.44640902617331,99.54560055435051,147.60731222586938,341.6372380437573,137.56433487787984,122.55250095579231,181.74743524184362,119.979285130825,158.45907825362931,149.86379370106584,183.28235643357186,10604.0,1388.0,1911.0,1356.0,8145.0,12285.0,69149.0,3422.0,20003.0,89152.0,5565.0,4329.0,3681.0,4602.0,11916.0,3351.0,2383.0,2764.0,15695.0,2839.0,15388.0,13134.0,11904.0,13733.0,89152.0,2607.0,9847.0,22539.0,693073.0,118165.0,382698.0,264522.0,136587.0,269645.0,5631884.0,69853.0,41604.0,153362.0
2026Q1,129.80682847723722,113.83752227719239,113.0894885528903,129.39866332734246,107.33314259004062,110.24530477903339,142.7712426595703,157.05107758277185,126.88287145798145,144.52182939757108,139.3285072805346,143.20508231653847,166.66382387484984,115.0280069574167,104.69869242985746,110.42141866868499,92.79372063097465,124.80234974125662,140.48309200592314,126.86591074370261,127.23850861084591,109.71293588998039,153.982287575628,157.96463789091376,126.46663504447822,120.228879872866,424.0861206403182,164.40353299472346,157.6004245117466,148.97995956770208,100.56600357198562,96.38789093076697,127.32486927801553,111.41004543756254,166.66279789996662,126.67722940442185,118.29190653113362,120.7828944759477,221.4613377750027,120.86972405048992,86.52869636035531,107.07360935785476,121.54168624517268,97.63225449309081,149.60280992441247,268.8109952221317,137.9461029727331,121.69332610459676,194.76751688559256,138.52310215821947,159.38934434756223,145.95322152962638,195.46659760591777,12561.0,1761.0,2126.0,1808.0,9212.0,12070.0,78616.0,4622.0,23045.0,101661.0,6695.0,4321.0,3482.0,4941.0,13428.0,4072.0,3013.0,3622.0,17793.0,4041.0,17867.0,15293.0,12846.0,16239.0,101661.0,2661.0,11630.0,25125.0,693219.0,119674.0,385924.0,266215.0,137641.0,273084.0,5671792.0,71151.0,41860.0,156085.0
2026Q2,128.16917444402668,112.34486980552947,109.728400064342,127.2486065977943,102.62783614052653,106.50071453034914,140.4225736782837,158.29476814818662,124.88843883293124,137.19713844185983,138.13057616267199,140.80762669308461,161.83677759919232,111.35469649259947,100.47400252104498,101.7694268384727,89.73918562945141,122.52690297294946,136.66529564674485,118.20780623284516,121.61068428330815,107.26657436334916,153.13670556662947,159.38220031841178,123.7578975149187,117.94468856575291,350.45035038981524,169.60496672401678,163.00844877502476,152.07008977543515,95.64794730060291,94.20670131148921,118.42985682525654,110.00856236465562,174.23690662035946,126.27956252659139,114.58784439476261,120.51300692632907,217.50403214028836,119.36175859982578,81.96994487469061,101.85652218843157,123.61232444168884,94.4384116063537,147.9887029205216,215.75548284414924,135.63247084389954,118.04060198331553,176.07175773749526,133.71463567445724,154.4084089843833,141.3706186654807,174.8168931189133,14948.0,1795.0,3103.0,1779.0,8244.0,12113.0,74069.0,4358.0,24613.0,98682.0,5033.0,4684.0,3920.0,5620.0,12169.0,2852.0,3256.0,3267.0,17806.0,2911.0,16587.0,14192.0,14833.0,15390.0,98682.0,1713.0,12227.0,23740.0,695819.0,118236.0,386190.0,267866.0,140703.0,277942.0,5702468.0,71292.0,42374.0,160732.0
2026Q3,125.55602144095938,112.28035105619385,103.70113856201839,125.92725081440246,100.72674291082178,105.06956391153662,142.042754207466,156.68409361071753,123.12769947830614,142.3181386412727,136.72098287980646,134.45025730777493,160.07260795355717,104.19471840427099,99.05606580059131,98.44477164731083,85.45246073273077,121.71670553827909,132.47163868546207,114.08177728335808,123.77781335725693,107.448856633842,150.33184972029053,166.09668687237303,119.36972549702737,114.76833552830638,291.51813435936197,169.77169812061422,156.99385093495738,152.39074274698154,100.47065284605934,96.76455937516114,117.72062956097885,109.5733687916707,179.5132226415936,130.35288320232183,112.02042685347455,118.43344577601746,210.08008568453053,114.25198097543746,83.00287377411816,104.16996292561824,124.65971625320162,93.20490728734814,154.98221290422663,216.87350486179363,132.51645336088222,115.58011272562584,162.1452691072247,111.24080165398108,149.72718549033738,136.18190068516867,159.28134378906122,,,,,,,,,,,,,,,,,,,,,,,,,,,,,,,,,,,,,,
2026Q4,125.066134570326,111.532246302388,100.19961472891,127.875786128204,102.313782621768,105.739894659711,145.288650239147,156.281090308303,123.901217324692,146.154810819461,141.150771962157,134.9025330799,165.427481125755,102.257445894592,99.0218172202676,100.048217752593,83.8819269836479,121.701925571757,133.03866972029,116.081027903085,127.023438325582,103.83658021544,152.261745672046,173.412998519092,118.409829520395,114.24475095905,285.956257238783,166.318461418548,155.24141329808,150.894551280032,98.8153545947933,99.6109150730048,122.332310300388,112.880329772335,180.852824376826,132.007949673619,113.952326182208,121.05359645255,210.984549624852,115.163390801935,86.5982998601963,102.679151880158,130.477781756992,92.4548916544656,152.19734194399,211.773652826875,131.170936449252,118.246990483916,163.606270593975,113.595992711463,148.693248603296,137.889858438756,161.942896192103,,,,,,,,,,,,,,,,,,,,,,,,,,,,,,,,,,,,,,
