date,canton,simap_award_n,simap_other_n,simap_tender_n,simap_award_chf,simap_other_chf,simap_tender_chf
2024-07-05,vd,0.0,0.0,2.0,0.0,0.0,0.0
2024-07-12,ge,0.0,0.0,1.0,0.0,0.0,0.0
2024-07-12,vs,0.0,0.0,2.0,0.0,0.0,0.0
2024-07-19,ge,0.0,0.0,1.0,0.0,0.0,0.0
2024-07-19,vd,0.0,0.0,2.0,0.0,0.0,0.0
2024-07-19,vs,0.0,0.0,1.0,0.0,0.0,0.0
2024-07-26,vd,0.0,0.0,2.0,0.0,0.0,0.0
2024-07-26,vs,0.0,0.0,8.0,0.0,0.0,0.0
2024-08-02,vd,0.0,0.0,2.0,0.0,0.0,0.0
2024-08-16,ge,0.0,0.0,4.0,0.0,0.0,0.0
2024-08-16,vd,0.0,0.0,3.0,0.0,0.0,0.0
2024-08-16,vs,0.0,0.0,2.0,0.0,0.0,0.0
2024-08-23,ge,0.0,0.0,3.0,0.0,0.0,0.0
2024-08-23,vd,0.0,0.0,4.0,0.0,0.0,0.0
2024-08-30,ge,0.0,0.0,1.0,0.0,0.0,0.0
2024-08-30,vd,0.0,0.0,4.0,0.0,0.0,0.0
2024-08-30,vs,0.0,0.0,2.0,0.0,0.0,0.0
2024-09-06,ge,0.0,0.0,2.0,0.0,0.0,0.0
2024-09-06,vd,0.0,0.0,9.0,0.0,0.0,0.0
2024-09-06,vs,0.0,0.0,1.0,0.0,0.0,0.0
2024-09-13,ge,0.0,0.0,2.0,0.0,0.0,0.0
2024-09-13,vd,0.0,0.0,6.0,0.0,0.0,0.0
2024-09-20,ge,2.0,0.0,2.0,0.0,0.0,0.0
2024-09-20,vd,0.0,0.0,6.0,0.0,0.0,0.0
2024-09-27,ge,0.0,0.0,7.0,0.0,0.0,0.0
2024-09-27,vd,0.0,0.0,5.0,0.0,0.0,0.0
2024-09-27,vs,1.0,0.0,0.0,938944.75,0.0,0.0
2024-10-04,ge,0.0,0.0,3.0,0.0,0.0,0.0
2024-10-04,vd,1.0,0.0,3.0,1644020.45,0.0,0.0
2024-10-04,vs,1.0,0.0,1.0,555316.4,0.0,0.0
2024-10-11,ge,1.0,1.0,2.0,1817316.49,0.0,0.0
2024-10-11,vd,0.0,0.0,2.0,0.0,0.0,0.0
2024-10-11,vs,1.0,1.0,0.0,3033881.45,0.0,0.0
2024-10-18,ge,2.0,0.0,7.0,1234645.94,0.0,0.0
2024-10-18,vd,0.0,0.0,6.0,0.0,0.0,0.0
2024-10-18,vs,1.0,0.0,0.0,1524380.85,0.0,0.0
2024-10-25,ge,2.0,0.0,2.0,911658.0,0.0,0.0
2024-10-25,vd,0.0,1.0,12.0,0.0,0.0,0.0
2024-10-25,vs,1.0,0.0,2.0,147354.6,0.0,0.0
2024-11-01,ge,0.0,0.0,4.0,0.0,0.0,0.0
2024-11-01,vd,0.0,1.0,9.0,0.0,0.0,0.0
2024-11-08,ge,0.0,0.0,12.0,0.0,0.0,0.0
2024-11-08,vd,0.0,0.0,3.0,0.0,0.0,0.0
2024-11-08,vs,4.0,0.0,1.0,3132458.0,0.0,0.0
2024-11-15,ge,0.0,1.0,4.0,0.0,0.0,0.0
2024-11-15,vd,2.0,0.0,8.0,4810995.26,0.0,0.0
2024-11-15,vs,2.0,0.0,1.0,1630342.0499999998,0.0,0.0
2024-11-22,ge,2.0,0.0,1.0,734220.42,0.0,0.0
2024-11-22,vd,1.0,0.0,4.0,3035858.0,0.0,0.0
2024-11-22,vs,1.0,0.0,1.0,327349.51,0.0,0.0
2024-11-29,ge,4.0,0.0,0.0,2420332.04,0.0,0.0
2024-11-29,vd,0.0,0.0,5.0,0.0,0.0,0.0
2024-11-29,vs,6.0,2.0,0.0,3701560.1,0.0,0.0
2024-12-06,ge,1.0,2.0,4.0,0.0,0.0,0.0
2024-12-06,vd,1.0,0.0,10.0,0.0,0.0,0.0
2024-12-06,vs,4.0,1.0,1.0,7169803.5,0.0,0.0
2024-12-13,ge,2.0,0.0,4.0,892961.0800000001,0.0,0.0
2024-12-13,vd,4.0,0.0,5.0,1904146.85,0.0,0.0
2024-12-13,vs,2.0,0.0,0.0,658485.8,0.0,0.0
2024-12-20,ge,3.0,2.0,8.0,2413553.28,0.0,0.0
2024-12-20,vd,2.0,5.0,4.0,2365457.9,0.0,0.0
2024-12-20,vs,5.0,0.0,5.0,2143766.55,0.0,0.0
2024-12-27,ge,3.0,0.0,0.0,1860675.54,0.0,0.0
2024-12-27,vd,0.0,0.0,4.0,0.0,0.0,0.0
2024-12-27,vs,2.0,0.0,1.0,2833322.1500000004,0.0,0.0
2025-01-03,vs,0.0,0.0,1.0,0.0,0.0,0.0
2025-01-10,ge,1.0,0.0,1.0,1105543.45,0.0,0.0
2025-01-10,vd,1.0,0.0,3.0,4917019.85,0.0,0.0
2025-01-10,vs,3.0,0.0,3.0,5161846.8,0.0,0.0
2025-01-17,ge,6.0,0.0,3.0,4179807.2399999998,0.0,0.0
2025-01-17,vd,6.0,0.0,4.0,12544223.28,0.0,0.0
2025-01-17,vs,1.0,0.0,2.0,617988.25,0.0,0.0
2025-01-24,ge,0.0,0.0,9.0,0.0,0.0,0.0
2025-01-24,vd,0.0,0.0,2.0,0.0,0.0,0.0
2025-01-24,vs,1.0,0.0,0.0,1044047.6,0.0,0.0
2025-01-31,ge,4.0,0.0,5.0,1588149.44,0.0,0.0
2025-01-31,vd,0.0,0.0,3.0,0.0,0.0,0.0
2025-01-31,vs,0.0,0.0,3.0,0.0,0.0,0.0
2025-02-07,ge,5.0,0.0,5.0,3524817.2,0.0,0.0
2025-02-07,vd,4.0,0.0,8.0,11403665.899999999,0.0,0.0
2025-02-07,vs,1.0,0.0,0.0,5656793.5,0.0,0.0
2025-02-14,ge,1.0,0.0,4.0,242815.08,0.0,0.0
2025-02-14,vd,4.0,0.0,7.0,1948683.22,0.0,0.0
2025-02-14,vs,1.0,0.0,0.0,532816.4,0.0,0.0
2025-02-21,ge,6.0,1.0,5.0,4829417.58,0.0,0.0
2025-02-21,vd,4.0,0.0,7.0,3215931.85,0.0,0.0
2025-02-21,vs,2.0,0.0,5.0,2138795.5999999996,0.0,0.0
2025-02-28,ge,5.0,0.0,6.0,14537640.469999999,0.0,0.0
2025-02-28,vd,3.0,0.0,2.0,3092582.15,0.0,0.0
2025-02-28,vs,6.0,1.0,1.0,30742907.91,0.0,0.0
2025-03-07,ge,7.0,1.0,2.0,6338902.71,0.0,0.0
2025-03-07,vd,1.0,1.0,5.0,448336.97,0.0,0.0
2025-03-07,vs,1.0,0.0,1.0,1262906.15,0.0,0.0
2025-03-14,ge,7.0,1.0,6.0,8729675.17,0.0,0.0
2025-03-14,vd,4.0,1.0,2.0,1792596.6099999999,0.0,0.0
2025-03-14,vs,4.0,0.0,7.0,2545818.2,0.0,0.0
2025-03-21,ge,15.0,0.0,15.0,30236542.650000002,0.0,0.0
2025-03-21,vd,4.0,0.0,5.0,7374060.57,0.0,0.0
2025-03-21,vs,9.0,0.0,0.0,9479081.5,0.0,0.0
2025-03-28,ge,1.0,1.0,3.0,620494.0,0.0,0.0
2025-03-28,vd,6.0,0.0,9.0,17140310.18,0.0,0.0
2025-03-28,vs,6.0,0.0,0.0,4957462.45,0.0,0.0
2025-04-04,ge,7.0,1.0,8.0,6717872.7,0.0,0.0
2025-04-04,vd,7.0,0.0,9.0,19927150.65,0.0,0.0
2025-04-04,vs,4.0,0.0,1.0,3005624.6500000004,0.0,0.0
2025-04-11,ge,4.0,0.0,5.0,1574454.0299999998,0.0,0.0
2025-04-11,vd,5.0,0.0,5.0,2577383.4,0.0,0.0
2025-04-11,vs,2.0,2.0,5.0,429956.95,0.0,0.0
2025-04-18,ge,1.0,1.0,6.0,12150671.42,0.0,0.0
2025-04-18,vd,7.0,0.0,2.0,6224427.18,0.0,0.0
2025-04-18,vs,0.0,0.0,2.0,0.0,0.0,0.0
2025-04-25,ge,1.0,0.0,2.0,0.0,0.0,0.0
2025-04-25,vd,3.0,0.0,1.0,5925895.0600000005,0.0,0.0
2025-04-25,vs,1.0,0.0,4.0,5123010.3,0.0,0.0
2025-05-02,ge,6.0,0.0,1.0,7303279.36,0.0,0.0
2025-05-02,vd,4.0,0.0,6.0,3016073.9499999997,0.0,0.0
2025-05-02,vs,7.0,0.0,1.0,5719927.22,0.0,0.0
2025-05-09,ge,3.0,0.0,1.0,5601913.24,0.0,0.0
2025-05-09,vd,5.0,1.0,8.0,1765112.0,0.0,0.0
2025-05-09,vs,2.0,0.0,0.0,467712.8,0.0,0.0
2025-05-16,ge,3.0,0.0,3.0,11322710.01,0.0,0.0
2025-05-16,vd,7.0,0.0,29.0,20641118.38,0.0,0.0
2025-05-16,vs,2.0,2.0,1.0,1972206.05,0.0,0.0
2025-05-23,ge,5.0,0.0,4.0,4862006.79,0.0,0.0
2025-05-23,vd,25.0,7.0,9.0,18824818.53,0.0,0.0
2025-05-23,vs,21.0,0.0,9.0,30804726.330000002,0.0,0.0
2025-05-30,ge,2.0,2.0,3.0,1065276.3599999999,0.0,0.0
2025-05-30,vd,4.0,0.0,10.0,2961999.62,0.0,0.0
2025-05-30,vs,4.0,0.0,3.0,621240.18,0.0,0.0
2025-06-06,ge,16.0,0.0,4.0,13530781.11,0.0,0.0
2025-06-06,vd,17.0,0.0,0.0,13882287.3,0.0,0.0
2025-06-06,vs,7.0,0.0,2.0,4728594.52,0.0,0.0
2025-06-13,ge,1.0,0.0,2.0,1569475.35,0.0,0.0
2025-06-13,vd,12.0,1.0,6.0,41241591.5,0.0,0.0
2025-06-13,vs,6.0,0.0,2.0,3364443.4000000004,0.0,0.0
2025-06-20,ge,0.0,0.0,2.0,0.0,0.0,0.0
2025-06-20,vd,5.0,0.0,10.0,4178490.02,0.0,0.0
2025-06-20,vs,10.0,0.0,1.0,5029272.98,0.0,0.0
2025-06-27,ge,1.0,1.0,2.0,0.0,0.0,0.0
2025-06-27,vd,13.0,0.0,3.0,6835924.2,0.0,0.0
2025-06-27,vs,6.0,1.0,1.0,9301398.95,0.0,0.0
2025-07-04,ge,4.0,2.0,5.0,28365399.84,0.0,0.0
2025-07-04,vd,2.0,0.0,10.0,969321.78,0.0,0.0
2025-07-04,vs,7.0,0.0,1.0,4163287.1,0.0,0.0
2025-07-11,ge,4.0,0.0,2.0,34478254.61,0.0,0.0
2025-07-11,vd,1.0,0.0,5.0,1140807.0,0.0,0.0
2025-07-11,vs,5.0,0.0,1.0,2958680.7,0.0,0.0
2025-07-18,ge,4.0,1.0,6.0,8156716.6899999995,0.0,0.0
2025-07-18,vd,11.0,0.0,11.0,2875138.2,0.0,0.0
2025-07-18,vs,4.0,0.0,5.0,3857839.36,0.0,0.0
2025-07-25,ge,2.0,3.0,5.0,1074804.8399999999,0.0,0.0
2025-07-25,vd,9.0,0.0,6.0,8623614.25,0.0,0.0
2025-07-25,vs,4.0,0.0,0.0,7277790.86,0.0,0.0
2025-08-01,ge,1.0,0.0,4.0,314716.7,0.0,0.0
2025-08-01,vd,3.0,0.0,4.0,3757950.6999999997,0.0,0.0
2025-08-01,vs,0.0,1.0,1.0,0.0,0.0,0.0
2025-08-08,ge,0.0,0.0,5.0,0.0,0.0,0.0
2025-08-08,vd,6.0,2.0,2.0,2099766.65,0.0,0.0
2025-08-08,vs,5.0,0.0,0.0,16201269.18,0.0,0.0
2025-08-15,ge,9.0,0.0,1.0,4420521.02,0.0,0.0
2025-08-15,vd,4.0,1.0,3.0,2042544.2000000002,0.0,0.0
2025-08-15,vs,2.0,0.0,1.0,1874072.75,0.0,0.0
2025-08-22,ge,1.0,2.0,1.0,0.0,0.0,0.0
2025-08-22,vd,7.0,0.0,4.0,31323107.57,0.0,0.0
2025-08-22,vs,4.0,0.0,1.0,3071841.25,0.0,0.0
2025-08-29,ge,2.0,0.0,6.0,605614.1000000001,0.0,0.0
2025-08-29,vd,3.0,0.0,8.0,8172272.779999999,0.0,0.0
2025-08-29,vs,2.0,0.0,1.0,1246827.4,0.0,0.0
2025-09-05,ge,7.0,0.0,5.0,29285360.259999998,0.0,0.0
2025-09-05,vd,17.0,0.0,2.0,27118337.529999997,0.0,0.0
2025-09-05,vs,3.0,0.0,5.0,4117259.65,0.0,0.0
2025-09-12,ge,1.0,5.0,11.0,5066820.66,0.0,0.0
2025-09-12,vd,2.0,0.0,9.0,1056415.0,0.0,0.0
2025-09-12,vs,3.0,0.0,0.0,1384607.25,0.0,0.0
2025-09-19,ge,1.0,0.0,0.0,3175993.53,0.0,0.0
2025-09-19,vd,2.0,2.0,2.0,972232.37,0.0,0.0
2025-09-19,vs,2.0,0.0,2.0,923204.82,0.0,0.0
2025-09-26,ge,10.0,1.0,0.0,8431377.18,0.0,0.0
2025-09-26,vd,4.0,1.0,3.0,3753246.1,0.0,0.0
2025-09-26,vs,2.0,0.0,9.0,638624.4,0.0,0.0
2025-10-03,ge,3.0,0.0,1.0,6695733.95,0.0,0.0
2025-10-03,vd,1.0,0.0,5.0,139507.0,0.0,0.0
2025-10-03,vs,2.0,0.0,1.0,385795.6,0.0,0.0
2025-10-10,ge,5.0,0.0,3.0,0.0,0.0,0.0
2025-10-10,vd,10.0,5.0,14.0,10143937.53,0.0,0.0
2025-10-10,vs,2.0,0.0,3.0,1481668.35,0.0,0.0
2025-10-17,ge,7.0,0.0,8.0,2060521.81,0.0,0.0
2025-10-17,vd,20.0,1.0,5.0,24654562.1,0.0,0.0
2025-10-17,vs,2.0,0.0,1.0,915883.4299999999,0.0,0.0
2025-10-24,ge,0.0,0.0,9.0,0.0,0.0,0.0
2025-10-24,vd,9.0,0.0,13.0,18133386.25,0.0,0.0
2025-10-24,vs,5.0,0.0,1.0,8615461.9,0.0,0.0
2025-10-31,ge,2.0,1.0,4.0,6558404.409999999,0.0,0.0
2025-10-31,vd,6.0,0.0,10.0,4704227.84,0.0,0.0
2025-10-31,vs,5.0,0.0,1.0,5036185.75,0.0,0.0
2025-11-07,ge,1.0,0.0,3.0,488312.0,0.0,0.0
2025-11-07,vd,4.0,3.0,25.0,10420905.6,0.0,0.0
2025-11-07,vs,7.0,1.0,5.0,17236652.92,0.0,0.0
2025-11-14,ge,4.0,1.0,5.0,1436532.4,0.0,0.0
2025-11-14,vd,1.0,1.0,3.0,411472.0,0.0,0.0
2025-11-14,vs,1.0,0.0,2.0,545616.9,0.0,0.0
2025-11-21,ge,7.0,1.0,7.0,491592.42,0.0,0.0
2025-11-21,vd,4.0,2.0,9.0,4470154.640000001,0.0,0.0
2025-11-21,vs,2.0,0.0,0.0,3239677.95,0.0,0.0
2025-11-28,ge,2.0,0.0,4.0,409246.55000000005,0.0,0.0
2025-11-28,vd,3.0,0.0,16.0,3703391.21,0.0,0.0
2025-11-28,vs,15.0,0.0,1.0,12120817.92,0.0,0.0
2025-12-05,ge,6.0,0.0,1.0,27942461.189999998,0.0,0.0
2025-12-05,vd,4.0,3.0,4.0,4666850.16,0.0,0.0
2025-12-05,vs,1.0,0.0,1.0,2265991.1,0.0,0.0
2025-12-12,ge,1.0,0.0,3.0,322974.69,0.0,0.0
2025-12-12,vd,0.0,2.0,6.0,0.0,0.0,0.0
2025-12-12,vs,2.0,0.0,2.0,1040542.37,0.0,0.0
2025-12-19,ge,2.0,2.0,5.0,24203503.74,0.0,0.0
2025-12-19,vd,10.0,2.0,5.0,17310020.6,0.0,0.0
2025-12-19,vs,1.0,1.0,4.0,396400.75,0.0,0.0
2025-12-26,ge,1.0,0.0,0.0,0.0,0.0,0.0
2025-12-26,vd,1.0,0.0,0.0,413009.0,0.0,0.0
2025-12-26,vs,1.0,0.0,3.0,282178.9,0.0,0.0
2026-01-02,vs,1.0,0.0,0.0,248517.25,0.0,0.0
2026-01-09,ge,6.0,0.0,3.0,12256326.96,0.0,0.0
2026-01-09,vd,29.0,0.0,3.0,35256299.18,0.0,0.0
2026-01-09,vs,1.0,0.0,1.0,719778.35,0.0,0.0
2026-01-16,ge,0.0,1.0,3.0,0.0,0.0,0.0
2026-01-16,vd,5.0,0.0,13.0,5355117.850000001,0.0,0.0
2026-01-16,vs,7.0,0.0,1.0,5593193.3,0.0,0.0
2026-01-23,ge,1.0,1.0,3.0,4745590.0,0.0,0.0
2026-01-23,vd,8.0,3.0,4.0,26843521.44,0.0,0.0
2026-01-23,vs,2.0,1.0,0.0,1786920.8900000001,0.0,0.0
2026-01-30,ge,4.0,0.0,2.0,719667.01,0.0,0.0
2026-01-30,vd,6.0,0.0,3.0,21995090.65,0.0,0.0
2026-01-30,vs,4.0,0.0,1.0,3657703.45,0.0,0.0
2026-02-06,ge,1.0,0.0,5.0,270918.92,0.0,0.0
2026-02-06,vd,3.0,0.0,17.0,3591034.3,0.0,0.0
2026-02-06,vs,5.0,0.0,1.0,5567609.33,0.0,0.0
2026-02-13,ge,2.0,0.0,2.0,5290529.0,0.0,0.0
2026-02-13,vd,6.0,0.0,5.0,6064941.850000001,0.0,0.0
2026-02-13,vs,5.0,0.0,3.0,5700635.2,0.0,0.0
2026-02-20,ge,2.0,0.0,9.0,4153823.5,0.0,0.0
2026-02-20,vd,6.0,0.0,8.0,6887654.0,0.0,0.0
2026-02-20,vs,10.0,0.0,1.0,16388597.34,0.0,0.0
2026-02-27,ge,2.0,0.0,4.0,779842.59,0.0,0.0
2026-02-27,vd,3.0,2.0,7.0,858653.55,0.0,0.0
2026-02-27,vs,4.0,0.0,1.0,5363715.75,0.0,0.0
2026-03-06,ge,9.0,0.0,5.0,4170609.05,0.0,0.0
2026-03-06,vd,2.0,0.0,19.0,1033879.5,0.0,0.0
2026-03-06,vs,13.0,0.0,2.0,19432136.43,0.0,0.0
2026-03-13,ge,6.0,0.0,5.0,57556527.0,0.0,0.0
2026-03-13,vd,24.0,1.0,5.0,633942.0,0.0,0.0
2026-03-13,vs,3.0,1.0,2.0,16323847.349999998,0.0,0.0
2026-03-20,ge,12.0,0.0,5.0,29293768.740000002,0.0,0.0
2026-03-20,vd,3.0,0.0,8.0,9407662.4,0.0,0.0
2026-03-20,vs,6.0,0.0,1.0,2188800.9000000004,0.0,0.0
2026-03-27,ge,1.0,0.0,3.0,1219097.48,0.0,0.0
2026-03-27,vd,14.0,0.0,5.0,13426153.42,0.0,0.0
2026-03-27,vs,4.0,0.0,5.0,3166269.85,0.0,0.0
2026-04-03,ge,0.0,0.0,13.0,0.0,0.0,0.0
2026-04-03,vd,8.0,1.0,13.0,15347221.35,0.0,0.0
2026-04-03,vs,9.0,0.0,10.0,6206331.7700000005,0.0,0.0
2026-04-10,ge,3.0,0.0,5.0,3693067.6,0.0,0.0
2026-04-10,vd,6.0,0.0,15.0,11509350.23,0.0,0.0
2026-04-10,vs,10.0,0.0,1.0,8343766.16,0.0,0.0
2026-04-17,ge,2.0,0.0,7.0,2724864.44,0.0,0.0
2026-04-17,vd,4.0,0.0,13.0,3854796.97,0.0,0.0
2026-04-17,vs,4.0,0.0,0.0,3513544.75,0.0,0.0
2026-04-24,ge,12.0,0.0,2.0,18958576.18,0.0,0.0
2026-04-24,vd,15.0,2.0,28.0,19987464.740000002,0.0,0.0
2026-04-24,vs,10.0,0.0,3.0,6673815.6,0.0,0.0
2026-05-01,ge,2.0,0.0,5.0,39722182.93,0.0,0.0
2026-05-01,vd,24.0,3.0,14.0,34380870.480000004,0.0,0.0
2026-05-01,vs,7.0,0.0,3.0,3978769.46,0.0,0.0
2026-05-08,ge,2.0,0.0,4.0,9508799.219999999,0.0,0.0
2026-05-08,vd,8.0,1.0,11.0,4939920.55,0.0,0.0
2026-05-08,vs,16.0,0.0,7.0,38373383.37,0.0,0.0
2026-05-15,ge,1.0,0.0,3.0,1128491.7,0.0,0.0
2026-05-15,vd,5.0,0.0,11.0,10244457.469999999,0.0,0.0
2026-05-15,vs,4.0,0.0,10.0,3627852.2,0.0,0.0
2026-05-22,ge,4.0,0.0,15.0,2061733.19,0.0,0.0
2026-05-22,vd,10.0,0.0,22.0,6042747.470000001,0.0,0.0
2026-05-22,vs,3.0,0.0,0.0,1086183.05,0.0,0.0
2026-05-29,ge,4.0,1.0,1.0,5012672.25,0.0,0.0
2026-05-29,vd,6.0,0.0,13.0,11392857.83,0.0,0.0
2026-05-29,vs,9.0,2.0,4.0,3573940.5,0.0,0.0
2026-06-05,ge,9.0,0.0,10.0,6816017.3,0.0,0.0
2026-06-05,vd,6.0,1.0,8.0,11060802.85,0.0,0.0
2026-06-05,vs,6.0,0.0,1.0,4029507.9,0.0,0.0
2026-06-12,ge,0.0,0.0,4.0,0.0,0.0,0.0
2026-06-12,vd,8.0,0.0,10.0,43921104.07,0.0,0.0
2026-06-12,vs,3.0,0.0,8.0,1016608.6,0.0,0.0
2026-06-19,ge,6.0,1.0,9.0,1955497.97,0.0,0.0
2026-06-19,vd,3.0,1.0,22.0,17806967.37,0.0,0.0
2026-06-19,vs,7.0,0.0,3.0,8790344.7,0.0,0.0
2026-06-26,ge,2.0,0.0,4.0,1628240.3,0.0,0.0
2026-06-26,vd,21.0,1.0,15.0,20372626.64,0.0,0.0
2026-06-26,vs,5.0,0.0,11.0,87283988.3,0.0,0.0
2026-07-03,ge,2.0,0.0,6.0,3958245.0,0.0,0.0
2026-07-03,vd,13.0,1.0,14.0,7930684.87,0.0,0.0
2026-07-03,vs,17.0,0.0,3.0,20302290.08,0.0,0.0
2026-07-10,ge,2.0,0.0,11.0,2160762.69,0.0,0.0
2026-07-10,vd,5.0,1.0,11.0,5773573.6,0.0,0.0
2026-07-10,vs,1.0,0.0,4.0,195672.8,0.0,0.0
2026-07-17,ge,6.0,3.0,3.0,2609857.61,0.0,0.0
2026-07-17,vd,3.0,0.0,11.0,957392.1699999999,0.0,0.0
2026-07-17,vs,6.0,0.0,7.0,2909910.75,0.0,0.0
2026-07-24,ge,1.0,1.0,10.0,40819.82,0.0,0.0
2026-07-24,vd,5.0,1.0,10.0,4507054.84,0.0,0.0
2026-07-24,vs,3.0,0.0,4.0,438432.34,0.0,0.0
2026-07-31,ge,8.0,1.0,4.0,8733250.879999999,0.0,0.0
2026-07-31,vd,5.0,0.0,8.0,10518254.81,0.0,0.0
2026-07-31,vs,4.0,1.0,2.0,1540484.4,0.0,0.0
2026-08-07,ge,3.0,2.0,1.0,3131389.56,0.0,0.0
2026-08-07,vd,6.0,0.0,2.0,23872584.67,0.0,0.0
2026-08-07,vs,6.0,0.0,3.0,30609137.45,0.0,0.0
2026-08-14,ge,10.0,0.0,3.0,4833015.22,0.0,0.0
2026-08-14,vd,2.0,1.0,5.0,4236316.12,0.0,0.0
2026-08-14,vs,4.0,0.0,0.0,1957940.4500000002,0.0,0.0
2026-08-21,ge,1.0,0.0,11.0,1000377.5,0.0,0.0
2026-08-21,vd,3.0,0.0,13.0,1999582.85,0.0,0.0
2026-08-21,vs,4.0,0.0,5.0,1444112.44,0.0,0.0
2026-08-28,ge,1.0,1.0,7.0,2038000.0,0.0,0.0
2026-08-28,vd,11.0,0.0,14.0,10215233.28,0.0,0.0
2026-08-28,vs,6.0,0.0,4.0,3572261.4,0.0,0.0
2026-09-04,ge,9.0,0.0,9.0,4121325.05,0.0,0.0
2026-09-04,vd,6.0,1.0,10.0,27589586.7,0.0,0.0
2026-09-04,vs,3.0,1.0,8.0,3282353.0,0.0,0.0
2026-09-11,ge,4.0,0.0,9.0,23890839.0,0.0,0.0
2026-09-11,vd,4.0,1.0,12.0,2665290.6,0.0,0.0
2026-09-11,vs,2.0,0.0,9.0,8019236.36,0.0,0.0
2026-09-18,ge,10.0,0.0,3.0,4318149.3,0.0,0.0
2026-09-18,vd,4.0,2.0,9.0,11023858.5,0.0,0.0
2026-09-18,vs,17.0,1.0,1.0,6635911.51,0.0,0.0
2026-09-25,ge,5.0,0.0,13.0,836951.4199999999,0.0,0.0
2026-09-25,vd,4.0,2.0,7.0,31661507.029999997,0.0,0.0
2026-09-25,vs,10.0,0.0,1.0,10569179.65,0.0,0.0
2026-10-02,ge,2.0,1.0,11.0,838581.07,0.0,0.0
2026-10-02,vd,6.0,0.0,17.0,4114822.85,0.0,0.0
2026-10-02,vs,5.0,0.0,5.0,3044237.6500000004,0.0,0.0
2026-10-09,ge,0.0,0.0,2.0,0.0,0.0,0.0
