start,end,type,name,nationwide
2020-02-08,2020-02-16,School,Vacances de février,False
2020-04-09,2020-04-19,School,Vacances de Pâques,False
2020-06-27,2020-08-23,School,Vacances d'été,False
2020-10-17,2020-10-25,School,Vacances d'automne,False
2020-12-24,2021-01-10,School,Vacances de Noël et Nouvel An,False
2021-02-13,2021-02-21,School,Vacances de février,False
2021-04-01,2021-04-11,School,Vacances de Pâques,False
2021-07-03,2021-08-29,School,Vacances d'été,False
2021-10-23,2021-10-31,School,Vacances d'automne,False
2021-12-24,2022-01-09,School,Vacances de Noël et Nouvel An,False
2022-02-12,2022-02-20,School,Vacances de février,False
2022-04-14,2022-04-24,School,Vacances de Pâques,False
2022-07-02,2022-08-21,School,Vacances d'été,False
2022-10-22,2022-10-30,School,Vacances d'automne,False
2022-12-24,2023-01-08,School,Vacances de Noël et Nouvel An,False
2023-02-18,2023-02-26,School,Vacances de février,False
2023-04-07,2023-04-23,School,Vacances de Pâques,False
2023-05-18,2023-05-19,School,Pont de l'Ascension,False
2023-07-01,2023-08-20,School,Vacances d'été,False
2023-10-21,2023-10-29,School,Vacances d'automne,False
2023-12-23,2024-01-07,School,Vacances de Noël et Nouvel An,False
2024-02-17,2024-02-25,School,Vacances de février,False
2024-03-29,2024-04-14,School,Vacances de Pâques,False
2024-05-09,2024-05-10,School,Pont de l'Ascension,False
2024-06-29,2024-08-18,School,Vacances d'été,False
2024-10-19,2024-10-27,School,Vacances d'automne,False
2024-12-21,2025-01-05,School,Vacances de Noël et Nouvel An,False
2025-02-24,2025-02-28,School,Vacances de février,False
2025-04-18,2025-05-02,School,Vacances de Pâques,False
2025-05-29,2025-05-30,School,Pont de l'Ascension,False
2025-06-30,2025-08-15,School,Vacances d'été,False
2025-10-20,2025-10-24,School,Vacances d'automne,False
2025-12-22,2026-01-02,School,Vacances de Noël et Nouvel An,False
2026-02-23,2026-02-27,School,Vacances de février,False
2026-04-03,2026-04-17,School,Vacances de Pâques,False
2026-05-14,2026-05-15,School,Pont de l'Ascension,False
2026-06-29,2026-08-16,School,Vacances d'été,False
2026-10-19,2026-10-23,School,Vacances d'automne,False
2026-12-24,2027-01-08,School,Vacances de Noël et Nouvel An,False
2027-02-15,2027-02-19,School,Vacances de février,False
2027-03-26,2027-04-09,School,Vacances de Pâques,False
2027-05-06,2027-05-07,School,Pont de l'Ascension,False
2027-07-05,2027-08-25,School,Vacances d'été,False
2027-10-25,2027-10-29,School,Vacances d'automne,False
2027-12-24,2028-01-07,School,Vacances de Noël et Nouvel An,False
