date,ch.kof.ie.retro.ch_total.ind.d11,ch.kof.ie.retro.ch_total.ass.d11,ch.kof.ie.retro.ch_total.exp.d11
1992-07-01,-19.363400806285114,-25.48590703115639,-13.24089458141384
1992-10-01,-26.281084683252267,-33.206018270078694,-19.35615109642584
1993-01-01,-22.315116495917763,-30.62321155156049,-14.00702144027504
1993-04-01,-20.332489181598817,-30.05539978376959,-10.60957857942804
1993-07-01,-17.831488302105047,-28.761147104828993,-6.9018294993811
1993-10-01,-12.22556651914886,-26.55706215137009,2.10592911307237
1994-01-01,-7.5627057056424345,-22.10775266365059,6.98234125236572
1994-04-01,-4.655248211662981,-16.131262011191392,6.82076558786543
1994-07-01,-3.624278257615186,-14.037891814155092,6.78933529892472
1994-10-01,-4.151596428953235,-11.46849163319899,3.16529877529252
1995-01-01,-8.86029308783257,-11.584787332967192,-6.13579884269795
1995-04-01,-13.081415983002664,-13.817547871147589,-12.34528409485774
1995-07-01,-16.92023410056222,-17.240657409073993,-16.59981079205044
1995-10-01,-20.053247261244813,-19.60984446435519,-20.49665005813444
1996-01-01,-22.073073687968368,-22.445809804176893,-21.70033757175984
1996-04-01,-23.006651264608465,-27.367116020953592,-18.64618650826334
1996-07-01,-23.441234960504914,-28.202032346968892,-18.68043757404094
1996-10-01,-24.699437719741965,-28.52610194340539,-20.87277349607854
1997-01-01,-21.595394762804318,-27.718189464027592,-15.47260006158104
1997-04-01,-15.540968020182902,-24.405193649267492,-6.67674239109831
1997-07-01,-14.497886761135486,-21.75047206468169,-7.24530145758928
1997-10-01,-9.471225044576968,-17.90469996594249,-1.037750123211444
1998-01-01,-7.029059286661916,-15.693821423618491,1.63570285029466
1998-04-01,-7.3462505063561645,-12.651312578763289,-2.0411884339490403
1998-07-01,-5.61492975272375,-8.9484793504303,-2.2813801550172
1998-10-01,-5.669469188545211,-10.051277414877791,-1.28766096221263
1999-01-01,-3.3223041667327546,-9.44811607195404,2.80350773848853
1999-04-01,-5.897928461965685,-9.64876411525783,-2.14709280867354
1999-07-01,-3.3530464978455603,-7.15421376177382,0.44812076608269996
1999-10-01,0.47839654188577496,-4.9450129374277,5.90180602119925
2000-01-01,1.791347379403455,-2.6969073395302505,6.27960209833716
2000-04-01,9.21667870547399,6.26274460711272,12.17061280383526
2000-07-01,11.72792330728119,7.321912821077319,16.13393379348506
2000-10-01,13.750976982169785,10.23316532832581,17.26878863601376
2001-01-01,10.186698952110294,8.502242078316929,11.87115582590366
2001-04-01,5.270542254728935,4.9969388991441495,5.54414561031372
2001-07-01,-2.69919065899774,-2.32389769077443,-3.07448362722105
2001-10-01,-10.56232507154805,-7.139287877786961,-13.98536226530914
2002-01-01,-13.700782511491067,-11.658989163306192,-15.74257585967594
2002-04-01,-13.958352423027716,-14.47976673897169,-13.43693810708374
2002-07-01,-15.394396709126266,-17.14669973610749,-13.64209368214504
2002-10-01,-18.972142549992014,-20.62166373481979,-17.322621365164242
2003-01-01,-18.915239708984814,-20.11343750720809,-17.71704191076154
2003-04-01,-23.334310108095316,-23.47346626138589,-23.19515395480474
2003-07-01,-22.432718822605665,-23.500257045930592,-21.36518059928074
2003-10-01,-17.502034915570817,-19.60769404707939,-15.39637578406224
2004-01-01,-11.784973553730051,-15.342922851421491,-8.22702425603861
2004-04-01,-8.83155571386128,-12.812896788471189,-4.85021463925137
2004-07-01,-6.935561504228044,-9.43424392553736,-4.43687908291873
2004-10-01,-6.751869235530661,-8.961171942358892,-4.54256652870243
2005-01-01,-7.24815684797084,-8.92117424540093,-5.57513945054075
2005-04-01,-6.782491007544985,-6.19627734519267,-7.3687046698973
2005-07-01,-6.47452845786197,-8.245927216192701,-4.70312969953124
2005-10-01,-1.9929911395187592,-2.9944213949189704,-0.991560884118548
2006-01-01,-0.026958370551895205,-2.0722165887815205,2.01829984767773
2006-04-01,3.8545117907753483,0.8111772090956666,6.89784637245503
2006-07-01,6.041300716643731,3.9829408190302997,8.09966061425716
2006-10-01,7.30194842117424,4.47495724242022,10.12893959992826
2007-01-01,8.760874487355204,6.37262006350485,11.14912891120556
2007-04-01,9.81457645683113,7.5004695903346,12.12868332332766
2007-07-01,10.596304884433085,7.61365976133931,13.57895000752686
2007-10-01,10.310698345824541,7.765062383918053,12.85633430773103
2008-01-01,10.184187856556655,7.195843899381577,13.172531813731732
2008-04-01,9.312621698534974,7.677922682202693,10.947320714867255
2008-07-01,6.205036064459803,4.98848902115656,7.4215831077630465
2008-10-01,-0.9943273263716731,0.03303289299401674,-2.021687545737363
2009-01-01,-10.2798167826368,-7.266397334498418,-13.29323623077518
2009-04-01,-16.39459350493435,-14.209317869176921,-18.579869140691777
2009-07-01,-13.573046508884786,-13.724036513992123,-13.42205650377745
2009-10-01,-8.133708715130275,-9.872721020704212,-6.3946964095563406
2010-01-01,-3.0004497644211248,-5.877908347539901,-0.1229911813023477
2010-04-01,1.2488501158380911,-1.4614331377636203,3.9591333694398023
2010-07-01,5.030017438224668,1.438033728070326,8.62200114837901
2010-10-01,7.277719558968607,3.448873565200866,11.106565552736347
2011-01-01,6.757570686014708,3.367813147332085,10.14732822469733
2011-04-01,7.078089831231553,4.584363940102987,9.57181572236012
2011-07-01,2.5511764754752293,1.2523831668638596,3.849969784086599
2011-10-01,-2.67431659107298,-2.779632243064145,-2.5690009390818145
2012-01-01,-3.3685886071146776,-2.362235443381093,-4.374941770848262
2012-04-01,-1.2442709744707865,-2.1024690520729847,-0.3860728968685881
2012-07-01,-0.5266163284095765,-1.464413402124169,0.4111807453050161
2012-10-01,-1.542882222525406,-3.2763699985602255,0.19060555350941358
2013-01-01,-1.3674030721305535,-2.125518582451465,-0.6092875618096422
2013-04-01,-0.6821203339190293,-1.8226184603488231,0.45837779251076466
2013-07-01,-0.8939728841831549,-2.6188468896782147,0.8309011213119049
2013-10-01,1.252043443575089,0.3687872196678121,2.1352996674823657
2014-01-01,1.3951745138925409,-1.0742293969755248,3.8645784247606065
2014-04-01,1.8480685044296616,0.13806608589582625,3.558070922963497
2014-07-01,1.001920788656645,-0.13843991945454176,2.142281496767832
2014-10-01,-0.6474619177729259,-2.1620801660523488,0.867156330506497
2015-01-01,-2.921879377203812,-2.8894331288533435,-2.95432562555428
2015-04-01,-6.944983008800604,-5.4471036125625005,-8.442862405038708
2015-07-01,-6.372349968122398,-4.388128844156031,-8.356571092088764
2015-10-01,-5.600840735934785,-4.7082474052624335,-6.4934340666071355
2016-01-01,-4.4718497208933705,-3.614436411127624,-5.329263030659116
2016-04-01,-3.9077969770411105,-3.6272152725222906,-4.18837868155993
2016-07-01,-3.25129544656982,-3.684575543243257,-2.8180153498963834
2016-10-01,-3.2001704784764673,-2.984315765786126,-3.416025191166809
2017-01-01,-2.1459058566746916,-2.564042885692043,-1.7277688276573404
2017-04-01,-0.30638872279424983,-0.4717913703390709,-0.14098607524942874
2017-07-01,0.19331382218284066,-1.6538868786895795,2.040514523055261
2017-10-01,2.8159804868358584,0.6977193430762457,4.934241630595471
2018-01-01,3.6675200354183426,1.796698195459624,5.5383418753770615
2018-04-01,4.51410922707997,3.181655913898385,5.846562540261556
2018-07-01,5.205414703017425,4.83551927408959,5.57531013194526
2018-10-01,4.673469351127853,3.863412163672567,5.483526538583138
2019-01-01,4.634692735418179,4.260687921996544,5.008697548839814
2019-04-01,5.553399609990965,3.9578942459988107,7.14890497398312
2019-07-01,4.44108889131307,3.5554234394328694,5.3267543431932705
2019-10-01,2.026814293785968,1.2760632657617657,2.7775653218101697
2020-01-01,2.413328011369616,3.2625369191948876,1.564119103544344
2020-04-01,-19.244752753540567,-18.920672142174407,-19.568833364906723
2020-07-01,-11.544258253762948,-13.644263253604494,-9.444253253921401
2020-10-01,-6.672960792058697,-7.43251240548939,-5.913409178628004
2021-01-01,-5.614557773741489,-7.215752459608756,-4.013363087874223
2021-04-01,1.3798711133022146,-3.1154472476640005,5.87518947426843
2021-07-01,8.02427120714609,4.412927105589416,11.635615308702764
2021-10-01,11.600471152384483,9.593256206743424,13.60768609802554
2022-01-01,14.042923793542606,12.349345569444523,15.736502017640689
2022-04-01,16.920358669341056,16.664897311756878,17.17582002692523
2022-07-01,16.102202954241132,18.117597350641297,14.086808557840966
2022-10-01,14.43182572246636,16.786542531486578,12.077108913446143
2023-01-01,14.415530102764814,15.14123297096224,13.689827234567387
2023-04-01,12.341698595400228,13.249254403790111,11.434142787010344
2023-07-01,9.781950260454904,11.128103421586712,8.435797099323096
2023-10-01,8.118655071463412,8.24093247662122,7.996377666305602
2024-01-01,5.4800232130494475,6.430390391349208,4.529656034749686
2024-04-01,5.3649979430167285,5.795399664615626,4.934596221417831
2024-07-01,4.799141773086961,4.8603215357311855,4.737962010442737
2024-10-01,3.1282818648996242,3.1489591377710684,3.1076045920281796
2025-01-01,2.827111183875112,3.6385655523765648,2.015656815373659
2025-04-01,1.3978523730239654,1.8238266208642453,0.9718781251836852
2025-07-01,0.4870842556084678,0.6707517099985059,0.30341680121842973
2025-10-01,1.689865158588363,1.7487552186853172,1.6309750984914089
2026-01-01,2.098205054328713,1.3293150712403692,2.8670950374170574
2026-04-01,1.5506859768809633,1.8518823350217815,1.2494896187401454
2026-07-01,2.060191488754496,1.6663834707208292,2.4539995067881635