column,group,description,source,native_frequency,availability,unit,first_valid_week,last_valid_week,pct_missing_past_weeks
date,calendrier,"Lundi de la semaine ISO (début de semaine). Les features décrivent la semaine lun-dim, ou la dernière valeur publiée à la fin de celle-ci",calculé,hebdo,-,date,,,
is_future,calendrier,1 = semaine incomplète ou à venir : seules les features de calendrier sont remplies,calculé,hebdo,-,0/1,2020-01-06,2026-09-21,0.0
iso_year,calendrier,Année ISO de la semaine,calculé,hebdo,-,année,2020-01-06,2026-09-21,0.0
iso_week,calendrier,Numéro de semaine ISO (1-53) : saisonnalité hebdomadaire du chantier,calculé,hebdo,-,semaine,2020-01-06,2026-09-21,0.0
month,calendrier,Mois civil du jeudi de la semaine (saisonnalité mensuelle),calculé,hebdo,-,1-12,2020-01-06,2026-09-21,0.0
quarter,calendrier,Trimestre civil du jeudi de la semaine,calculé,hebdo,-,1-4,2020-01-06,2026-09-21,0.0
vs_public_holidays_weekdays,jours_feries_vacances,"Nombre de jours fériés tombant un jour ouvrable (lun-ven) dans la semaine, canton VS (inclut les fériés cantonaux, ex. Saint-Joseph, Fête-Dieu en VS)",OpenHolidays API,calendrier,connu à l'avance,jours,2020-01-06,2026-09-21,0.0
vs_working_days,jours_feries_vacances,"Jours ouvrables de la semaine = 5 - jours fériés ouvrables, canton VS",OpenHolidays API (calculé),calendrier,connu à l'avance,jours,2020-01-06,2026-09-21,0.0
vs_school_holiday_weekdays,jours_feries_vacances,"Nombre de jours ouvrables (lun-ven) en vacances scolaires dans la semaine, canton VS (union des régions/écoles). Proxy de baisse de disponibilité des travailleurs et de la demande",OpenHolidays API,calendrier,connu à l'avance,jours,2020-01-06,2026-09-21,0.0
vd_public_holidays_weekdays,jours_feries_vacances,"Nombre de jours fériés tombant un jour ouvrable (lun-ven) dans la semaine, canton VD (inclut les fériés cantonaux, ex. Saint-Joseph, Fête-Dieu en VS)",OpenHolidays API,calendrier,connu à l'avance,jours,2020-01-06,2026-09-21,0.0
vd_working_days,jours_feries_vacances,"Jours ouvrables de la semaine = 5 - jours fériés ouvrables, canton VD",OpenHolidays API (calculé),calendrier,connu à l'avance,jours,2020-01-06,2026-09-21,0.0
vd_school_holiday_weekdays,jours_feries_vacances,"Nombre de jours ouvrables (lun-ven) en vacances scolaires dans la semaine, canton VD (union des régions/écoles). Proxy de baisse de disponibilité des travailleurs et de la demande",OpenHolidays API,calendrier,connu à l'avance,jours,2020-01-06,2026-09-21,0.0
ge_public_holidays_weekdays,jours_feries_vacances,"Nombre de jours fériés tombant un jour ouvrable (lun-ven) dans la semaine, canton GE (inclut les fériés cantonaux, ex. Saint-Joseph, Fête-Dieu en VS)",OpenHolidays API,calendrier,connu à l'avance,jours,2020-01-06,2026-09-21,0.0
ge_working_days,jours_feries_vacances,"Jours ouvrables de la semaine = 5 - jours fériés ouvrables, canton GE",OpenHolidays API (calculé),calendrier,connu à l'avance,jours,2020-01-06,2026-09-21,0.0
ge_school_holiday_weekdays,jours_feries_vacances,"Nombre de jours ouvrables (lun-ven) en vacances scolaires dans la semaine, canton GE (union des régions/écoles). Proxy de baisse de disponibilité des travailleurs et de la demande",OpenHolidays API,calendrier,connu à l'avance,jours,2020-01-06,2026-09-21,0.0
vs_site_closure_weekdays,jours_feries_vacances,"Jours ouvrables de fermeture officielle des chantiers valaisans (AVE-WBV, CLOSURES_VS ; seulement les années renseignées dans la config)",AVE-WBV circulaire 2026,annuel,connu à l'avance,jours,2020-01-06,2026-09-21,0.0
vs_construction_working_days,jours_feries_vacances,Jours réellement travaillables sur un chantier valaisan = jours ouvrables VS - fermeture officielle,calculé,calendrier,connu à l'avance,jours,2020-01-06,2026-09-21,0.0
meteo_sio_tmean_c,meteo,Température moyenne de la semaine à Sion (moyenne des moyennes journalières),"MeteoSwiss SwissMetNet, station Sion (SIO)",journalier,même semaine (délai ~20 min),°C,2020-01-06,2026-09-21,0.0
meteo_sio_tmin_c,meteo,Température minimale de la semaine à Sion (plus bas des minima journaliers),"MeteoSwiss SwissMetNet, station Sion (SIO)",journalier,même semaine (délai ~20 min),°C,2020-01-06,2026-09-21,0.0
meteo_sio_precip_mm,meteo,Cumul de précipitations de la semaine à Sion,"MeteoSwiss SwissMetNet, station Sion (SIO)",journalier,même semaine (délai ~20 min),mm,2020-01-06,2026-09-21,0.0
meteo_sio_frost_days,meteo,Jours de gel dans la semaine à Sion (Tmin < 0.0 °C) : bétonnage et travaux extérieurs compromis,"MeteoSwiss SwissMetNet, station Sion (SIO)",journalier,même semaine (délai ~20 min),jours (0-7),2020-01-06,2026-09-21,0.0
meteo_sio_heavy_rain_days,meteo,Jours de forte pluie dans la semaine à Sion (>= 10.0 mm),"MeteoSwiss SwissMetNet, station Sion (SIO)",journalier,même semaine (délai ~20 min),jours (0-7),2020-01-06,2026-09-21,0.0
meteo_sio_bad_workdays,meteo,Jours ouvrables (lun-ven) à Sion avec >= 10.0 mm de pluie OU température max < 0 °C : proxy de jours de chantier perdus (rattrapage attendu 1-4 semaines après),"MeteoSwiss SwissMetNet, station Sion (SIO)",journalier,même semaine (délai ~20 min),jours (0-5),2020-01-06,2026-09-21,0.0
meteo_sio_sun_hours,meteo,Heures d'ensoleillement cumulées de la semaine à Sion,"MeteoSwiss SwissMetNet, station Sion (SIO)",journalier,même semaine (délai ~20 min),heures,2020-01-06,2026-09-21,0.0
meteo_vis_tmean_c,meteo,Température moyenne de la semaine à Visp (moyenne des moyennes journalières),"MeteoSwiss SwissMetNet, station Visp (VIS)",journalier,même semaine (délai ~20 min),°C,2020-01-06,2026-09-21,0.0
meteo_vis_tmin_c,meteo,Température minimale de la semaine à Visp (plus bas des minima journaliers),"MeteoSwiss SwissMetNet, station Visp (VIS)",journalier,même semaine (délai ~20 min),°C,2020-01-06,2026-09-21,0.0
meteo_vis_precip_mm,meteo,Cumul de précipitations de la semaine à Visp,"MeteoSwiss SwissMetNet, station Visp (VIS)",journalier,même semaine (délai ~20 min),mm,2020-01-06,2026-09-21,0.0
meteo_vis_frost_days,meteo,Jours de gel dans la semaine à Visp (Tmin < 0.0 °C) : bétonnage et travaux extérieurs compromis,"MeteoSwiss SwissMetNet, station Visp (VIS)",journalier,même semaine (délai ~20 min),jours (0-7),2020-01-06,2026-09-21,0.0
meteo_vis_heavy_rain_days,meteo,Jours de forte pluie dans la semaine à Visp (>= 10.0 mm),"MeteoSwiss SwissMetNet, station Visp (VIS)",journalier,même semaine (délai ~20 min),jours (0-7),2020-01-06,2026-09-21,0.0
meteo_vis_bad_workdays,meteo,Jours ouvrables (lun-ven) à Visp avec >= 10.0 mm de pluie OU température max < 0 °C : proxy de jours de chantier perdus (rattrapage attendu 1-4 semaines après),"MeteoSwiss SwissMetNet, station Visp (VIS)",journalier,même semaine (délai ~20 min),jours (0-5),2020-01-06,2026-09-21,0.0
meteo_vis_sun_hours,meteo,Heures d'ensoleillement cumulées de la semaine à Visp,"MeteoSwiss SwissMetNet, station Visp (VIS)",journalier,même semaine (délai ~20 min),heures,2020-01-06,2026-09-21,0.0
kof_barometer,conjoncture,Baromètre conjoncturel KOF : indicateur avancé de la croissance du PIB suisse (100 = moyenne long terme). Avance estimée 3-6 mois sur l'emploi,KOF Swiss Economic Institute (ETH),mensuel,fin du mois de référence,indice,2020-01-06,2026-09-21,0.0
kof_barometer_chg_3m,conjoncture,Variation du baromètre KOF sur 3 mois (points) : accélération ou ralentissement du cycle,KOF Swiss Economic Institute (ETH),mensuel,fin du mois de référence,points,2020-01-06,2026-09-21,0.0
kof_emp_indicator,conjoncture,Indicateur KOF de l'emploi : solde des intentions d'embauche des entreprises pour les 3 prochains mois (série ch_total.ind),KOF Swiss Economic Institute (ETH),trimestriel,début du trimestre + ~35 jours,"solde, points",2020-01-06,2026-09-21,0.0
kof_emp_assessment,conjoncture,"KOF emploi, composante 'appréciation' (série ch_total.ass) : jugement des entreprises sur leurs effectifs actuels",KOF Swiss Economic Institute (ETH),trimestriel,début du trimestre + ~35 jours,"solde, points",2020-01-06,2026-09-21,0.0
kof_emp_expectations,conjoncture,"KOF emploi, composante 'attentes' (série ch_total.exp) : effectifs attendus à 3 mois",KOF Swiss Economic Institute (ETH),trimestriel,début du trimestre + ~35 jours,"solde, points",2020-01-06,2026-09-21,0.0
seco_wea_index,conjoncture,"Indice SECO d'activité économique hebdomadaire (WEA, corrigé), très corrélé à la croissance du PIB : nowcast du cycle",SECO Weekly Economic Activity index,hebdomadaire,lundi de la semaine + 16 jours,indice,2020-01-06,2026-09-21,0.3
seco_wea_index_4w,conjoncture,Moyenne mobile 4 semaines de l'indice SECO WEA (tendance),SECO Weekly Economic Activity index,hebdomadaire,lundi de la semaine + 16 jours,indice,2020-01-06,2026-09-21,1.1
snb_mortgage_hyp11_pct,taux_change,"Taux hypothécaire moyen, série SNB HYP_11 (hypothèque fixe, échéance présumée la plus courte). Hypothèse : avance de 6-12 mois sur les dépôts de permis. A vérifier dans le portail SNB","SNB data portal, cube zikrepro (D0=M moyenne mensuelle)",mensuel,fin du mois + ~31 jours,% ,2020-01-06,2026-09-21,0.0
snb_mortgage_hyp15_pct,taux_change,"Taux hypothécaire moyen, série SNB HYP_15 (hypothèque fixe, échéance présumée la plus longue)","SNB data portal, cube zikrepro (D0=M moyenne mensuelle)",mensuel,fin du mois + ~31 jours,%,2020-01-06,2026-09-21,0.0
snb_mortgage_term_spread_pp,taux_change,Écart HYP_15 - HYP_11 (pente de la courbe hypothécaire),"SNB data portal, cube zikrepro (D0=M moyenne mensuelle)",mensuel,fin du mois + ~31 jours,points de %,2020-01-06,2026-09-21,0.0
snb_mortgage_hyp11_chg_6m_pp,taux_change,Variation du taux HYP_11 sur 6 mois : choc de financement pour les projets de construction,"SNB data portal, cube zikrepro (D0=M moyenne mensuelle)",mensuel,fin du mois + ~31 jours,points de %,2020-01-06,2026-09-21,0.0
snb_eurchf_avg,taux_change,"Cours moyen mensuel: CHF pour 1 EUR (baisse = franc fort, pression sur l'industrie exportatrice et les marges)","SNB data portal, cube devkum (D0=M0 moyenne mensuelle)",mensuel,fin du mois + 1 jour,CHF,2020-01-06,2026-09-21,0.0
snb_usdchf_avg,taux_change,Cours moyen mensuel: CHF pour 1 USD,"SNB data portal, cube devkum (D0=M0 moyenne mensuelle)",mensuel,fin du mois + 1 jour,CHF,2020-01-06,2026-09-21,0.0
snb_eurchf_chg_3m_pct,taux_change,Variation du cours EUR/CHF sur 3 mois (%),"SNB data portal, cube devkum (D0=M0 moyenne mensuelle)",mensuel,fin du mois + 1 jour,%,2020-01-06,2026-09-21,0.0
vs_construction_employees,annuel_structurel,"Personnes employées dans la construction (NOGA 41-43) en Valais, dernière année publiée (constante entre deux publications)",BFS STATENT (NOGA 41 Hochbau + 42 Tiefbau + 43 second oeuvre),annuel,31 décembre + 20 mois,personnes,2020-01-06,2026-09-21,0.0
vs_construction_fte,annuel_structurel,Équivalents plein temps de la construction (NOGA 41-43) en Valais,BFS STATENT (NOGA 41 Hochbau + 42 Tiefbau + 43 second oeuvre),annuel,31 décembre + 20 mois,EPT,2020-01-06,2026-09-21,0.0
vs_construction_workplaces,annuel_structurel,Établissements de la construction (NOGA 41-43) en Valais,BFS STATENT (NOGA 41 Hochbau + 42 Tiefbau + 43 second oeuvre),annuel,31 décembre + 20 mois,établissements,2020-01-06,2026-09-21,0.0
ch_construction_employees,annuel_structurel,Personnes employées dans la construction (NOGA 41-43) en Suisse,BFS STATENT (NOGA 41 Hochbau + 42 Tiefbau + 43 second oeuvre),annuel,31 décembre + 20 mois,personnes,2020-01-06,2026-09-21,0.0
vs_share_ch_construction_emp_pct,annuel_structurel,Part du Valais dans l'emploi suisse de la construction : poids pour convertir un signal national en estimation valaisanne,BFS STATENT (NOGA 41 Hochbau + 42 Tiefbau + 43 second oeuvre),annuel,31 décembre + 20 mois,%,2020-01-06,2026-09-21,0.0
vs_construction_invest_kchf,annuel_structurel,Investissements de construction réalisés en Valais l'année de référence (tous maîtres d'ouvrage et ouvrages),BFS statistique de la construction (px-x-0904010000_203),annuel,31 décembre + 20 mois,milliers de CHF,2020-01-06,2026-09-21,0.0
vs_construction_backlog_kchf,annuel_structurel,Carnet de commandes (Arbeitsvorrat) valaisan pour l'année suivante : volume de travaux déjà engagé,BFS statistique de la construction (px-x-0904010000_203),annuel,31 décembre + 20 mois,milliers de CHF,2020-01-06,2026-09-21,0.0
vs_backlog_to_invest_ratio,annuel_structurel,"Carnet de commandes / investissements de l'année, Valais (>1 = reprise attendue, <1 = repli)",BFS statistique de la construction (px-x-0904010000_203),annuel,31 décembre + 20 mois,ratio,2020-01-06,2026-09-21,0.0
ch_construction_invest_kchf,annuel_structurel,Investissements de construction réalisés en Suisse,BFS statistique de la construction (px-x-0904010000_203),annuel,31 décembre + 20 mois,milliers de CHF,2020-01-06,2026-09-21,0.0
ch_construction_backlog_kchf,annuel_structurel,Carnet de commandes suisse pour l'année suivante,BFS statistique de la construction (px-x-0904010000_203),annuel,31 décembre + 20 mois,milliers de CHF,2020-01-06,2026-09-21,0.0
