station_abbr;reference_timestamp;tre200d0;tre200dx;tre200dn;tre005d0;tre005dx;tre005dn;ure200d0;pva200d0;prestad0;pp0qffd0;ppz850d0;ppz700d0;pp0qnhd0;fkl010d0;fkl010d1;fu3010d0;fu3010d1;fkl010d3;fu3010d3;wcc006d0;rre150d0;rka150d0;htoautd0;gre000d0;oli000d0;olo000d0;osr000d0;ods000d0;sre000d0;sremaxdv;erefaod0;xcd000d0;dkl010d0;xno000d0;xno012d0;rreetsd0;tso005d0;tso010d0;tso020d0
SIO;01.01.2026 00:00;-4.6;1.6;-9.2;-6.4;6.1;-11.6;75.1;3.2;958;1018.2;;;1014.8;1.2;3.8;4.3;13.7;3.8;13.7;0;0;0;0;58;;;;;242;100;0.3;0;99;24.6;16.6;-0.2;0.4;1.1;2.1
SIO;02.01.2026 00:00;-1.2;4.5;-8.8;-1.9;7.9;-11.3;68.5;3.8;950.5;1009.5;;;1006.9;2.6;13.8;9.4;49.7;13.2;47.5;0;0;0;0;39;;;;;68;28;0.7;0;245;21.2;13.2;-0.1;0.1;0.8;1.8
SIO;03.01.2026 00:00;0.6;4.4;-4.2;-1;9.5;-9.1;62.4;4;950.5;1009;;;1006.9;2.4;12.5;8.6;45;12.3;44.3;0;0;0;0;59;;;;;245;100;0.6;0;250;19.4;11.4;-0.3;0.2;0.8;1.7
SIO;04.01.2026 00:00;-4.2;1.5;-9.3;-7.2;7.2;-12.9;64;2.8;954.1;1013.9;;;1010.6;0.9;5.4;3.2;19.4;5.3;19.1;0;0;0;0;61;;;;;247;100;0.3;0;101;24.2;16.2;-0.3;0;0.7;1.6
SIO;05.01.2026 00:00;-6.4;-1.3;-10.4;-8.5;3.9;-14.3;72.7;2.7;955.7;1016.2;;;1012.3;1.1;5;4;18;4.9;17.6;0;0;0;0;60;;;;;250;100;0.3;0;108;26.4;18.4;-0.2;-0.2;0.5;1.5
SIO;06.01.2026 00:00;-6.7;-1.7;-11.9;-7.5;3.5;-15;73.1;2.6;957.5;1018.2;;;1014.2;1.5;5.1;5.4;18.4;4.9;17.6;0;0;0;0;59;;;;;239;95;0.3;0;84;26.7;18.7;-0.2;-0.4;0.2;1.3
SIO;07.01.2026 00:00;-4.2;-0.2;-10.4;-4.1;4.5;-12.6;61.1;2.7;958.2;1018.4;;;1015;1;3.6;3.6;13;3.6;13;0;0;0;0;63;;;;;250;99;0.3;0;112;24.2;16.2;-0.3;-0.5;0.1;1.1
SIO;08.01.2026 00:00;-1.7;0.3;-3.5;-0.7;1.1;-4.3;80.5;4.4;957;1016.4;;;1013.7;1.3;5.3;4.7;19.1;5.1;18.4;0;20.4;9.5;0;19;;;;;0;0;0.4;0;79;21.7;13.7;9.5;-0.3;0.1;1
SIO;09.01.2026 00:00;1.8;3.8;0.1;1.8;3.9;1;91.9;6.4;947.5;1005.6;;;1003.7;1.3;8.2;4.7;29.5;8;28.8;0;4;14.9;1;18;;;;;0;0;0.4;0;270;18.2;10.2;14.9;-0.2;0.2;0.9
SIO;10.01.2026 00:00;2.3;4.1;0.7;2.2;5.6;0.8;71.6;5.2;953.5;1011.8;;;1010;3;13.5;10.8;48.6;13.2;47.5;0;0;0;1;36;;;;;33;13;0.8;0;249;17.7;9.7;-0.1;-0.2;0.2;1
SIO;11.01.2026 00:00;0.9;4.4;-3.1;0.4;9.3;-5.7;71.9;4.7;965.5;1024.9;;;1022.6;1.9;9.4;6.8;33.8;9.2;33.1;0;0;0;0;67;;;;;263;100;0.5;0;234;19.1;11.1;-0.2;-0.2;0.3;1
SIO;12.01.2026 00:00;1.4;5.8;-1.9;1.8;9.7;-2.5;69.9;4.7;964.4;1023.6;;;1021.5;1.5;4.4;5.4;15.8;4.4;15.8;0;0;0;0;64;;;;;159;60;0.5;0;86;18.6;10.6;-0.1;-0.1;0.4;1.1
SIO;13.01.2026 00:00;2.1;8.6;-2.3;1.3;12.8;-3.5;82.1;5.8;961;1019.9;;;1017.9;1.4;4;5;14.4;4;14.4;0;0;0;0;64;;;;;183;68;0.5;0;85;17.9;9.9;-0.1;0;0.4;1.1
SIO;14.01.2026 00:00;2.5;9.4;-2.8;1.6;14.2;-4.1;76.6;5.5;962.8;1021.6;;;1019.8;1;3.9;3.6;14;3.8;13.7;0;0;0;0;71;;;;;269;99;0.4;0;99;17.5;9.5;-0.2;0.1;0.5;1.2
SIO;15.01.2026 00:00;3.3;10.4;-0.6;2;14.4;-3.5;73.9;5.6;961.1;1019.7;;;1018.1;1.2;3.9;4.3;14;3.8;13.7;0;0;0;0;66;;;;;274;100;0.6;0;90;16.7;8.7;-0.2;0.3;0.6;1.2
SIO;16.01.2026 00:00;3.4;9.5;-2.8;2;11.2;-4;70.2;5.4;960.6;1019.2;;;1017.5;1.2;4.5;4.3;16.2;4.4;15.8;0;0;0;0;48;;;;;91;33;0.6;0;85;16.6;8.6;-0.1;0.3;0.7;1.3
SIO;17.01.2026 00:00;6.7;13.7;2;5.5;16.3;0.9;63.2;6;960.8;1018.7;;;1017.7;1.1;3.8;4;13.7;3.7;13.3;0;0;0;0;60;;;;;106;38;0.7;0;90;13.3;5.3;-0.1;0.8;0.9;1.4
SIO;18.01.2026 00:00;5.6;12.5;-0.3;3.6;14.6;-2.3;66.8;5.9;962.4;1020.5;;;1019.3;0.8;5.3;2.9;19.1;5.2;18.7;0;0;0;0;46;;;;;125;44;0.6;0;90;14.4;6.4;-0.1;1.2;1.3;1.6
SIO;19.01.2026 00:00;4.9;13.2;-0.5;2.6;17;-4.1;61.5;5.1;963.3;1021.7;;;1020.3;1.2;6.1;4.3;22;5.9;21.2;70;0;0;0;73;;;;;283;100;0.8;0;90;15.1;7.1;-0.2;1.3;1.4;1.8
SIO;20.01.2026 00:00;3.3;11.4;-2;0.6;16.1;-5.1;59.6;4.4;962.4;1021.1;;;1019.4;1;3.5;3.6;12.6;3.4;12.2;0;0;0;0;78;;;;;287;100;0.6;0;90;16.7;8.7;-0.2;1;1.3;1.8
SIO;21.01.2026 00:00;2.1;8.9;-2.5;1;14;-5;64.5;4.4;950.2;1008.4;;;1006.5;1.4;6;5;21.6;5.9;21.2;0;0;0;0;82;;;;;290;100;0.7;0;90;17.9;9.9;-0.2;0.9;1.2;1.8
SIO;22.01.2026 00:00;1.3;7.3;-4;0.7;13.2;-6.9;72.5;4.8;942.4;1000.3;;;998.4;1.2;6.3;4.3;22.7;6.1;22;0;0;0;0;67;;;;;82;28;0.5;0;207;18.7;10.7;-0.1;0.8;1.2;1.7
SIO;23.01.2026 00:00;2.8;9.9;-2.6;2.4;14;-5.6;71.3;5.2;941;998.4;;;996.9;1.5;6.8;5.4;24.5;6.6;23.8;0;0;0;0;74;;;;;225;76;0.7;0;180;17.2;9.2;-0.2;1.2;1.4;1.8
SIO;24.01.2026 00:00;3.1;9.1;-1.7;2.6;14.8;-4.2;79.9;6;943.8;1001.4;;;999.9;1.4;5.2;5;18.7;5.1;18.4;0;0;0;0;73;;;;;178;59;0.6;0;90;16.9;8.9;-0.1;1.8;1.8;2.1
SIO;25.01.2026 00:00;2.6;5.9;-0.2;2.9;12.7;-2.3;84.7;6.2;941.9;999.4;;;997.8;0.8;5.3;2.9;19.1;5.2;18.7;0;2.5;0;0;69;;;;;154;50;0.4;0;214;17.4;9.4;-0.1;2.2;2.2;2.4
SIO;26.01.2026 00:00;2.7;7.9;-1.9;2.5;13;-4.6;82.3;6.1;947.3;1005.2;;;1003.6;0.9;4.3;3.2;15.5;4.2;15.1;0;0;2.5;0;81;;;;;235;76;0.4;0;180;17.3;9.3;2.4;2.6;2.7;2.8
SIO;27.01.2026 00:00;3.5;9;-2.4;3.2;10.5;-4.7;59.8;4.5;944.1;1001.6;;;1000.2;1.6;5.4;5.8;19.4;5.2;18.7;0;0;0;0;50;;;;;9;3;0.9;0;75;16.5;8.5;-0.1;1.9;2.2;2.7
SIO;28.01.2026 00:00;3.3;6.2;0;3.1;5.5;-2.4;85.6;6.6;935.9;992.9;;;991.6;1.4;6.6;5;23.8;6.3;22.7;0;1.1;1.1;0;20;;;;;0;0;0.5;0;252;16.7;8.7;1.1;2.5;2.6;2.9
SIO;29.01.2026 00:00;4.3;9.4;0.8;4.7;16.4;-2.4;78.9;6.5;942.6;999.9;;;998.7;1.3;7.1;4.7;25.6;6.9;24.8;0;0;0;0;92;;;;;232;68;0.6;0;236;15.7;7.7;-0.1;3.5;3.4;3.4
SIO;30.01.2026 00:00;2.2;5.7;-1.7;1.8;9;-3.8;77.9;5.6;945.1;1003;;;1001.3;1.1;4.2;4;15.1;4.1;14.8;0;0.1;0.1;0;46;;;;;3;1;0.5;0;83;17.8;9.8;0.1;3.1;3.3;3.6
SIO;31.01.2026 00:00;0.9;7.2;-3.5;-0.2;12;-6.8;78.7;5;947.9;1006.2;;;1004.1;1.2;5.3;4.3;19.1;5.3;19.1;0;0;0;0;85;;;;;311;89;0.6;0;180;19.1;11.1;-0.2;2.1;2.6;3.2
SIO;01.02.2026 00:00;1.4;7.7;-3.8;0.6;13.9;-7.1;68;4.4;952.3;1010.8;;;1008.8;1.2;3.8;4.3;13.7;3.7;13.3;0;0;0;0;85;;;;;229;63;0.7;0;97;18.6;10.6;-0.2;1.7;2.2;2.9
SIO;02.02.2026 00:00;4.4;11.2;-3;4.3;16.7;-5.4;52;4;945.8;1003.3;;;1002;2;10.5;7.2;37.8;10.2;36.7;350;0;0;0;94;;;;;297;77;1.2;0;87;15.6;7.6;-0.3;2.1;2.3;2.8
SIO;03.02.2026 00:00;6.3;13.6;-1.4;5.1;18.9;-4.3;51.9;4.8;944.2;1001.1;;;1000.3;1.6;7.8;5.8;28.1;7.5;27;280;0;0;0;91;;;;;270;69;1.1;0;121;13.7;5.7;-0.3;3;3.1;3.3
SIO;04.02.2026 00:00;3.7;12.9;-1.5;2.8;18.4;-5;66.6;5.1;939.6;996.8;;;995.5;1.4;6.5;5;23.4;6.3;22.7;0;0;0;0;91;;;;;255;63;1;0;90;16.3;8.3;-0.2;2.7;3;3.4
SIO;05.02.2026 00:00;4.8;12.7;-3.2;4.2;17.4;-6.3;61.7;5;935.8;992.5;;;991.5;1.3;6;4.7;21.6;5.9;21.2;40;1.6;0;0;105;;;;;352;85;0.9;0;101;15.2;7.2;-0.3;2.6;2.9;3.3
SIO;06.02.2026 00:00;6.2;9.3;2.9;5.7;12.2;1;83.9;7.9;940.7;997.4;;;996.6;0.9;4.8;3.2;17.3;4.6;16.6;0;0.4;2;0;56;;;;;82;19;0.6;0;233;13.8;5.8;1.9;4.2;4.1;4
SIO;07.02.2026 00:00;5.7;12.2;-0.5;5.4;17.1;-3.5;75.4;6.8;948.6;1005.8;;;1004.9;1.6;9.9;5.8;35.6;9.7;34.9;0;0;0;0;105;;;;;340;80;0.9;0;180;14.3;6.3;-0.2;4.5;4.5;4.5
SIO;08.02.2026 00:00;2.3;9;-3.1;1.2;12.7;-5.1;75.8;5.3;950.3;1008.4;;;1006.6;1.3;6.1;4.7;22;6.1;22;0;0;0;0;97;;;;;349;79;0.8;0;236;17.7;9.7;-0.2;3.4;3.8;4.3
SIO;09.02.2026 00:00;2.2;10.1;-3.6;0.9;14.1;-7.1;72.6;5;950.3;1008.5;;;1006.7;1.1;5.6;4;20.2;5.4;19.4;0;0;0;0;109;;;;;380;84;0.8;0;180;17.8;9.8;-0.3;2.7;3.2;3.8
SIO;10.02.2026 00:00;4.7;8.6;0.4;5.6;12.9;-1.1;77.2;6.7;946.4;1003.7;;;1002.6;1.4;5;5;18;4.8;17.3;0;34.6;19.5;0;66;;;;;78;17;0.7;0;79;15.3;7.3;19.4;3.7;3.7;3.9
SIO;11.02.2026 00:00;2.3;4.7;0.3;2.8;6.2;1;93.7;6.8;941.7;999.3;;;997.7;1.2;4.4;4.3;15.8;4.3;15.5;0;15.6;24.7;0;26;;;;;10;2;0.5;0;83;17.7;9.7;24.7;3.5;3.8;4.2
SIO;12.02.2026 00:00;5.1;8.8;2.9;5.2;8.2;1.7;86.8;7.6;937.1;993.8;;;992.9;2.6;14.3;9.4;51.5;13.7;49.3;0;13.3;19.2;0;18;;;;;0;0;0.8;0;247;14.9;6.9;19.2;3.8;3.8;4.1
SIO;13.02.2026 00:00;6.1;11.3;0.3;6.1;15.3;-0.3;76.3;7;939.4;996;;;995.2;1.1;6.4;4;23;6.2;22.3;50;0;0.1;0;111;;;;;325;68;0.8;0;90;13.9;5.9;-0.2;4.7;4.6;4.6
SIO;14.02.2026 00:00;6.4;9.8;3.1;7;13.5;2.6;71.4;6.9;943;999.8;;;999;3.4;12.7;12.2;45.7;12.5;45;0;0;0;0;62;;;;;1;0;1.2;0;258;13.6;5.6;-0.1;5.1;5;5
SIO;15.02.2026 00:00;4.6;8.6;1.3;5.7;13.9;1.8;69.7;5.8;955.4;1013.3;;;1012;3.3;12.2;11.9;43.9;11.6;41.8;0;10;6.6;0;113;;;;;238;49;1.3;0;255;15.4;7.4;6.3;4.9;5;5.1
SIO;16.02.2026 00:00;3.9;5.8;1.6;4.3;7.7;2.2;88.5;7.1;948.9;1006.6;;;1005.2;1.5;6.9;5.4;24.8;6.7;24.1;0;16.5;19.3;0;19;;;;;0;0;0.5;0;270;16.1;8.1;19.3;4.5;4.7;5
SIO;17.02.2026 00:00;5.2;8.8;1.6;5;11.6;-2;73.1;6.4;956;1013.9;;;1012.7;2.8;12.4;10.1;44.6;12;43.2;0;1.1;1.7;0;58;;;;;53;11;1.1;0;255;14.8;6.8;1.6;4.7;4.8;5
SIO;18.02.2026 00:00;2.9;6.3;-1.3;3.1;11.4;-3.3;83.3;6.3;955.1;1013.4;;;1011.7;1.5;6;5.4;21.6;6;21.6;0;2.5;1.1;0;74;;;;;66;13;0.7;0;73;17.1;9.1;1;4.2;4.4;4.8
SIO;19.02.2026 00:00;5.1;7.6;2.8;5.7;9.2;2.3;85.1;7.5;947.7;1005.1;;;1004;1.2;7.7;4.3;27.7;7.5;27;0;3.8;5;0;52;;;;;0;0;0.7;0;243;14.9;6.9;4.9;4.9;4.9;5
SIO;20.02.2026 00:00;7.3;11.2;4.4;8.1;16.3;3.8;72.7;7.4;963.4;1021.2;;;1020.4;3.9;13.3;14;47.9;13.2;47.5;0;0;0.2;0;143;;;;;417;82;1.6;0;251;12.7;4.7;-0.3;5.9;5.7;5.6
SIO;21.02.2026 00:00;5.7;8.4;0.6;5.3;12.7;-1.4;83.7;7.6;972.1;1030.8;;;1029.5;1.1;6.6;4;23.8;6.5;23.4;0;0.5;0.5;0;37;;;;;0;0;0.6;0;256;14.3;6.3;0.4;5.7;5.8;5.9
SIO;22.02.2026 00:00;5.9;13.6;-0.4;6.3;19.4;-2.3;74.7;6.7;970.2;1028.8;;;1027.5;1.1;4;4;14.4;3.7;13.3;0;0;0;0;143;;;;;390;76;1.2;0;101;14.1;6.1;-0.4;5.5;5.5;5.6
SIO;23.02.2026 00:00;10.1;16.7;4.9;11.4;21.8;4.5;67.1;8.1;966.4;1023.8;;;1023.5;2;10.1;7.2;36.4;10;36;0;0;0;0;145;;;;;374;72;1.7;0;258;9.9;1.9;-0.6;7.2;6.8;6.4
SIO;24.02.2026 00:00;10.4;17.5;4.4;10.2;23.4;1;68.2;8.4;964.5;1021.7;;;1021.5;1;4.5;3.6;16.2;4.4;15.8;0;0;0;0;156;;;;;496;95;1.4;0;180;9.6;1.6;-0.7;8.2;7.8;7.3
SIO;25.02.2026 00:00;9.1;19.1;1.5;8.3;25.5;-1.7;61.4;6.6;966.1;1023.7;;;1023.3;1.2;5.1;4.3;18.4;5.1;18.4;0;0;0;0;166;;;;;529;100;1.7;0;99;10.9;2.9;-0.9;7.6;7.5;7.4
SIO;26.02.2026 00:00;8.9;18.7;1.5;7.6;24.1;-2.6;56.9;6;969.5;1027.4;;;1026.8;1;4.5;3.6;16.2;4.5;16.2;0;0;0;0;167;;;;;532;100;1.6;0;135;11.1;3.1;-1.1;7.2;7.2;7.3
SIO;27.02.2026 00:00;9;19.4;1.2;7.7;26.5;-3.3;53.4;5.5;966.7;1024.4;;;1023.8;1.2;4.6;4.3;16.6;4.4;15.8;10;0;0;0;171;;;;;534;100;1.8;0;90;11;3;-1.2;7.1;7.2;7.2
SIO;28.02.2026 00:00;8.4;15.7;1.4;9.2;21.9;-1.5;65.6;7.2;966.2;1024;;;1023.4;2.4;13.5;8.6;48.6;13.4;48.2;0;0;0;0;146;;;;;386;71;1.8;0;254;11.6;3.6;-0.7;7.2;7.2;7.2
SIO;01.03.2026 00:00;9.4;15.1;4.1;10.4;22.2;0.2;66.7;7.8;967.1;1024.7;;;1024.3;1.8;12.3;6.5;44.3;11.9;42.8;60;0;0;0;143;;;;;379;69;1.6;0;240;10.6;2.6;-0.7;8.5;8.3;7.9
SIO;02.03.2026 00:00;7.6;16;0.3;7.2;22.3;-2.5;66.9;6.6;965.4;1023.3;;;1022.5;1.6;9.3;5.8;33.5;9;32.4;0;0;0;0;172;;;;;549;99;1.7;0;243;12.4;4.4;-1;7.7;7.8;7.9
SIO;03.03.2026 00:00;8.3;17.6;1.3;8.2;24.4;-2.2;55.7;5.7;968.7;1026.6;;;1025.9;1.4;8;5;28.8;7.9;28.4;0;0;0;0;179;;;;;554;99;1.9;0;90;11.7;3.7;-1.3;7.6;7.6;7.7
SIO;04.03.2026 00:00;8.4;17.8;-0.1;7.7;24.7;-4.1;53.1;5.5;968;1025.9;;;1025.3;1.5;7.4;5.4;26.6;7.4;26.6;0;0;0;0;178;;;;;557;99;2;0;104;11.6;3.6;-1.5;7.5;7.6;7.7
SIO;05.03.2026 00:00;10.1;19;2;9.1;23.4;-1.5;47.3;5.4;964.9;1022.2;;;1022;1.4;5.8;5;20.9;5.7;20.5;120;0;0;0;151;;;;;508;90;2;0;85;9.9;1.9;-1.6;7.6;7.6;7.7
SIO;06.03.2026 00:00;10.3;18.1;3.6;9.7;24;1.4;52.3;6.3;964;1021.2;;;1021;1.8;8.4;6.5;30.2;8.2;29.5;0;0;0;0;154;;;;;426;75;2.2;0;90;9.7;1.7;-1.3;8.1;8;7.9
SIO;07.03.2026 00:00;9.7;18;3.1;9.4;24.4;-0.4;59;6.7;965.9;1023.4;;;1023.1;1.6;9.8;5.8;35.3;9.6;34.6;0;0;0;0;170;;;;;538;94;2.1;0;247;10.3;2.3;-1.4;8.3;8.2;8.1
SIO;08.03.2026 00:00;8.9;17.8;1.7;8.5;24.3;-1.8;58.5;6.2;966.9;1024.6;;;1024.1;1.3;7.3;4.7;26.3;7.1;25.6;0;0;0;0;183;;;;;569;99;2;0;214;11.1;3.1;-1.5;8.2;8.2;8.2
SIO;09.03.2026 00:00;9.7;18.1;1.4;9.3;25;-2.1;48.7;5.3;965.4;1022.8;;;1022.5;1.3;7.6;4.7;27.4;7.4;26.6;210;0;0;0;190;;;;;574;99;2.1;0;90;10.3;2.3;-1.9;8.2;8.3;8.3
SIO;10.03.2026 00:00;10;15.8;4.5;9.8;20.4;0.6;58.5;7.1;963.8;1021.1;;;1020.8;2.2;12.9;7.9;46.4;12.7;45.7;0;0;0;0;93;;;;;17;3;1.9;0;250;10;2;-0.3;8.2;8.3;8.4
SIO;11.03.2026 00:00;11.1;16.3;6.4;12.2;21.9;5.2;63;7.9;963.4;1020.4;;;1020.4;1.9;10.5;6.8;37.8;10.1;36.4;90;3.3;3.1;0;131;;;;;260;44;2;0;249;8.9;0.9;2.3;9.2;8.9;8.7
SIO;12.03.2026 00:00;9.1;14.9;4.4;10.2;23.5;0.2;70.3;8;965.7;1023.3;;;1022.8;2.3;9;8.3;32.4;8.9;32;0;0;0.2;0;184;;;;;471;79;2.1;0;248;10.9;2.9;-0.9;9.6;9.5;9.2
SIO;13.03.2026 00:00;9.4;17.2;1.4;9.9;25.5;-2.2;54.7;6;957.9;1015;;;1014.7;1.5;5.3;5.4;19.1;5.2;18.7;100;0;0;0;187;;;;;405;67;2.2;0;90;10.6;2.6;-1.5;9;9;9.1
SIO;14.03.2026 00:00;5.1;9.4;2;5.2;10.1;2.5;76.4;6.7;946.5;1003.8;;;1002.7;4.3;13.2;15.5;47.5;13.1;47.2;0;2.6;2.6;0;30;;;;;0;0;1.3;0;251;14.9;6.9;2.4;8;8.5;8.9
SIO;15.03.2026 00:00;5.5;11.2;1.9;8.7;20.8;2;69.2;6.1;955.8;1013.6;;;1012.5;3.3;13.9;11.9;50;13.7;49.3;0;0;0;0;210;;;;;478;78;2.2;0;252;14.5;6.5;-1.2;7.8;7.9;8.2
SIO;16.03.2026 00:00;7.9;12.3;3.9;9.5;19.5;0;61.3;6.4;963.8;1021.6;;;1020.9;1.9;12;6.8;43.2;11.8;42.5;0;0;0;0;135;;;;;170;28;1.8;0;253;12.1;4.1;-0.8;8.5;8.5;8.6
SIO;17.03.2026 00:00;8;15.5;0.4;8.6;23.3;-3.1;63.7;6.5;961.8;1019.4;;;1018.7;1.7;11.5;6.1;41.4;11.3;40.7;0;0;0;0;216;;;;;565;92;2.2;0;252;12;4;-1.7;8.7;8.7;8.7
SIO;18.03.2026 00:00;7.6;15.7;0.8;6.3;21.2;-2.6;58.3;5.5;958.7;1016.2;;;1015.5;2.6;17.9;9.4;64.4;17.6;63.4;330;0;0;0;165;;;;;371;60;2.5;0;73;12.4;4.4;-1.4;8.1;8.4;8.7
SIO;19.03.2026 00:00;8.6;16.1;0.8;8.8;23.9;-3.5;50.3;5.4;961.4;1018.9;;;1018.4;2.4;12;8.6;43.2;11.5;41.4;0;0;0;0;225;;;;;619;99;2.7;0;248;11.4;3.4;-2.6;8;8.1;8.3
SIO;20.03.2026 00:00;8.2;15.9;0.2;8.2;23;-4.3;55.9;5.8;959.1;1016.6;;;1016;2.4;12.7;8.6;45.7;12.2;43.9;0;0;0;0;225;;;;;621;99;2.6;0;249;11.8;3.8;-2.4;8.2;8.3;8.5
SIO;21.03.2026 00:00;8.8;16.3;-0.2;9.5;26;-4.4;54.8;5.9;955.1;1012.1;;;1011.7;2;9.7;7.2;34.9;9.6;34.6;80;3.5;1.7;0;204;;;;;473;75;2.5;0;246;11.2;3.2;-0.3;8.4;8.4;8.6
SIO;22.03.2026 00:00;8.2;14.9;3.2;10;22.9;-1.1;65.7;6.8;954.7;1011.8;;;1011.3;2.5;14;9;50.4;13.5;48.6;230;0.1;1.9;0;216;;;;;553;87;2.5;0;90;11.8;3.8;0.1;9.3;9.2;9.1
SIO;23.03.2026 00:00;7.8;15.3;1.2;8.5;24;-1.9;57.9;5.9;960.8;1018.4;;;1017.7;2.3;10.7;8.3;38.5;10.4;37.4;0;0;0;0;210;;;;;476;74;2.6;0;242;12.2;4.2;-2;8.7;8.9;9.1
SIO;24.03.2026 00:00;8.6;16.4;0.9;9;24.6;-3.8;55.2;5.8;964.1;1021.7;;;1021.2;2.2;10.8;7.9;38.9;10.4;37.4;0;0;0;0;224;;;;;603;94;2.7;0;243;11.4;3.4;-2.6;8.8;8.8;9
SIO;25.03.2026 00:00;6.6;18.4;0.3;7.2;25.8;-3.8;65;6;954.9;1012.4;;;1011.5;3.4;20;12.2;72;19.7;70.9;0;3.2;2.8;0;148;;;;;305;47;3;0;254;13.4;5.4;1.6;8.3;8.6;8.9
SIO;26.03.2026 00:00;2.4;6;0.6;4;15.7;0.2;77.2;5.6;956.7;1015.2;;;1013.4;5.3;13.9;19.1;50;13.7;49.3;0;0;0.4;0;124;;;;;87;14;1.6;0;255;17.6;9.6;0;7.1;7.6;8.3
SIO;27.03.2026 00:00;3.4;8.8;-0.5;5.6;22.8;-7;59;4.4;961;1019.5;;;1017.9;3;9.6;10.8;34.6;9.5;34.2;0;0;0;0;235;;;;;396;61;2.4;0;252;16.6;8.6;-1.8;7.1;7.4;7.9
SIO;28.03.2026 00:00;3.7;10.1;-3.2;5.2;20;-9;61.3;4.7;962.6;1021.2;;;1019.6;3.6;16;13;57.6;15.3;55.1;0;0;0;0;197;;;;;380;59;2.2;0;254;16.3;8.3;-1.7;6.4;6.9;7.6
SIO;29.03.2026 00:00;6.6;12;1.8;8.7;25.5;-0.9;54.3;5.1;965.6;1023.7;;;1022.7;3;12.3;10.8;44.3;11.9;42.8;0;0;0;0;209;;;;;323;50;2.6;0;247;13.4;5.4;-1.8;7.5;7.7;7.8
SIO;30.03.2026 00:00;6;13.2;3;6.7;21.5;-1;61.5;5.6;964.2;1022.3;;;1021.2;3.3;17;11.9;61.2;16.1;58;0;0.9;0.9;0;107;;;;;111;17;2.4;0;258;14;6;0.1;7.4;7.7;8
SIO;31.03.2026 00:00;5.3;10.3;-0.2;7.1;22.3;-5.1;57.8;5;965.3;1023.7;;;1022.4;3.9;13.1;14;47.2;13;46.8;0;0;0;0;230;;;;;469;71;2.6;0;258;14.7;6.7;-2.3;7.5;7.8;8
SIO;01.04.2026 00:00;4.6;11.9;-1.8;5.9;23;-8.5;52.5;4.2;962.1;1020.5;;;1019;1.9;9.8;6.8;35.3;9.5;34.2;0;0;0;0;264;;;;;654;99;2.7;0;249;15.4;7.4;-3.4;7.2;7.4;7.8
SIO;02.04.2026 00:00;6.2;13.7;-1.1;6.7;22;-7.8;56.3;5.1;957.5;1015.2;;;1014.2;2.9;14.8;10.4;53.3;14.4;51.8;0;0;0;0;257;;;;;625;94;2.9;0;249;13.8;5.8;-3;7.2;7.5;7.8
SIO;03.04.2026 00:00;9.1;16.9;-0.1;10.6;25.6;-5.2;50.1;5.4;962.8;1020.3;;;1019.8;2.5;10.3;9;37.1;10.1;36.4;0;0;0;0;265;;;;;664;100;3.3;0;245;10.9;2.9;-3.6;8;8;8.1
SIO;04.04.2026 00:00;13.1;20.6;7.6;14.5;31.1;1.7;51.1;7.5;966.6;1023.4;;;1023.8;1.8;10.8;6.5;38.9;10.6;38.2;0;0;0;0;253;;;;;570;85;3.5;0;247;0;0;-3.2;10;9.6;9.1
SIO;05.04.2026 00:00;14.7;25;3.9;15.1;33.5;-0.2;54.4;8.4;967;1023.5;;;1024.2;1.9;13;6.8;46.8;12.5;45;0;0.3;0.3;0;257;;;;;599;89;3.8;0;239;0;0;-2.8;10.6;10.3;9.9
SIO;06.04.2026 00:00;15.4;23.8;7.9;15.4;33.1;3.6;59.8;9.9;967.7;1024;;;1024.9;1.7;7.6;6.1;27.4;7.3;26.3;0;0;0;0;265;;;;;654;96;3.7;0;236;0;0;-3.1;11.9;11.4;10.8
SIO;07.04.2026 00:00;15.2;24.7;5.8;14.6;33.5;1;50.2;7.9;966;1022.3;;;1023.1;2;8.8;7.2;31.7;8.8;31.7;0;0;0;0;274;;;;;679;99;4.1;0;238;0;0;-3.9;11.8;11.5;11.2
SIO;08.04.2026 00:00;15.6;24.5;6;14.9;33.4;0.7;52.4;8.8;964.5;1020.7;;;1021.6;2.2;10.9;7.9;39.2;10.8;38.9;0;0;0;0;275;;;;;682;99;4.1;0;243;0;0;-3.8;12;11.7;11.4
SIO;09.04.2026 00:00;16.2;25.7;6.4;14.9;32.1;1.6;50.3;8.5;961.8;1017.7;;;1018.8;1.8;8.7;6.5;31.3;8.5;30.6;0;0;0;0;276;;;;;673;98;4.1;0;240;0;0;-3.9;12.3;12.1;11.7
SIO;10.04.2026 00:00;15.2;24;6.7;13.8;28.7;2.8;55.8;9;959.5;1015.5;;;1016.4;1.8;10.8;6.5;38.9;10.7;38.5;0;0;0;0;222;;;;;488;70;3.5;0;243;0;0;-2.7;12.4;12.2;12
SIO;11.04.2026 00:00;16.3;24.8;5.9;14.5;31.3;1.7;49.8;8.4;956.3;1011.9;;;1013;1.6;11;5.8;39.6;10.5;37.8;0;0;0;0;232;;;;;458;66;3.6;0;225;0;0;-3;12.4;12.2;12
SIO;12.04.2026 00:00;12.4;15.9;9.5;13;18.6;9.9;74.2;10.6;955.4;1011.7;;;1012;3.8;12.9;13.7;46.4;12.8;46.1;0;0;0;0;101;;;;;0;0;2.2;0;257;0;0;-0.3;12.5;12.4;12.3
SIO;13.04.2026 00:00;9.9;13.9;7.2;11.2;19.5;7.5;80.4;9.8;952.9;1009.6;;;1009.5;4.2;14.4;15.1;51.8;14.1;50.8;0;1;1;0;128;;;;;72;10;2;0;256;10.1;2.1;0.6;11.9;11.9;12
SIO;14.04.2026 00:00;10;14.4;6.9;11.5;20.9;6.5;70.5;8.6;960.6;1017.7;;;1017.5;2.8;11.6;10.1;41.8;11.2;40.3;0;0;0;0;159;;;;;30;4;2.4;0;257;10;2;-0.5;11.6;11.6;11.7
SIO;15.04.2026 00:00;12.2;18.7;4.1;13.1;27.6;0.9;68.8;9.5;963;1019.7;;;1019.9;3;14.5;10.8;52.2;14.4;51.8;0;0;0;0;284;;;;;710;99;3.5;0;253;0;0;-2.9;11.8;11.7;11.7
SIO;16.04.2026 00:00;13.7;21.5;7.4;14.1;28.3;3.8;65.5;9.8;964.5;1021.1;;;1021.6;2;11.6;7.2;41.8;11.5;41.4;0;0;0;0;221;;;;;427;59;3.4;0;249;0;0;-2.1;12.3;12.1;12
SIO;17.04.2026 00:00;14.3;22;4.9;13.2;25.8;2;61.5;9.6;963.4;1019.7;;;1020.4;2.2;11.4;7.9;41;11.3;40.7;0;0;0;0;259;;;;;703;98;3.7;0;250;0;0;-3.5;12.2;12.1;12.1
SIO;18.04.2026 00:00;15.8;24.5;6.4;14.6;28.9;2.8;56.2;9.5;962.7;1018.7;;;1019.7;2.1;9.5;7.6;34.2;9.3;33.5;0;0;0;0;283;;;;;681;94;4.3;0;246;0;0;-3.9;12.6;12.4;12.2
SIO;19.04.2026 00:00;16.2;24;9.6;16.6;30.5;5.5;53.8;9.4;960.4;1016.2;;;1017.3;2.9;12.4;10.4;44.6;12.1;43.6;0;0;0;0;270;;;;;467;64;4.6;0;247;0;0;-3;13.3;12.9;12.7
SIO;20.04.2026 00:00;13.5;20.8;5.9;12.9;27;1.6;58.2;8.7;957.4;1013.6;;;1014.2;2.8;11.9;10.1;42.8;11.7;42.1;0;0;0;0;289;;;;;642;88;4.1;0;247;0;0;-3.6;12.9;12.8;12.8
SIO;21.04.2026 00:00;12.5;20.5;4.6;12.3;25.6;0.7;55.9;7.7;956.8;1013.2;;;1013.5;2.6;11.9;9.4;42.8;11.5;41.4;0;0;0;0;284;;;;;644;88;4;0;249;0;0;-3.8;12.4;12.5;12.6
SIO;22.04.2026 00:00;12.4;19.7;2.7;13.8;26.8;1.2;56.8;7.8;960.1;1016.7;;;1017;2.7;12.7;9.7;45.7;12.1;43.6;0;0;0;0;308;;;;;731;100;4;0;250;0;0;-4.2;12.5;12.5;12.5
SIO;23.04.2026 00:00;13.3;20.8;4.1;14.2;26.7;2.5;55.4;8;965.1;1021.7;;;1022.2;2.8;13.8;10.1;49.7;13.4;48.2;0;0;0;0;310;;;;;729;99;4.3;0;249;0;0;-4.4;12.8;12.7;12.7
SIO;24.04.2026 00:00;14.6;22.9;5.3;15;28.6;2.6;50.2;7.8;962.2;1018.4;;;1019.2;3;14.5;10.8;52.2;14.4;51.8;0;0;0;0;311;;;;;739;100;4.8;0;250;0;0;-4.9;13.1;13;12.9
SIO;25.04.2026 00:00;15.8;25.4;4.8;16.1;30.8;2.8;47.8;7.7;960.7;1016.6;;;1017.6;1.6;8.3;5.8;29.9;8.1;29.2;0;0;0;0;312;;;;;743;100;4.5;0;243;0;0;-5.2;13.5;13.3;13.1
SIO;26.04.2026 00:00;16;24.1;6.1;16.8;29.9;4.1;50;8.5;961.8;1017.7;;;1018.7;2.9;13.1;10.4;47.2;12.4;44.6;0;0;0;0;296;;;;;736;98;4.8;0;242;0;0;-5.1;13.8;13.6;13.4
SIO;27.04.2026 00:00;16.4;24.5;7.1;17;29.9;4.6;50.6;8.8;960.9;1016.7;;;1017.8;2.7;12.6;9.7;45.4;12.2;43.9;0;0;0;0;303;;;;;749;100;4.9;0;247;0;0;-5.1;14.2;14;13.7
SIO;28.04.2026 00:00;14.4;21;7.2;14.8;23.1;6.1;67.9;10.8;959;1015.1;;;1015.8;2;12.3;7.2;44.3;12.1;43.6;90;3.3;3.3;0;151;;;;;77;10;2.7;0;233;0;0;2.5;13.8;13.8;13.7
SIO;29.04.2026 00:00;15.3;21.2;10.5;15.9;26;9.2;78.6;13.3;959.7;1015.6;;;1016.5;1.6;9.8;5.8;35.3;9.5;34.2;70;1.6;1.6;0;205;;;;;256;34;3;0;236;0;0;0.6;14.5;14.2;13.9
SIO;30.04.2026 00:00;15.9;23;8;16.8;27.4;6.6;66.5;11.6;962.1;1018.1;;;1019.1;2.9;13.1;10.4;47.2;12.7;45.7;0;0;0;0;312;;;;;683;91;4.5;0;254;0;0;-3.3;14.6;14.3;14.1
SIO;01.05.2026 00:00;16.6;23.6;7.7;17.5;29;5.9;59.6;10.7;965.7;1021.8;;;1022.9;2.8;13.7;10.1;49.3;13.5;48.6;0;0;0;0;317;;;;;741;98;4.7;0;247;0;0;-4.3;14.9;14.6;14.4
SIO;02.05.2026 00:00;17.1;24.9;9.4;17.9;31;7.4;55.3;10.2;963.7;1019.5;;;1020.7;2.5;12.9;9;46.4;12.7;45.7;0;0;0;0;306;;;;;722;95;4.9;0;243;0;0;-4.6;15.2;14.9;14.6
SIO;03.05.2026 00:00;16.2;24.1;11.2;16.1;29.1;9.2;54.4;9.6;959.4;1015.2;;;1016.3;2.5;13.6;9;49;13.3;47.9;110;0;0;0;194;;;;;186;24;4.1;0;257;0;0;-1.7;14.9;14.9;14.7
SIO;04.05.2026 00:00;14.3;20.6;9.8;14.3;22.3;7.9;70.2;11.1;957.8;1013.8;;;1014.5;2.3;12.2;8.3;43.9;12;43.2;0;0.1;0.1;0;109;;;;;17;2;2.5;0;249;0;0;-0.4;14.4;14.5;14.5
SIO;05.05.2026 00:00;13.6;19.2;10.4;14.6;24.4;9.9;78.5;12;953.9;1009.8;;;1010.4;2.5;18.3;9;65.9;17.8;64.1;10;6.1;6.1;0;152;;;;;75;10;2.7;0;254;0;0;5.5;14.2;14.1;14.2
SIO;06.05.2026 00:00;11;14.6;8.4;11.5;18.2;7.4;87.5;11.5;953.2;1009.7;;;1009.8;1.5;8.5;5.4;30.6;8.3;29.9;0;4.2;4.2;0;110;;;;;74;10;1.7;0;256;9;1;3.8;13.6;13.8;14
SIO;07.05.2026 00:00;13.9;20.8;8.5;15.6;26.9;6.5;65.8;9.9;956.6;1012.7;;;1013.3;2.3;12;8.3;43.2;11.7;42.1;0;0;0;0;343;;;;;662;86;4.7;0;252;0;0;-3.5;14.1;14;13.9
SIO;08.05.2026 00:00;15.5;22.8;5.7;17.2;27.8;4.6;60.4;10.1;957.9;1013.7;;;1014.7;3.2;13.3;11.5;47.9;13.1;47.2;0;0;0;0;331;;;;;700;91;4.8;0;249;0;0;-4.2;14.3;14.2;14.1
SIO;09.05.2026 00:00;17.8;24.5;10.9;18.7;29.8;9.7;57.5;11.2;957.7;1013;;;1014.5;1.8;8.9;6.5;32;8.6;31;0;0;0;0;320;;;;;645;83;4.8;0;243;0;0;-4.2;15.6;15.3;14.8
SIO;10.05.2026 00:00;15.3;20.7;10.5;15.1;21.5;8.4;68.3;11.6;954.2;1009.8;;;1010.8;2.6;11.5;9.4;41.4;11.2;40.3;200;2.9;1.2;0;149;;;;;33;4;3;0;250;0;0;0.6;15;15;15
SIO;11.05.2026 00:00;13.2;18.6;9.7;14.2;23.2;10.4;78.4;11.7;951.8;1007.7;;;1008.3;2.4;18.4;8.6;66.2;18.3;65.9;0;10.7;10;0;227;;;;;272;35;3.3;0;253;0;0;8.8;14.9;14.9;14.9
SIO;12.05.2026 00:00;11.2;16.7;6.9;12.8;23.2;6.4;58.5;7.4;956;1012.5;;;1012.6;4.1;12.6;14.8;45.4;12.1;43.6;0;0;2.4;0;322;;;;;554;71;4.5;0;254;8.8;0.8;-1.3;13.8;14.1;14.4
SIO;13.05.2026 00:00;13;19.1;6.5;14.6;24.4;5.2;52.2;7.4;952.2;1008.2;;;1008.7;4.1;15.7;14.8;56.5;15;54;0;0.5;0.2;0;315;;;;;549;70;4.8;0;254;0;0;-4;13.7;13.9;14.1
SIO;14.05.2026 00:00;10.1;16.6;4.4;11.8;23;3.4;66.9;8.1;946;1002.2;;;1002.2;4;18.3;14.4;65.9;18.1;65.2;0;0;0.3;0;294;;;;;456;58;3.9;0;256;9.9;1.9;-2.3;13.6;13.8;14.2
SIO;15.05.2026 00:00;8.2;13.3;2;9.7;18.4;1.5;69.2;7.4;946;1002.7;;;1002.2;5;16.6;18;59.8;15.8;56.9;0;0;0;0;229;;;;;260;33;2.9;0;250;11.8;3.8;-1.6;12.1;12.6;13.4
SIO;16.05.2026 00:00;10;15.5;4;11.8;22.4;2.4;56.4;6.7;953.9;1010.6;;;1010.5;4.8;16.2;17.3;58.3;15.7;56.5;0;0;0;0;322;;;;;565;71;4.2;0;252;10;2;-4;12.3;12.5;13
SIO;17.05.2026 00:00;11.4;19.4;1.8;12.7;24.8;0.2;54.4;6.9;958.1;1014.8;;;1014.9;2.8;12.7;10.1;45.7;12.6;45.4;0;0;0;0;327;;;;;698;88;4.4;0;243;8.6;0.6;-5;12.4;12.6;12.9
SIO;18.05.2026 00:00;11.2;16.4;6.1;11.8;21.8;3.5;72.7;9.5;959.8;1016.6;;;1016.6;2;16.6;7.2;59.8;15.7;56.5;0;0.9;0.9;0;177;;;;;97;12;2.6;0;255;8.8;0.8;0.1;12.7;12.8;13.1
SIO;19.05.2026 00:00;12.4;19.2;4.1;12.5;24.8;1.9;66.3;9.2;963.3;1020.1;;;1020.3;1.9;12.5;6.8;45;12.5;45;0;0;0;13;227;;;;;417;52;3.2;0;252;0;0;-2.5;12.6;12.7;13
SIO;20.05.2026 00:00;16.3;23.1;9.7;16.9;28.2;6.7;62.4;11.2;968;1024.2;;;1025.2;2.9;14.1;10.4;50.8;13.6;49;0;0;0;;275;;;;;429;54;4.5;0;254;0;0;-2.8;14.1;13.8;13.6
SIO;21.05.2026 00:00;17.6;25.5;7;18.2;32.1;4.3;60.9;11.7;969.6;1025.6;;;1026.9;2.7;12.7;9.7;45.7;12.3;44.3;0;0;0;0;337;;;;;791;99;5.2;0;254;0;0;-4.9;14.6;14.2;14
SIO;22.05.2026 00:00;19.9;28.7;9.5;20.3;34.6;6.7;55;11.9;969.1;1024.6;;;1026.4;3;12.6;10.8;45.4;12.3;44.3;0;0;0;0;350;;;;;803;100;6.1;1.6;250;0;0;-5.7;15.7;15.2;14.7
SIO;23.05.2026 00:00;21.2;29.6;10.4;21.4;35.1;7.8;54.2;12.8;969.3;1024.5;;;1026.5;2.8;12.6;10.1;45.4;12.2;43.9;0;0;0;0;343;;;;;804;100;6.1;2.9;250;0;0;-5.9;16.5;15.9;15.3
SIO;24.05.2026 00:00;23;32.4;11.3;22.7;36.6;8.4;51.1;13.3;970.4;1025.3;;;1027.7;2.7;11.8;9.7;42.5;11.7;42.1;0;0;0;0;343;;;;;796;98;6.6;4.7;242;0;0;-6.2;17.3;16.7;16
SIO;25.05.2026 00:00;24.1;33.8;13.5;23.5;37.8;10.5;49.8;13.7;972;1026.9;;;1029.4;2.7;10.7;9.7;38.5;10.4;37.4;0;0;0;0;338;;;;;740;91;6.9;5.8;245;0;0;-6;18;17.4;16.6
SIO;26.05.2026 00:00;24.7;33.9;15;24.3;38.7;12.1;48.8;14;970;1024.6;;;1027.3;2.5;11.9;9;42.8;11.8;42.5;0;0;0;0;341;;;;;784;96;6.9;6.4;246;0;0;-6.4;18.7;18;17.1
SIO;27.05.2026 00:00;25;34.2;14.9;24.7;39.4;11.9;46.7;13.5;965.4;1019.7;;;1022.5;2.2;9.8;7.9;35.3;9.1;32.8;0;0;0;0;342;;;;;799;98;6.7;6.7;250;0;0;-6.9;19.2;18.5;17.6
SIO;28.05.2026 00:00;23.9;33;13.7;23.4;39.3;11;46.6;12.8;963.7;1018.1;;;1020.7;2.1;9.8;7.6;35.3;9.5;34.2;0;0;0;0;312;;;;;709;87;6.2;5.6;250;0;0;-6.2;19.3;18.7;18
SIO;29.05.2026 00:00;23.9;33.4;13.6;26.2;46;9.9;43.1;11.5;964.6;1019.1;;;1021.7;1.9;9;6.8;32.4;8.9;32;0;0;0;0;347;;;;;803;98;6.5;5.6;241;0;0;-7.4;20.6;19.7;18.5
SIO;30.05.2026 00:00;22.7;30.4;13.8;25.8;43.5;8.1;47.4;12.3;963.4;1018.1;;;1020.4;3.2;14.1;11.5;50.8;13.7;49.3;0;0;0;0;296;;;;;576;70;6.3;4.4;249;0;0;-5.2;21.2;20.4;19.3
SIO;31.05.2026 00:00;22.1;32.4;13.3;27.2;46.2;9.8;58.9;14.4;960.8;1015.4;;;1017.7;2.3;15.8;8.3;56.9;15.2;54.7;0;9.7;6.6;0;314;;;;;641;78;6.1;3.8;236;0;0;2.1;21.9;21;19.8
SIO;01.06.2026 00:00;21.6;27.7;15.5;26.7;39.8;13;59.4;14.4;959.2;1013.8;;;1016;3.6;12.6;13;45.4;12.2;43.9;0;0;3.1;0;349;;;;;747;91;6.4;3.3;250;0;0;-2;22.4;21.7;20.5
SIO;02.06.2026 00:00;17.7;26.2;13.2;20.9;39.9;11.6;70.9;14;955.9;1011.1;;;1012.5;2;14.3;7.2;51.5;13.8;49.7;0;7.5;7.4;0;180;;;;;255;31;3.7;0;243;0;0;5.8;20.4;20.4;20.1
SIO;03.06.2026 00:00;17;24.1;12.4;21.9;36.3;9.5;63.8;11.8;958;1013.4;;;1014.7;3.6;12.8;13;46.1;12.5;45;0;0;0.1;0;332;;;;;583;71;5.6;0;248;0;0;-3.7;20.1;19.9;19.4
SIO;04.06.2026 00:00;14.6;21.7;10.8;17.7;31.8;8.1;72.2;11.7;956.2;1012;;;1012.8;3.1;16.8;11.2;60.5;16.6;59.8;0;5.4;5.4;0;147;;;;;66;8;3.3;0;246;0;0;4.6;18.3;18.6;18.8
SIO;05.06.2026 00:00;15.2;21.2;9.3;19.6;32.1;6.6;66.6;11;958.2;1014;;;1014.9;3.9;14.3;14;51.5;13.8;49.7;0;0;0;0;323;;;;;646;78;4.8;0;248;0;0;-3.9;18;18;17.9
SIO;06.06.2026 00:00;17.3;26.1;10;21.4;39.8;7.1;62.2;11.8;960.9;1016.4;;;1017.8;2.2;11.8;7.9;42.5;11.5;41.4;0;0;0;0;283;;;;;375;45;4.9;0;247;0;0;-2.8;18.9;18.5;18.1
SIO;07.06.2026 00:00;19.6;26.1;11.1;24.3;38;8.7;56.2;12.3;965.1;1020.4;;;1022.2;3.7;14.6;13.3;52.6;14.2;51.1;0;0;0;0;352;;;;;798;96;6;1.3;249;0;0;-6;20.3;19.8;19
SIO;08.06.2026 00:00;19.9;28.8;10.4;24.3;43.6;7.5;61.8;13.6;962.6;1017.7;;;1019.5;1.9;15.6;6.8;56.2;14.7;52.9;0;0.8;0.6;0;275;;;;;520;63;4.9;1.6;230;0;0;-3.1;20.7;20.2;19.5
SIO;09.06.2026 00:00;18.4;21.9;15.9;22.6;32.1;17;66.8;14;960;1015.3;;;1016.9;5.8;16.3;20.9;58.7;15.9;57.2;0;0;0.2;0;225;;;;;201;24;4.6;0.1;252;0;0;-1.4;20.2;20;19.6
SIO;10.06.2026 00:00;15.4;19.6;10.8;18.9;35;7.8;56.6;9.9;961.2;1017.2;;;1018.1;4.8;15.4;17.3;55.4;14.7;52.9;0;0;0;0;199;;;;;190;23;4.2;0;252;0;0;-2;18.7;18.8;18.7
SIO;11.06.2026 00:00;16.9;22.8;9.4;23;37.9;7.5;45.6;8.2;965.8;1021.7;;;1022.9;3.7;11.8;13.3;42.5;11.5;41.4;0;0;0;0;356;;;;;648;78;5.9;0;246;0;0;-6.3;19.3;18.8;18.4
SIO;12.06.2026 00:00;19.9;26.8;14;24.7;40.3;10.9;47.5;10.9;968.6;1024;;;1025.8;3.3;12.6;11.9;45.4;12.2;43.9;0;0;0;0;313;;;;;501;60;6.1;1.6;252;0;0;-4.9;20.6;20;19.2
SIO;13.06.2026 00:00;21.5;30.2;10.8;26.7;44.8;8.1;49.5;11.5;966.3;1021.4;;;1023.5;2.6;11.8;9.4;42.5;11.2;40.3;0;0;0;0;363;;;;;835;100;6.6;3.2;250;0;0;-7.3;21.3;20.6;19.7
SIO;14.06.2026 00:00;22.2;29.8;11.5;26.5;45.4;9.1;42.3;10.4;960.6;1015.2;;;1017.5;2.3;10.1;8.3;36.4;10;36;0;0;0;0;353;;;;;748;89;6.4;3.9;261;0;0;-7.6;21.9;21.2;20.2
SIO;15.06.2026 00:00;21.2;28.8;10.6;26.1;45.9;7.9;44.6;10.2;959.4;1014.1;;;1016.3;1.9;10.5;6.8;37.8;9.9;35.6;0;0;0;0;353;;;;;760;91;6;2.9;266;0;0;-7.4;21.8;21.2;20.4
SIO;16.06.2026 00:00;21.4;30.6;12.8;25.9;48;9;51.9;12.5;962.5;1017.4;;;1019.5;1.8;13.3;6.5;47.9;13.1;47.2;0;0;0;0;284;;;;;554;66;5.4;3.1;247;0;0;-4.9;21.9;21.3;20.5
SIO;17.06.2026 00:00;23.6;32.1;14;27.5;48.4;10.8;50.5;13.7;964.4;1018.9;;;1021.4;2;10;7.2;36;9.8;35.3;0;0;0;0;303;;;;;582;70;5.9;5.3;247;0;0;-5.3;22.6;21.8;20.8
SIO;18.06.2026 00:00;25.8;33.4;15.3;31.5;48.3;12.8;46.2;14.3;963.5;1017.5;;;1020.5;3.1;15.4;11.2;55.4;15;54;10;0;0;0;357;;;;;825;99;7.4;7.5;251;0;0;-7.8;23.5;22.4;21.2
SIO;19.06.2026 00:00;23.9;33.1;17.2;28.6;50;14.7;58.9;16.7;963.7;1018.1;;;1020.8;2.5;16.1;9;58;15.7;56.5;80;0.2;0.2;0;257;;;;;484;58;5.8;5.6;243;0;0;-3.7;23.9;23;21.9
SIO;20.06.2026 00:00;25;33.4;15.3;30.1;47.9;13.1;52.2;15.2;966.5;1020.8;;;1023.6;2.7;10.7;9.7;38.5;10.6;38.2;0;0;0;0;357;;;;;817;98;7.1;6.7;242;0;0;-7;23.9;23;21.9
SIO;21.06.2026 00:00;26.1;35.2;16.8;31.3;51.5;14.3;47.9;15.2;968.6;1022.9;;;1025.9;2;10.3;7.2;37.1;10.2;36.7;0;0;0;0;338;;;;;718;86;6.8;7.8;101;0;0;-6.7;24.6;23.6;22.3
SIO;22.06.2026 00:00;26.6;36.1;17.4;31.1;50.5;14.6;46.7;15.2;966.6;1020.7;;;1023.8;1.8;10.7;6.5;38.5;10.4;37.4;0;0;0;0;328;;;;;687;82;6.6;8.3;233;0;0;-6.6;25.1;24;22.7
SIO;23.06.2026 00:00;26.6;35.8;17.3;31.3;51.7;14.8;49.3;16.2;963.3;1017.2;;;1020.3;1.7;12.8;6.1;46.1;12.3;44.3;0;0;0;0;339;;;;;730;87;6.6;8.3;198;0;0;-6.7;25.4;24.3;23
SIO;24.06.2026 00:00;27.8;36.1;18;34;49.7;15.9;45.9;16.2;961.1;1014.7;;;1018.1;3.4;17;12.2;61.2;16.7;60.1;0;0;0;0;345;;;;;754;90;8;9.5;243;0;0;-7.4;26;24.8;23.4
SIO;25.06.2026 00:00;25.7;35.6;18.1;31.3;48;17;59.7;18.8;962.2;1016.1;;;1019.1;3;13.6;10.8;49;13.4;48.2;0;0;0;0;294;;;;;628;75;6.8;7.4;246;0;0;-4.8;26.3;25.3;23.9
SIO;26.06.2026 00:00;27.3;34.8;18.9;32.6;50.8;17.9;54.1;18.8;963;1016.7;;;1020;2.4;10.4;8.6;37.4;10.2;36.7;0;0;0;0;284;;;;;582;70;6.2;9;239;0;0;-5.1;26.4;25.3;24
SIO;27.06.2026 00:00;27.3;36.8;19.4;33.2;50;18.4;56.9;19.6;963.5;1017.2;;;1020.5;2.5;11.5;9;41.4;11.4;41;0;0;0;0;329;;;;;683;82;7.1;9;240;0;0;-5.5;26.9;25.8;24.3
SIO;28.06.2026 00:00;27.1;35.7;19.4;33.1;51;18.6;54.3;18.7;964.1;1017.9;;;1021.1;3;15.5;10.8;55.8;14.2;51.1;120;0;0;0;320;;;;;607;73;7.2;8.8;83;0;0;-5.3;27.1;26;24.7
SIO;29.06.2026 00:00;24.5;33.6;18.3;29.7;49.8;16.9;62.9;18.9;965.3;1019.7;;;1022.4;3;16.8;10.8;60.5;16.1;58;0;1.4;1.4;0;269;;;;;522;63;6.1;6.2;253;0;0;-2.4;26.6;25.8;24.7
SIO;30.06.2026 00:00;24.3;32.6;16.9;30.7;48;15.3;63.6;18.5;963.7;1018;;;1020.7;3;13.8;10.8;49.7;13.6;49;0;2.1;0.1;0;328;;;;;675;81;6.6;6;247;0;0;-4.6;25.7;25;24.2
SIO;01.07.2026 00:00;20.9;24;17.5;24.3;37.7;15;72.1;17.7;964.1;1019.1;;;1021.1;1.8;15.5;6.5;55.8;14.8;53.3;0;4.8;6.8;0;186;;;;;269;32;3.4;2.6;256;0;0;5;24;24.1;23.8
SIO;02.07.2026 00:00;22.1;29.3;12.6;27.3;44.1;11.2;52.5;13.1;964.7;1019.5;;;1021.7;2.7;11.1;9.7;40;10.6;38.2;0;0;0;0;358;;;;;823;99;6.4;3.8;243;0;0;-7.2;23.5;23.2;22.7
SIO;03.07.2026 00:00;23.3;30.3;14.4;28.3;44.8;11.6;50.6;13.9;966.1;1020.8;;;1023.3;2.8;11.3;10.1;40.7;11.2;40.3;0;0;0;0;356;;;;;807;97;6.6;5;249;0;0;-7.3;24.1;23.5;22.8
SIO;04.07.2026 00:00;23.6;31.1;15.5;27.9;43.9;11.6;45.1;12.2;967.9;1022.6;;;1025.1;2.7;10.8;9.7;38.9;10.4;37.4;0;0;0;0;357;;;;;824;100;6.9;5.3;245;0;0;-8.2;24.5;23.9;23
SIO;05.07.2026 00:00;23.5;31.8;12;28.2;48;8.7;41.2;10.8;966.3;1020.9;;;1023.4;2.3;10.6;8.3;38.2;10.5;37.8;0;0;0;0;357;;;;;814;99;6.7;5.2;252;0;0;-8.7;24.4;23.8;23
SIO;06.07.2026 00:00;24.1;32.2;14.2;28.6;47.1;11.7;43.2;11.6;964.2;1018.6;;;1021.2;2.2;10.4;7.9;37.4;10.1;36.4;0;0;0;0;355;;;;;824;100;6.7;5.8;255;0;0;-8.5;24.9;24.2;23.2
SIO;07.07.2026 00:00;24;33.5;13.3;28.9;48.9;10.4;40.1;10.5;963.5;1017.9;;;1020.6;2;9.9;7.2;35.6;9.9;35.6;0;0;0;0;337;;;;;784;95;6.6;5.7;265;0;0;-8.5;25;24.2;23.3
SIO;08.07.2026 00:00;25.3;33.7;13.6;29.6;50.8;11.8;40.1;11.2;960.3;1014.2;;;1017.2;2.3;11.1;8.3;40;10.8;38.9;0;0;0;0;311;;;;;623;76;6.5;7;270;0;0;-7;25.2;24.4;23.4
SIO;09.07.2026 00:00;25.8;34;15.4;31.3;48.7;13;46.2;14.4;957.3;1011;;;1014.1;2.8;11;10.1;39.6;10.9;39.2;0;0;0;0;348;;;;;822;100;7.2;7.5;247;0;0;-8.1;26;25;23.7
SIO;10.07.2026 00:00;26;34.1;17.3;31.2;47.8;15.3;49;15.7;957.1;1010.7;;;1013.8;3;13.3;10.8;47.9;12.8;46.1;170;0;0;0;296;;;;;574;70;6.7;7.7;240;0;0;-5.7;26.4;25.4;24.2
SIO;11.07.2026 00:00;23.5;33.7;17.1;28;51;15.3;60.6;16.8;961;1015.4;;;1017.9;2.1;15.4;7.6;55.4;15.1;54.4;0;1.7;1.7;0;244;;;;;509;62;5.4;5.2;239;0;0;-2.3;26;25.3;24.4
SIO;12.07.2026 00:00;25.2;34.7;14.4;30.3;48.2;13.4;50.8;14.8;961.2;1015.2;;;1018.1;2.1;8.9;7.6;32;8.7;31.3;0;0;0;0;350;;;;;819;100;6.8;6.9;239;0;0;-7.4;25.2;24.5;23.7
SIO;13.07.2026 00:00;25.4;31.3;17.8;29.3;45.1;16.2;51.9;16.3;960.4;1014.3;;;1017.3;2;9;7.2;32.4;8.9;32;0;0;0;0;226;;;;;422;52;4.9;7.1;240;0;0;-4.2;25.1;24.5;23.8
SIO;14.07.2026 00:00;27.6;35.8;18;33;50.1;16.3;46.2;15.8;960.1;1013.6;;;1016.9;2.3;10.7;8.3;38.5;10.6;38.2;0;0;0;0;319;;;;;731;90;6.8;9.3;248;0;0;-7.3;26.4;25.3;24
SIO;15.07.2026 00:00;23.1;29.9;19.1;26.7;46.8;18.8;68.7;19;962.4;1016.8;;;1019.3;1.6;17.2;5.8;61.9;16.2;58.3;0;7.8;7.8;0;171;;;;;271;33;3.8;4.8;104;0;0;5.8;25.1;24.8;24.3
SIO;16.07.2026 00:00;23.1;30.9;16.6;27.8;47.1;15.6;67.6;18.1;962.6;1017.1;;;1019.6;2.1;25;7.6;90;23.9;86;110;34.1;13.9;0;245;;;;;456;56;4.9;4.8;297;0;0;10.8;24.2;24;23.5
SIO;17.07.2026 00:00;22.8;29.6;16.7;28.4;43.4;18.3;64.3;17.1;961.2;1015.7;;;1018.1;3.1;13.3;11.2;47.9;13.1;47.2;0;0;20.2;0;294;;;;;611;76;5.7;4.5;254;0;0;15.9;23.2;23;22.9
SIO;18.07.2026 00:00;24.2;30.3;18.4;28.7;44.6;17.4;55.2;16.1;958.8;1012.8;;;1015.6;2.9;11;10.4;39.6;10.8;38.9;0;0;0;0;294;;;;;555;69;6;5.9;242;0;0;-4.9;24.4;24;23.5
SIO;19.07.2026 00:00;23.4;30.1;16.6;27.1;42.9;16.4;52.9;14.5;959.5;1013.8;;;1016.3;2.7;9.8;9.7;35.3;9.6;34.6;0;0;0;0;289;;;;;565;70;5.9;5.1;243;0;0;-5.2;24.3;24;23.6
SIO;20.07.2026 00:00;22.4;29.4;14.4;26.5;40;13.2;52.9;13.6;960.9;1015.5;;;1017.8;3.2;13.3;11.5;47.9;12.9;46.4;0;0.8;0;0;331;;;;;774;97;6.3;4.1;245;0;0;-6.7;24.1;23.8;23.5
SIO;21.07.2026 00:00;21.9;28.7;15.8;25.3;38.3;12.7;51.4;12.8;962.2;1016.9;;;1019.1;2.9;13.4;10.4;48.2;12.9;46.4;0;0;0.8;0;332;;;;;685;86;6.3;3.6;255;0;0;-5.4;23.9;23.7;23.3
SIO;22.07.2026 00:00;21.2;28.6;12.3;24.4;40.7;10.3;49.1;11.6;962.9;1017.8;;;1019.9;2.7;12.7;9.7;45.7;12.3;44.3;0;0;0;0;339;;;;;800;100;6.1;2.9;245;0;0;-7.4;23.3;23.1;22.9
SIO;23.07.2026 00:00;21.7;29.6;12.7;24.4;41.4;10.5;46.8;11;960.6;1015.3;;;1017.5;2.1;11.4;7.6;41;11.1;40;0;0;0;0;319;;;;;700;88;5.8;3.4;256;0;0;-6.9;23.1;22.9;22.6
SIO;24.07.2026 00:00;21.8;29.4;12.1;25.3;43.6;9.3;48.1;11.8;958.8;1013.4;;;1015.6;2.7;12.5;9.7;45;12;43.2;0;0;0;0;339;;;;;794;100;6.2;3.5;251;0;0;-7.5;23.2;22.8;22.5
SIO;25.07.2026 00:00;21.1;29.8;13.2;24.6;46;11.2;62.9;15.1;955.8;1010.3;;;1012.4;2.9;21.8;10.4;78.5;21.1;76;0;18.6;12.8;0;235;;;;;417;53;5;2.8;236;0;0;9.6;22.8;22.6;22.4
SIO;26.07.2026 00:00;19.2;22.3;17.2;22.3;30;17.5;81.5;18.1;957.6;1012.6;;;1014.3;1.1;6.3;4;22.7;6.1;22;0;0.2;6;0;117;;;;;24;3;2.2;0.9;247;0;0;5.5;21.5;21.6;21.7
SIO;27.07.2026 00:00;22.4;28;16;26;38.9;16.1;61;15.8;961;1015.6;;;1017.9;3.6;13.4;13;48.2;13.3;47.9;0;0;0;0;330;;;;;736;94;6;4.1;245;0;0;-5.3;22.4;22.1;21.7
SIO;28.07.2026 00:00;24;31.1;15.4;27.6;44.3;13.9;57;16.4;963.6;1018;;;1020.7;2.2;10.1;7.9;36.4;10;36;0;0;0;0;328;;;;;788;100;5.9;5.7;248;0;0;-6.2;22.9;22.4;22
SIO;29.07.2026 00:00;26.1;34.7;18;28.7;44.2;17.2;56.3;17.9;963.6;1017.6;;;1020.6;1.9;9.8;6.8;35.3;9.8;35.3;0;0;0;0;318;;;;;750;96;6.2;7.8;243;0;0;-6;24.2;23.5;22.8
SIO;30.07.2026 00:00;25.4;35;16.7;28.3;46.9;15;54.3;16.3;963.8;1017.9;;;1020.8;1.9;15.8;6.8;56.9;15;54;0;0;0;0;302;;;;;708;91;6;7.1;225;0;0;-5.9;24.1;23.6;23
SIO;31.07.2026 00:00;24.5;31.7;18;27;41.6;16.8;60.2;17.8;961.7;1015.9;;;1018.6;1.7;12.2;6.1;43.9;11.4;41;0;5.4;5.4;0;202;;;;;322;42;4.3;6.2;180;0;0;2.6;23.6;23.3;22.9
SIO;01.08.2026 00:00;24.4;31.8;17.5;27.8;43.2;18.1;62.2;18.2;959.8;1013.9;;;1016.6;2.9;15.6;10.4;56.2;15;54;0;0;0;0;306;;;;;711;92;6;6.1;235;0;0;-5;23.7;23.4;22.9
SIO;02.08.2026 00:00;25.7;33.6;17.1;29.2;46;16.9;54.8;17.2;958.1;1011.8;;;1014.9;2;10.6;7.2;38.2;10.3;37.1;180;0;0;0;321;;;;;759;98;6.1;7.4;198;0;0;-6.1;24.2;23.6;22.9
SIO;03.08.2026 00:00;24.8;33.8;19;27.5;48.7;17.9;60.9;18.3;959.4;1013.4;;;1016.2;1.7;12;6.1;43.2;11.8;42.5;10;1.9;1.9;0;201;;;;;421;55;4.5;6.5;106;0;0;-1.4;23.9;23.5;23.1
SIO;04.08.2026 00:00;24.8;34.2;18.5;27.5;44.8;18.3;60.7;18.2;960.1;1014.1;;;1016.9;2.5;18.9;9;68;17.5;63;300;0;0;0;236;;;;;441;57;5.5;6.5;82;0;0;-3.4;23.5;23.2;22.8
SIO;05.08.2026 00:00;24.5;32.3;16.5;29.4;45.7;15.7;60.6;17.9;962.2;1016.4;;;1019.1;3.1;13.6;11.2;49;13.4;48.2;0;0;0;0;298;;;;;662;86;6;6.2;239;0;0;-4.8;23.9;23.3;22.7
SIO;06.08.2026 00:00;25.4;32.4;18.8;30.2;47.3;18.6;58.8;18.1;962.4;1016.4;;;1019.3;2.9;13.1;10.4;47.2;12.4;44.6;0;0;0;0;312;;;;;734;96;6.3;7.1;244;0;0;-5.4;24.9;24.1;23.2
SIO;07.08.2026 00:00;24.5;31.9;16.9;29.1;46.8;15.3;55.5;16.3;961.4;1015.6;;;1018.3;3;13.1;10.8;47.2;12.8;46.1;0;0;0;0;313;;;;;764;100;6.2;6.2;243;0;0;-6;24.9;24.2;23.3
SIO;08.08.2026 00:00;24.7;32.6;16.2;28.9;48;14.4;51.6;15.1;961.3;1015.4;;;1018.2;2.5;11.5;9;41.4;11.3;40.7;0;0;0;0;310;;;;;765;100;6.1;6.4;243;0;0;-6.5;24.8;24.1;23.4
SIO;09.08.2026 00:00;24.8;32.3;15.7;27.4;47.3;14.5;50.8;15.1;961.7;1015.8;;;1018.6;2;13;7.2;46.8;12.8;46.1;0;0;0;0;206;;;;;473;63;4.6;6.5;231;0;0;-4.4;24.1;23.7;23.2
SIO;10.08.2026 00:00;24.4;32.9;16.1;27.3;47.6;14.7;52.8;15.4;962.1;1016.3;;;1019;1.7;9.5;6.1;34.2;9.4;33.8;0;0;0;0;242;;;;;576;76;4.9;6.1;254;0;0;-4.9;23.8;23.4;22.8
SIO;11.08.2026 00:00;23.8;33.5;16.7;28.1;46.3;14.7;62.2;17.2;963.8;1018.3;;;1020.9;2.7;17.7;9.7;63.7;16.9;60.8;0;4.8;4.8;0;257;;;;;606;80;5.6;5.5;248;0;0;0.6;24.2;23.6;22.9
SIO;12.08.2026 00:00;25.1;33.9;16.3;28.5;44.6;16.3;60.8;18.1;965.3;1019.6;;;1022.4;2.3;10.9;8.3;39.2;10.6;38.2;0;0;0;0;275;;;;;652;87;5.6;6.8;225;0;0;-4.5;23.8;23.4;22.9
SIO;13.08.2026 00:00;26.7;37.5;18.5;29.9;48.1;17.5;52.1;16.8;965.1;1019;;;1022.2;2.3;16.9;8.3;60.8;16.5;59.4;0;0;0;0;273;;;;;612;82;6.3;8.4;197;0;0;-5.2;24.4;23.8;23
SIO;14.08.2026 00:00;24.6;37;18.2;28.3;47.9;17;59.3;16.8;963.7;1018;;;1020.8;2.3;17.3;8.3;62.3;16.4;59;0;1.8;1.8;0;239;;;;;523;70;5.8;6.3;194;0;0;-2.1;24.8;24.3;23.4
SIO;15.08.2026 00:00;24.8;35.8;16.5;29.7;46.7;17.5;54.7;15.6;960.9;1014.9;;;1017.7;2.1;11.9;7.6;42.8;11.5;41.4;10;0;0;0;267;;;;;612;82;5.7;6.5;90;0;0;-4.9;24.7;24.2;23.5
SIO;16.08.2026 00:00;25.1;35;17.6;29.7;45.9;16.5;52.5;15.7;959.8;1013.8;;;1016.7;2.4;15.4;8.6;55.4;15;54;0;0;0;0;274;;;;;645;87;6;6.8;231;0;0;-5.3;25.5;24.8;23.8
SIO;17.08.2026 00:00;19.8;22.8;17.3;21.7;30.5;16.7;81.3;18.7;961.1;1016.2;;;1018;0.9;4.4;3.2;15.8;4.4;15.8;0;8.5;8.5;0;75;;;;;137;19;1.6;1.5;153;0;0;7.8;22.8;23.2;23.4
SIO;18.08.2026 00:00;22.8;30.7;16.5;26.7;42.8;15.9;66.2;17.4;959.3;1013.7;;;1016.2;1.9;9.5;6.8;34.2;9.4;33.8;0;0;0;0;240;;;;;488;66;4.5;4.5;252;0;0;-3;23.3;22.9;22.4
SIO;19.08.2026 00:00;25.5;35.6;16.4;30.4;46.4;15.1;49.7;14.8;955.1;1008.7;;;1011.7;2.2;11.2;7.9;40.3;10.9;39.2;20;0;0;0;292;;;;;718;98;6;7.2;230;0;0;-6;24.7;24.1;23.2
SIO;20.08.2026 00:00;22.8;29.8;19.2;25.7;44.1;20.2;67.8;18.4;955.3;1009.4;;;1011.9;1.6;14.6;5.8;52.6;14.5;52.2;0;4;0.9;0;124;;;;;116;16;3.1;4.5;153;0;0;-0.2;23.9;23.9;23.5
SIO;21.08.2026 00:00;17.7;20.7;15.1;20.3;29;15.7;82;16.5;956.2;1011.4;;;1012.8;2.9;14.6;10.4;52.6;14.3;51.5;0;6.3;9.3;0;121;;;;;121;17;2.3;0;254;0;0;8.6;20.9;21.4;22
SIO;22.08.2026 00:00;19.1;26.1;12.7;24;39;11.2;56.1;11.6;961.7;1017;;;1018.7;2.9;12.3;10.4;44.3;11.9;42.8;0;0;0.1;0;292;;;;;724;100;5;0.8;243;0;0;-5.1;21.3;21.2;21.1
SIO;23.08.2026 00:00;19;26.8;10.7;23.5;39.6;9.1;58.3;12;963.2;1018.7;;;1020.3;2.1;10.2;7.6;36.7;10;36;0;0;0;0;287;;;;;726;100;4.6;0.7;255;0;0;-5;21.4;21.3;21.2
SIO;24.08.2026 00:00;21.4;29.4;14.2;26.3;42.3;13.6;60.8;14.8;958.6;1013.2;;;1015.4;2;10.6;7.2;38.2;10.1;36.4;0;18.4;0.5;0;251;;;;;586;82;4.5;3.1;240;0;0;-3.4;22.3;22;21.6
SIO;25.08.2026 00:00;21.4;27.3;17.3;25.6;39.1;18.7;73.2;18.1;957.2;1011.7;;;1013.9;1.7;9.3;6.1;33.5;9;32.4;0;0;17.9;0;222;;;;;379;53;3.8;3.1;243;0;0;16;22.7;22.5;22.2
SIO;26.08.2026 00:00;22;28.2;15.8;25.5;39.6;14.6;65.4;16.7;959.7;1014.3;;;1016.5;1.7;7.7;6.1;27.7;7.7;27.7;0;0;0;0;232;;;;;585;82;4;3.7;225;0;0;-3.4;22.6;22.4;22.2
SIO;27.08.2026 00:00;24.6;32.7;16.8;27.8;44;16.5;57.7;17.1;957.7;1011.7;;;1014.5;1.8;9.8;6.5;35.3;9.8;35.3;180;0;0;0;233;;;;;623;88;4.6;6.3;112;0;0;-4.3;23.1;22.8;22.3
SIO;28.08.2026 00:00;19.9;24.8;13.6;21.4;30.8;12.1;76;17.5;958.6;1013.5;;;1015.3;2.8;22.8;10.1;82.1;21.8;78.5;0;2.9;0.9;0;95;;;;;53;8;2.3;1.6;256;0;0;0.3;21.9;22.2;22.3
SIO;29.08.2026 00:00;18.5;24.9;12.1;22.4;36.1;10.4;70;14.3;961.5;1016.9;;;1018.5;1.9;11.1;6.8;40;10.9;39.2;0;0;0;0;252;;;;;634;91;3.8;0.2;253;0;0;-3.1;21;21;21
SIO;30.08.2026 00:00;21.1;28.7;12.7;25.4;40.2;11.5;60.3;14.4;960.6;1015.4;;;1017.5;2.4;12.4;8.6;44.6;11.4;41;0;3.9;1.3;0;266;;;;;672;97;4.6;2.8;241;0;0;-2.9;21.7;21.5;21.2
SIO;31.08.2026 00:00;20.7;27;15.4;24.7;38.1;13.4;68.4;16.1;963;1018;;;1020;3;13;10.8;46.8;12.8;46.1;0;0.2;2.8;0;244;;;;;505;73;4.4;2.4;251;0;0;0.1;22.3;22.2;21.9
SIO;01.09.2026 00:00;19.2;26.3;11.2;22.5;37.4;9.9;59.7;12.7;964.7;1020.1;;;1021.8;2.7;13.3;9.7;47.9;13;46.8;0;0;0;0;265;;;;;693;100;4.4;0.9;249;0;0;-4.3;21.2;21.3;21.3
SIO;02.09.2026 00:00;19.6;27.9;10.6;22.6;37.7;9.1;59.5;12.8;965.2;1020.6;;;1022.3;2.3;12;8.3;43.2;11.7;42.1;0;0;0;0;255;;;;;627;92;4.3;1.3;252;0;0;-4;20.9;20.9;20.9
SIO;03.09.2026 00:00;20.3;28;11.9;23.1;39;10.6;57.6;12.9;966.7;1022;;;1023.9;2.3;11.7;8.3;42.1;11.1;40;0;0;0;0;255;;;;;677;100;4.4;2;261;0;0;-4.4;21.2;21.1;20.9
SIO;04.09.2026 00:00;22.5;31;12;25.5;42;10.4;51.8;13.1;964.2;1018.9;;;1021.2;2;9.5;7.2;34.2;9.2;33.1;0;0;0;0;262;;;;;681;100;4.6;4.2;247;0;0;-4.9;21.5;21.2;21
SIO;05.09.2026 00:00;22.5;29.5;14.9;24.6;40.3;14.1;58.2;15.1;965.3;1020;;;1022.4;2.7;13;9.7;46.8;12.5;45;0;0;0;0;212;;;;;382;57;4.4;4.2;252;0;0;-2.7;21.9;21.6;21.3
SIO;06.09.2026 00:00;21.8;29.1;13.5;25.3;41.5;12.4;63.2;15.9;967;1022;;;1024.1;2.2;11.8;7.9;42.5;11.6;41.8;0;1.4;0;0;251;;;;;674;100;4.2;3.5;248;0;0;-3.7;22.1;21.8;21.3
SIO;07.09.2026 00:00;22.3;30.2;15.1;24.4;42.9;14.5;64.9;16.9;966.7;1021.6;;;1023.9;1.4;10.4;5;37.4;10.3;37.1;0;0;1.4;0;188;;;;;383;58;3.4;4;225;0;0;-0.8;21.9;21.7;21.4
SIO;08.09.2026 00:00;23.1;33.1;15.6;26.5;44.9;13.1;59.7;15.7;959;1013.2;;;1015.8;2;14.7;7.2;52.9;14.3;51.5;0;11.5;6.5;0;222;;;;;526;80;4.5;4.8;180;0;0;3.2;22;21.7;21.3
SIO;09.09.2026 00:00;16.4;18.3;13.6;18.7;25.8;13.6;82.8;15.5;958.4;1014;;;1015.2;3.2;12.7;11.5;45.7;12.3;44.3;0;2.9;7.9;0;97;;;;;91;14;1.7;0;259;0;0;7.4;19.7;20.2;20.7
SIO;10.09.2026 00:00;16.5;20.8;13.5;20.6;31.8;13;66;12.2;959.5;1015.1;;;1016.3;3.5;15.1;12.6;54.4;14.8;53.3;0;0;0;0;219;;;;;402;61;3.6;0;251;0;0;-2.2;19;19.2;19.5
SIO;11.09.2026 00:00;16.4;22.6;10.7;19.3;33.8;8.7;67;12.2;964.3;1020.3;;;1021.4;2.1;11.2;7.6;40.3;10.6;38.2;0;0;0;0;219;;;;;551;84;3.2;0;254;0;0;-2.7;18.8;19;19.3
SIO;12.09.2026 00:00;16.7;24;8.6;19.6;34.7;6.8;65.8;12;967.4;1023.5;;;1024.6;2.3;11.4;8.3;41;11.1;40;0;0;0;0;243;;;;;657;100;3.5;0;250;0;0;-3.2;18.5;18.6;18.9
SIO;13.09.2026 00:00;18;24.9;9.9;20.7;34.7;7.7;62.8;12.4;967.8;1023.6;;;1025;2;10;7.2;36;9.8;35.3;0;0;0;0;224;;;;;576;89;3.4;0;250;0;0;-3.1;18.7;18.7;18.8
SIO;14.09.2026 00:00;20.1;27.6;14;23.1;37.6;12.9;66.5;15.1;966.8;1022.1;;;1023.9;2.1;10.8;7.6;38.9;10.7;38.5;0;0;0;0;236;;;;;616;96;3.8;1.8;252;0;0;-2.9;20;19.8;19.5
SIO;15.09.2026 00:00;20;27.7;12.3;22.7;38.5;10.6;65.8;14.7;963.6;1018.8;;;1020.7;2.1;12;7.6;43.2;11.8;42.5;0;0;0;0;231;;;;;646;100;3.7;1.7;248;0;0;-3.1;19.9;19.8;19.7
SIO;16.09.2026 00:00;17.8;25.2;13.9;19.7;36.6;13;72.4;14.6;960.5;1016;;;1017.4;3.5;16.1;12.6;58;15.6;56.2;0;0.2;0.2;0;123;;;;;159;25;3.2;0;252;0;0;-0.7;19.2;19.4;19.5
SIO;17.09.2026 00:00;16.1;21.3;10.4;18.5;33.6;8.4;63.5;11.4;960.4;1016.2;;;1017.3;2.3;11.1;8.3;40;10.7;38.5;0;0;0;0;199;;;;;556;87;2.9;0;249;0;0;-2.8;18.4;18.7;18.9
SIO;18.09.2026 00:00;16.5;23;10.6;19.2;34.6;8;62.8;11.4;961;1016.8;;;1017.9;2.6;14.3;9.4;51.5;14.1;50.8;0;0;0;0;195;;;;;449;70;3.2;0;246;0;0;-2.4;18.2;18.3;18.5
SIO;19.09.2026 00:00;16;23.9;8;18.3;36.4;5.8;65.2;11.3;966.7;1022.9;;;1023.9;2;10.2;7.2;36.7;10;36;0;0;0;0;220;;;;;618;97;3.1;0;253;0;0;-2.9;17.8;18;18.3
SIO;20.09.2026 00:00;17.7;25.8;8.1;19.4;37.3;6.8;57.2;10.9;970.1;1026.1;;;1027.4;1.8;9.7;6.5;34.9;9.5;34.2;0;0;0;0;202;;;;;556;88;3.2;0;252;0;0;-3.2;18;18;18.2
SIO;21.09.2026 00:00;17.2;24.4;9.2;18.9;34.3;7.2;62.4;11.9;969.6;1025.7;;;1026.9;2.4;11;8.6;39.6;10.6;38.2;0;0;0;0;199;;;;;565;90;3.2;0;250;0;0;-2.8;18;18;18.2
SIO;22.09.2026 00:00;16.4;24.1;8.8;18.3;33.8;6.4;61.1;10.8;966.9;1023;;;1024.1;2.5;11.9;9;42.8;11.5;41.4;0;0;0;0;216;;;;;629;100;3.4;0;252;0;0;-3.2;17.7;17.9;18
SIO;23.09.2026 00:00;16.3;24.9;7.7;17.6;33.8;4.9;60.3;10.5;966.9;1023;;;1024.1;2.3;10.5;8.3;37.8;10;36;0;0;0;0;214;;;;;621;100;3.3;0;252;0;0;-3.1;17.4;17.5;17.8
SIO;24.09.2026 00:00;16.8;25.7;8.2;17.3;36.2;5.8;58.9;10.6;966.3;1022.4;;;1023.5;1.5;8.6;5.4;31;8.4;30.2;0;0;0;0;151;;;;;361;59;2.6;0;247;0;0;-2.1;17.1;17.3;17.6
SIO;25.09.2026 00:00;15.7;25;7.4;15.8;34.9;3.7;54.6;9.1;964.4;1020.5;;;1021.5;1.7;9.4;6.1;33.8;9.1;32.8;0;0;0;0;190;;;;;601;98;3;0;236;0;0;-3.4;16.5;16.9;17.3
SIO;26.09.2026 00:00;16.7;27.3;7.8;17.7;37.1;5.1;50.6;8.6;965.5;1021.5;;;1022.7;1.6;11;5.8;39.6;10.7;38.5;0;0;0;0;212;;;;;615;100;3.2;0;239;0;0;-3.7;16.7;16.8;17
SIO;27.09.2026 00:00;16.9;27.2;7.3;17.7;37.5;4.4;53.4;9.4;964.9;1020.9;;;1022;1.7;10.1;6.1;36.4;10;36;0;0;0;0;207;;;;;613;100;3.2;0;225;0;0;-3.5;16.7;16.8;17
SIO;28.09.2026 00:00;17.4;27.3;8.7;19.6;36.8;5.7;60.4;11.3;964.3;1020;;;1021.3;1.8;11.4;6.5;41;11.1;40;0;0;0;0;193;;;;;548;91;3.1;0;243;0;0;-2.7;17.7;17.5;17.3
SIO;29.09.2026 00:00;18.1;26.9;10.6;20.3;35.9;10;62.6;12.4;964.8;1020.5;;;1021.9;2;10.4;7.2;37.4;10;36;0;0;0;0;159;;;;;406;68;2.9;0;240;0;0;-2;18.4;18.1;17.9
SIO;30.09.2026 00:00;18.9;26.1;11.8;21.7;38.5;10.1;64.1;13.6;965.8;1021.3;;;1022.9;1.4;6.6;5;23.8;6.4;23;0;0;0;0;108;;;;;95;16;2.2;0.6;108;0;0;-0.8;18.6;18.3;18.1
SIO;01.10.2026 00:00;18.5;24.3;15.8;21.4;36;15.9;74.4;15.6;968.1;1023.9;;;1025.4;2.2;14;7.9;50.4;13.5;48.6;0;3.8;3.8;0;89;;;;;39;7;2.2;0.2;257;0;0;3.4;18.9;18.6;18.4
SIO;02.10.2026 00:00;17.6;22.4;14.7;20.8;32;14.4;82.7;16.4;972;1028.2;;;1029.4;1.9;12.5;6.8;45;12.3;44.3;0;;0;;149;;;;;413;71;2.1;;249;0;;-1;19.2;19;18.7
