id,projectNumber,projectType,projectSubType,processType,lotsType,publicationId,publicationDate,publicationNumber,pubType,corrected,lots,orderAddressOnlyDescription,title.de,title.en,title.fr,title.it,procOfficeName.de,procOfficeName.en,procOfficeName.fr,procOfficeName.it,orderAddress.countryId,orderAddress.cantonId,orderAddress.postalCode,orderAddress.city.de,orderAddress.city.en,orderAddress.city.fr,orderAddress.city.it,orderAddress
74edb7dd-2e88-4bce-b7d0-6c3a50b45828,44543,tender,construction,open,without,049a644e-9bfe-49e6-8c55-576c8ab65460,2026-10-02,44543-01,tender,False,[],no,Kollegium Brig - Sanierung Internat / BKP 285.1 Innere Malerarbeiten (Südtrakt),,Collège de Brique - Rénovation de l'internat / CFC 285.1 Peinture Intérieure (tract sud),,"Departement für Finanzen und Energie, Dienststelle für Immobilien und Bauliches Erbe",,"Département des finances et de l'énergie, Service immobilier et patrimoine",,CH,VS,3900,Brig-Glis,,,,
e7e0761e-99cf-4f2c-981e-6b0ef31094d5,44544,tender,construction,open,without,b36abd1f-7a1d-4b25-bb3c-3d178d089e0f,2026-10-02,44544-01,tender,False,[],no,Kollegium Brig - Sanierung Internat / BKP 283.2 Deckenbekleidungen aus Gips (Südtrakt),,Collège de Brique - Rénovation de l'internat / CFC 283.2 Faux-plafonds en plâtre (tract sud),,"Departement für Finanzen und Energie, Dienststelle für Immobilien und Bauliches Erbe",,"Département des finances et de l'énergie, Service immobilier et patrimoine",,CH,VS,3900,Brig-Glis,,,,
4f33578c-d7a3-4fe6-bcb8-4aebad8e3355,45122,tender,construction,open,without,bff3823a-792a-4cc2-b10f-0130752305ed,2026-09-30,45122-01,tender,False,[],no,,,YPERIA - OIKEN - Lot 421.000 Aménagements extérieurs - Travaux de paysagisme,,,,OIKEN SA (Pragma Partenaires SA),,CH,VS,3960,,,Sierre ,,
f01bc950-8ed7-4ba1-9503-ab3ffe94c151,44100,tender,construction,open,without,b5c8e446-ad01-4bf9-a54f-6a7b26b21466,2026-09-27,44100-01,tender,False,[],no, 65- und 16- kV Kabelleitungen Einführung der Kabelleitungen in das neue Unterwerk Ernen,, 65- und 16- kV Kabelleitungen Einführung der Kabelleitungen in das neue Unterwerk Ernen,,Valgrid SA,,Valgrid SA,,CH,VS,3995,Ernen ,,,,
38b52c01-34e6-4c8b-9311-7c4bcc0798a8,44933,tender,construction,open,without,d1962e74-0d30-48c4-8750-9fae9b223bdf,2026-09-26,44933-01,tender,False,[],no,,,FPO Chamoson - LOT 271.000 Plâtrerie - peinture,,,,Foyer Pierre Olivier (Pragma Partenaires SA),,CH,VS,1955,,,Chamoson ,,
ee5a86bb-d7c5-4794-b927-8c602af15d15,44435,tender,construction,open,without,6da89c56-8d76-4ec9-8021-81d5770bb82c,2026-09-19,44435-01,tender,False,[],no,Sanierung Sandstrasse,,,,Gemeinde Steg-Hohtenn,,,,CH,VS,3940,Steg,,,,
0d93803c-9fa0-4350-bb24-65c952482b8e,44498,tender,construction,open,with,d1841d98-7ab4-4a49-8c6f-6867d706e1e8,2026-09-19,44498-01,tender,False,"[{'publicationId': 'd1841d98-7ab4-4a49-8c6f-6867d706e1e8', 'publicationDate': '2026-09-19', 'publicationNumber': '44498-01', 'pubType': 'tender', 'corrected': False, 'lotId': '0f59e673-b17c-483f-991d-d37a75e0339b', 'lotNumber': 1, 'lotTitle': {'de': None, 'en': None, 'fr': 'Travaux de carrelage et de faïence', 'it': None}, 'orderAddressOnlyDescription': 'no', 'orderAddress': {'countryId': 'CH', 'cantonId': 'VS', 'postalCode': '3960', 'city': {'de': None, 'en': None, 'fr': 'Sierre', 'it': None}}}, {'publicationId': 'd1841d98-7ab4-4a49-8c6f-6867d706e1e8', 'publicationDate': '2026-09-19', 'publicationNumber': '44498-01', 'pubType': 'tender', 'corrected': False, 'lotId': 'c00527c1-5aa3-4bd8-a777-6d9baf068488', 'lotNumber': 2, 'lotTitle': {'de': None, 'en': None, 'fr': 'Travaux de peinture intérieure', 'it': None}, 'orderAddressOnlyDescription': 'no', 'orderAddress': {'countryId': 'CH', 'cantonId': 'VS', 'postalCode': '3960', 'city': {'de': None, 'en': None, 'fr': 'Sierre', 'it': None}}}]",,,,"Foyer St-Joseph à Sierre : travaux d'agrandissement, de transformation et de mise aux normes de l'établissement",,,,Organisateur Personeni Raffaele Architectes EPF SIA,,,,,,,,,
f95c3661-4328-4896-baa2-0efc273d730e,44035,tender,construction,open,without,ffd3833a-d3d5-41c5-914d-8a8a9a28e58b,2026-09-15,44035-01,tender,False,[],no,,,"Conception, fourniture, montage et maintenance de deux éoliennes à Charrat",,,,ValEole SA,,CH,VS,1906,,,Charrat,,
3ada8d46-132c-4b26-b8a7-7ac369cfd08e,40458,tender,construction,open,without,876cddb7-9caf-45a8-bc4e-7329f1d15254,2026-09-11,40458-01,tender,False,[],no,Kopie Kopie Kopie Kopie Kopie Kopie Kopie Kopie Bau des EDHEA-Campus und der Walliser Nähschule in Siders - BKP 214.3,,Construction du Campus EDHEA et Ecole de couture du Valais à Sierre - CFC 283.2 ,,Service immobilier et patrimoine / Dienststelle für Immobilien und Bauliches Erbe - Investissements / Investitionen,,"Etat du Valais, Service immobilier et patrimoine - Investissements",,CH,VS,3960,,,Sierre,,
d271edf7-8015-4b94-b22e-bebb6286bd88,40460,tender,construction,open,without,718b7e4a-0496-4161-9882-0eb936059ff6,2026-09-11,40460-01,tender,False,[],no,Kopie Kopie Kopie Kopie Kopie Kopie Kopie Kopie Kopie Bau des EDHEA-Campus und der Walliser Nähschule in Siders - BKP 214.3,,Construction du Campus EDHEA et Ecole de couture du Valais à Sierre - CFC 283.4,,Service immobilier et patrimoine / Dienststelle für Immobilien und Bauliches Erbe - Investissements / Investitionen,,"Etat du Valais, Service immobilier et patrimoine - Investissements",,CH,VS,3960,,,Sierre,,
7eb92570-6630-43c6-b394-b317b45ac725,43603,tender,construction,open,without,ed634974-307d-47fc-bcd9-b1b28cc9bc44,2026-09-11,43603-01,tender,False,[],no,"Bau des neuen RLC-Zentrums, Cour Roger Bonvin, Sitten - CFC 211.5",,"Construction du nouveau centre RLC, Cour Roger Bonvin, Sion - CFC 211.5",,"Ville de Sion, Service bâtiments et constructions",,"Ville de Sion, Service bâtiments et constructions",,CH,VS,1950,,,Sion,,
b4d87e85-ec35-4d9a-a63f-de713994dfc1,43818,tender,construction,open,without,61613ad5-fbc0-429d-a0d5-a70a22a6cc6e,2026-09-11,43818-01,tender,False,[],no,"Bau des neuen RLC-Zentrums, Cour Roger Bonvin, Sitten - CFC 213.2",,"Construction du nouveau centre RLC, Cour Roger Bonvin, Sion - CFC 213.2",,"Ville de Sion, Service bâtiments et constructions",,"Ville de Sion, Service bâtiments et constructions",,CH,VS,1950,,,Sion,,
d0a518fd-e673-41f6-87d9-f47ca1592cb3,43820,tender,construction,open,without,a5b82051-c5a7-4d66-be48-d945b6b5bff8,2026-09-11,43820-01,tender,False,[],no,"Bau des neuen RLC-Zentrums, Cour Roger Bonvin, Sitten - CFC 215.2",,"Construction du nouveau centre RLC, Cour Roger Bonvin, Sion - CFC 215.2",,"Ville de Sion, Service bâtiments et constructions",,"Ville de Sion, Service bâtiments et constructions",,CH,VS,1950,,,Sion,,
9a0936d8-617b-4ce5-971b-da8615dbae6f,43737,tender,construction,open,without,5035aebd-338a-428f-bf97-9d10fdd0334d,2026-09-08,43737-01,tender,False,[],no,,,"VE 31.09 Réfection de voie métrique  « Finhaut-Châtelard / KM 15.372 au KM 16.184 - KM 16.413 au KM 17.030 et KM 17.682 au  17.766 : 1513m"" ",,,,Achats - TMR SA,,CH,VS,1925,,,Finhaut,,
4a9d8c4c-5987-4f6d-826f-61d0ab184401,43679,tender,construction,open,without,14196395-05af-4327-af16-3630333bb3f5,2026-09-05,43679-01,tender,False,[],no,HWS Milibach,,,,Gemeinde Niedergesteln,,,,CH,VS,3942,Niedergesteln,,,,
b8463497-c018-444f-b2fa-871dd5890422,43722,tender,construction,open,without,f6bac94f-82ac-4800-b3d9-9d9f68e89507,2026-09-05,43722-01,tender,False,[],no,,,FPO Chamoson - Lot 226.100 Crépissage de façade isolée,,,,Foyer Pierre Olivier (Pragma Partenaires SA),,CH,VS,1955,,,Chamoson ,,
d30be553-8d08-42f6-9311-8d42b4fc0e8f,42982,tender,construction,open,without,1f71e1d7-d4ad-4540-af6f-148fe4338fae,2026-09-04,42982-01,tender,False,[],no,,,Extension et rénovation du Lycée-collège de St-Maurice - CFC 273.2,,,,"Etat du Valais, Service immobilier et patrimoine - Investissements",,CH,VS,1890,,,St-Maurice,,
752f1a60-f13b-41a8-81b3-ec20cfb0f38f,42988,tender,construction,open,without,fe1c40a7-f600-4103-8cab-3ca7e4bff624,2026-09-04,42988-01,tender,False,[],no,,,Extension et rénovation du Lycée-collège de St-Maurice - CFC 281.6,,,,"Etat du Valais, Service immobilier et patrimoine - Investissements",,CH,VS,1890,,,St-Maurice,,
d57ab349-f37f-4e4b-b15b-24f9f008fba0,42989,tender,construction,open,without,26d6f804-7857-4d38-ada5-9b150a1be547,2026-09-04,42989-01,tender,False,[],no,,,Extension et rénovation du Lycée-collège de St-Maurice - CFC 283.1,,,,"Etat du Valais, Service immobilier et patrimoine - Investissements",,CH,VS,1890,,,St-Maurice,,
ff77eb63-7b06-4137-b9fc-ed75917b1534,42991,tender,construction,open,without,7d68ebc1-fe73-4c64-96d7-2615380b0f61,2026-09-04,42991-01,tender,False,[],no,,,Extension et rénovation du Lycée-collège de St-Maurice - CFC 283.2,,,,"Etat du Valais, Service immobilier et patrimoine - Investissements",,CH,VS,1890,,,St-Maurice,,
a24b9c5b-852b-427f-ab67-882bb3be1a37,42997,tender,construction,open,without,be3ac3b9-2d89-4ab6-8f66-657eda3b26b9,2026-09-04,42997-01,tender,False,[],no,,,Extension et rénovation du Lycée-collège de St-Maurice - CFC 283.4,,,,"Etat du Valais, Service immobilier et patrimoine - Investissements",,CH,VS,1890,,,St-Maurice,,
89b2fd03-4cc6-400c-bb82-f2cbdd0f49d0,42998,tender,construction,open,without,2362f261-fd29-424b-8252-508a308210f1,2026-09-04,42998-01,tender,False,[],no,,,Extension et rénovation du Lycée-collège de St-Maurice - CFC 248,,,,"Etat du Valais, Service immobilier et patrimoine - Investissements",,CH,VS,1890,,,St-Maurice,,
f14cafcd-d865-41b7-bd74-fe8b65afb420,41704,tender,construction,open,without,2888f201-aeab-43ae-bf13-5202121070a7,2026-09-02,41704-01,tender,False,[],no,Bau einer NCUAPE in Vollèges – CFC 358 Großküche,,Construction d'une NCUAPE à Vollèges - CFC 358 Cuisine professionnelle,,Commune de Val de Bagnes - Dicastère ATCM (quartal),,Commune de Val de Bagnes - Dicastère ATCM (quartal),,CH,VS,1941,,,Vollèges,,
b6e94dd9-c905-4075-b2a8-7cba59ed66cb,43368,tender,construction,open,without,25f963a3-c480-4188-a93e-12d644417507,2026-09-01,43368-01,tender,False,[],no,Sportzentrum Verbier - CFC 281.0 Estriche,,Centre sportif de Verbier - CFC 281.0 Chapes,,Quartal Sàrl,,Quartal Sàrl,,CH,VS,1936,Verbier,,Verbier,,
683cd676-8680-4c67-aa68-405755ae43a6,41727,tender,construction,open,without,a2c51ed4-15e6-4d1f-9ebb-c3fbff763aff,2026-08-28,41727-01,tender,False,[],no,,,Déconstruction et assainissement Domaine des Mangettes Monthey,,,,"Etat du Valais, Département des finances et de l'énergie (DFE) Service immobilier et patrimoine (SIP)",,CH,VS,1870,,,Monthey,,
ec4bf004-48f0-4a68-928e-0330422982bd,43132,tender,construction,open,without,5303d592-4301-4d03-ae71-df387bf5435c,2026-08-27,43132-01,tender,False,[],no,,,FPO Chamoson - Lot 281.600 Carrelages et faïences ,,,,Foyer Pierre Olivier (Pragma Partenaires SA),,CH,VS,1955,,,Chamoson ,,
8abdb0e0-625d-4c2b-ae74-4d8ff339433a,38475,tender,construction,open,without,b5236aee-71e0-4885-ae0a-3d0dcd1e52ec,2026-08-25,38475-02,tender,True,[],no,Kaskade Barberine Erhebliche Erneuerung Los 201 Tiefbau,,"Cascade Barberine, Rénovation notable_Lot 201_Travaux de génie civil",,SBB CFF FFS Einkauf Bauprojekte Standort Bern,,SBB CFF FFS Einkauf Bauprojekte Standort Bern,,CH,VS,1925,Châtelard,,Châtelard,,
c27e2076-36db-449a-be36-81e7e87764e7,40384,tender,construction,open,without,2b9cbfe6-a7fc-474b-802c-fd1c48ee207d,2026-08-24,40384-02,tender,True,[],no,,,T9 Encorbellement Vernayaz 2,,,,Service de la mobilité / Dienststelle für Mobilität - Arrondissement 3 Bas-Valais / Kreis 3 Unterwallis,,CH,VS,1920,,,Martigny,,
d91e161f-204b-46a3-8eca-2e077c3e30cb,41687,tender,construction,open,without,28130020-31a0-4d0a-98d3-468c8a77e79c,2026-08-21,41687-01,tender,False,[],no,Bkp 421 Umgebungsarbeiten,,,,Service immobilier et patrimoine / Dienststelle für Immobilien u. Bauliches Erbe - Gérance et entretien d'immeuble / Immobilienverwaltung u. Unterhalt,,,,CH,VS,3930,Visp,,,,
9e26f53b-298c-4751-86a0-f55fdc8fb1b0,41375,tender,construction,open,without,f14687ef-801d-4d4a-b8f3-2b9595cfdb6c,2026-08-18,41375-02,tender,False,[],no,,,Construction d'un EMS & AEMS - St-Maurice - 221.1 Fenêtres en bois-métal,,,,Quartal Sàrl ,,CH,VS,1890,,,St-Maurice,,
bba601a3-8ab2-47f8-bd79-8d38dfdcd309,41376,tender,construction,open,without,e0964030-5287-460d-9846-b106feb2a244,2026-08-18,41376-02,tender,False,[],no,,,Construction d'un EMS & AEMS - St-Maurice - 224.1 Etanchéité toitures plates,,,,Quartal Sàrl ,,CH,VS,1890,,,St-Maurice,,
4f2f6149-53b2-4891-887d-4eb95f2a6ab3,41377,tender,construction,open,without,718a5a36-5a94-4a1d-908d-0b0f1c67ca66,2026-08-18,41377-02,tender,False,[],no,,,Construction d'un EMS & AEMS - St-Maurice - 261 Ascenseurs,,,,Quartal Sàrl ,,CH,VS,1890,,,St-Maurice,,
03e4eaed-393c-4eec-a5d7-1930e00e103c,41378,tender,construction,open,without,1c7f7028-ef24-4d59-9c27-904721f3be18,2026-08-18,41378-02,tender,False,[],no,,,Construction d'un EMS & AEMS - St-Maurice - 358 Cuisines professionnelles,,,,Quartal Sàrl ,,CH,VS,1890,,,St-Maurice,,
96f74539-265f-4952-bf84-7d5eaff22e04,42159,tender,construction,open,without,7ddbe00d-1ed7-41a9-8ca9-3e235cbc1e7b,2026-08-07,42159-01,tender,False,[],no,,,Nouveau centre scolaire Evionnaz-Collonges - AO Ingénieur CVCS-MCR,,,,Commune d'Evionnaz,,CH,VS,1902,,,Evionnaz,,
58b02fa8-c556-4468-9470-e48d214a8b69,41951,tender,construction,open,without,89cb0c88-0d04-4462-8acc-6fccc5e52909,2026-08-03,41951-01,tender,False,[],no,Neubau Wiestistrasse Lehnenkonstruktion,,,,alpec engineering ag,,,,CH,VS,3920,Zermatt,,,,
18a0448d-59a3-4fc1-b96a-badda357d535,40461,tender,construction,open,without,640e5d06-4db4-4f82-a318-6a0f64cee286,2026-07-31,40461-01,tender,False,[],no,Kopie Kopie Kopie Kopie Kopie Kopie Kopie Kopie Kopie Bau des EDHEA-Campus und der Walliser Nähschule in Siders - BKP 214.3,,Construction du Campus EDHEA et Ecole de couture du Valais à Sierre - CFC 285.1 ,,Service immobilier et patrimoine / Dienststelle für Immobilien und Bauliches Erbe - Investissements / Investitionen,,"Etat du Valais, Service immobilier et patrimoine - Investissements",,CH,VS,3960,,,Sierre,,
4000f28b-888a-42e6-98f5-5328809ea076,40906,tender,construction,open,without,2041615a-923c-42f1-a87b-4d16fb06243e,2026-07-31,40906-01,tender,False,[],no,Sanierung Motorfahrzeugkontrolle Visp - Bkp 272 Metallbauarbeiten,,,,Service immobilier et patrimoine / Dienststelle für Immobilien u. Bauliches Erbe - Gérance et entretien d'immeuble / Immobilienverwaltung u. Unterhalt,,,,CH,VS,3930,Visp,,,,
ad5dfd1f-6ac0-4e7d-962e-daa47dba0404,40898,tender,construction,open,without,3e529ec3-4ffc-47ba-8737-a4785d3fc0ec,2026-07-24,40898-01,tender,False,[],no,Kollegium Brig - Sanierung Internat / BKP 239.3 Photovoltaikinstallation (Südtrakt),,Collège de Brique - Rénovation de l'internat / CFC 239.3 Installation Photovoltaique  (tract sud),,"Departement für Finanzen und Energie, Dienststelle für Immobilien und Bauliches Erbe",,"Département des finances et de l'énergie, Service immobilier et patrimoine",,CH,VS,3900,Brig-Glis,,,,
0c52888e-3c5e-4cfd-b22a-c9f1c522c73b,40728,tender,construction,open,without,5d56a713-a740-4823-898e-9f1a7b4064bb,2026-07-20,40728-01,tender,False,[],no,ISP Rhone Grengiols - Dringliche Massnahme Instandstellung der Ufersicherung und Sohlenstabilität - Baumandat,,,,Kanton Wallis - DMRU - Dienststelle Naturgefahren (DNAGE),,,,CH,VS,3993,Grengiols,,,,
af467b11-3afb-4ce2-95cc-af7de2ceade6,41216,tender,construction,open,without,9d4c7f66-08ce-41cf-a324-b4342f8360d1,2026-07-18,41216-01,tender,False,[],no,,,H203 Tunnel de Tête-Noire - Lot installations électrique,,,,"Etat du Valais, Département de la Mobilité, du Territoire et de l’Environnement, par le  Service de la mobilité, Arrondissement 3 – Bas-Valais",,CH,VS,1929,,,Trient,,
b625d2f5-0e20-477e-b2dd-0c9fbef8b1cd,41294,tender,construction,open,without,e9cbad93-637e-4716-8493-8e3a410058a4,2026-07-18,41294-01,tender,False,[],no,Langsamverkehrserschliessung - Dorfplatz und Parkhaus - BKP 211 Baumeisterarbeiten,,,,Gemeindeverwaltung Bitsch,,,,CH,VS,3982,Bitsch,,,,
62e7be9d-a3b0-472e-9b06-b88d47ce48ae,40987,tender,construction,open,without,a876145c-b95a-4178-8ff4-5cb6ec39a638,2026-07-17,40987-01,tender,False,[],no,,,H203 Tunnel de Tête Noire / Assainissement et sécurisation,,,,Service de la mobilité / Dienststelle für Mobilität - Arrondissement 3 Bas-Valais / Kreis 3 Unterwallis,,CH,VS,1929,,,Trient,,
61898e50-1583-48e0-aa3c-386f18991323,36722,tender,construction,open,without,9df32668-6f18-4a11-a95a-b822d0cdf23f,2026-07-15,36722-01,tender,False,[],no,"MD001/MD059 Kantonale Fahrradroute Nr. 1, H191015 Kantonsstrasse, Langsamverkehrsbrücke Brig-Naters und deren Anschlussbauwerke, Baumeisterarbeiten Los 1",,"Copie NG13 Täsch-Zermatt, Travaux de construction, galerie Schusslaui, lot 2",,Dienststelle für Mobilität - Kreis 1 Oberwallis,,Service de la mobilité - Arrondissement 1 Haut-Valais,,CH,VS,3902,Brig-Glis & Naters,,,,
0fd688a5-c477-4988-bb11-9e0395e0e6e1,36725,tender,construction,open,without,dcf3e4d7-9923-4bc2-ac75-cbd8ee07f498,2026-07-15,36725-01,tender,False,[],no,"MD001/MD059 Kantonale Fahrradroute Nr. 1, H191015 Kantonsstrasse, Langsamverkehrsbrücke Brig-Naters und deren Anschlussbauwerke, Stahlbauarbeiten Los 2",,"Copie Copie NG13 Täsch-Zermatt, Travaux de construction, galerie Schusslaui, lot 2",,Dienststelle für Mobilität - Kreis 1 Oberwallis,,Service de la mobilité - Arrondissement 1 Haut-Valais,,CH,VS,3902,Brig-Glis & Naters,,,,
2a92c0cf-2118-4082-8bbc-9f297b886202,40102,tender,construction,open,without,6576f1f3-3b6f-46b5-98cf-d6c26aec5482,2026-07-15,40102-01,tender,False,[],no,,,Construction et  transformation des ateliers de l'EPCL sur le site de Crêtelongue à Sierre,,,,Service immobilier et patrimoine / Dienststelle für Immobilien und Bauliches Erbe - Investissements / Investitionen,,CH,VS,3977,,,Granges,,
22967eac-33e2-4e05-af43-02afae844b7f,41026,tender,construction,open,without,b26ccf78-7cc9-41d8-9bf1-2250b859f329,2026-07-15,41026-01,tender,False,[],no,Belagssanierung Rhonepromenade Naters,,,,Gemeinde Naters (Infrastruktur und Umwelt),,,,CH,VS,3904,Naters,,,,
61f46b58-8fe2-4949-b079-6df78ab419ce,41169,tender,construction,open,without,f3e064fd-f560-4e2b-b2ac-f1ce3fc8bb6b,2026-07-15,41169-01,tender,False,[],no,,,YPERIA - OIKEN - Lot 281.6 Carrelage & Faïences,,,,OIKEN SA (Pragma Partenaires SA),,CH,VS,3960,,,Sierre,,
197f52f1-4714-4e01-9c65-c8f9546c15a5,39710,tender,construction,open,without,92dadfaa-db60-469a-bfc4-c5dd85c66ab4,2026-07-13,39710-01,tender,False,[],no,,,Mesures de remise en état liées aux intempéries de juin/juillet 2024 et d’avril 2025 - Digues du Rhône à Chamoson-Riddes - Travaux remise en état rive gauche amont Genetti,,,,Service des dangers naturels / Dienststelle Naturgefahren - Section R&L / Sektion RuG,,CH,VS,1908,,,Riddes,,
1bacc5e7-d1a3-43a7-9813-35bb7595033b,40122,tender,construction,open,without,77e44f4d-37b4-41f6-9dd6-d40fe5e7cb40,2026-07-10,40122-01,tender,False,[],no,,,Construction et  transformation des ateliers de l'EPCL sur le site de Crêtelongue à Sierre,,,,Service immobilier et patrimoine / Dienststelle für Immobilien und Bauliches Erbe - Investissements / Investitionen,,CH,VS,3977,,,Granges,,
f3bb77ba-ed91-48ea-b24d-551acca355e6,40124,tender,construction,open,without,36cfa582-9489-42fb-b6c0-854bdd0d5052,2026-07-10,40124-01,tender,False,[],no,,,Construction et  transformation des ateliers de l'EPCL sur le site de Crêtelongue à Sierre,,,,Service immobilier et patrimoine / Dienststelle für Immobilien und Bauliches Erbe - Investissements / Investitionen,,CH,VS,3977,,,Granges,,
03b517f6-a664-4514-8184-4aca69e7268c,40544,tender,construction,open,without,db2149f6-f0a6-46d9-a163-c082ee411ae1,2026-07-07,40544-01,tender,False,[],no,,,YPERIA - OIKEN - Lot 400.000 Aménagements extérieurs,,,,OIKEN SA (Pragma Partenaires SA),,CH,VS,3960,,,Sierre ,,
91f81a0c-0249-4a8d-badc-2e9cac399f85,38378,tender,construction,open,without,b82e7c65-a0e5-4f48-9bb4-0c79135bdc2c,2026-07-06,38378-01,tender,False,[],no,"3. Rhonekorrektion - Prioritäre Massnahme von Visp, Los 6b Baltschiederbach - Baumeisterarbeiten",,,,Dienststelle Naturgefahren,,,,CH,VS,3937,Baltschieder,,,,
21aed76d-27dd-4b7e-b65d-890159f7ae8f,30408,tender,construction,open,without,e24f30cf-2d11-4d79-a840-6688d9e12ba2,2026-07-03,30408-01,tender,False,[],no,,,3ème correction du Rhône - Mesure anticipée III - Poste de couplage Chamoson - Renforcement de digue,,,,Service des dangers naturels / Dienststelle Naturgefahren - Section R&L / Sektion RuG,,CH,VS,1955,,,Chamoson,,
2280d1fc-ed7b-4b1f-9848-8d36ec27d17c,38121,tender,construction,open,without,3ac038c9-3e95-40fb-b494-74f9a7cf6352,2026-07-03,38121-01,tender,False,[],no,,,Revitalitation de la Salanfe à Miéville,,,,Commune de Vernayaz - Salanfe SA,,CH,VS,1904,,,Vernayaz - Miéville,,
170b0661-0e68-46a3-910e-d8bd99278e47,39931,tender,construction,open,without,7e73ec75-9b02-4fc2-8faf-2f55feb7c5fb,2026-06-30,39931-01,tender,False,[],no,ARA Briglina Realisierung - BKP 272 Metallbauarbeiten,,ARA Briglina Realisierung - BKP 272 Metallbauarbeiten,,Zweckverband ARA Briglina – Ausbau und EMV (SPI),,Zweckverband ARA Briglina – Ausbau und EMV (SPI),,CH,VS,3900,Gamsen,,,,
d419a61b-8200-4415-a8b2-d1b31fb6a038,39526,tender,construction,open,without,53be5671-9147-483b-8f35-9cb56e17f611,2026-06-26,39526-01,tender,False,[],no,,,Campus du Pôle Santé - CFC 336.0 - équipements multimédia AULA,,,,Service immobilier et patrimoine / Dienststelle für Immobilien und Bauliches Erbe - Investissements / Investitionen,,CH,VS,1950,,,Sion,,
3aee8941-4dec-48e9-a743-41905b9c9573,39537,tender,construction,open,without,6447e55a-fa65-48d6-827c-665c72a5bc41,2026-06-26,39537-01,tender,False,[],no,,,Campus du Pôle Santé - CFC 901.0 - mobilier scolaire,,,,Service immobilier et patrimoine / Dienststelle für Immobilien und Bauliches Erbe - Investissements / Investitionen,,CH,VS,1950,,,Sion,,
c8d7e0a7-e0ec-4add-ab53-4457b1559860,39545,tender,construction,open,without,61ac34cc-316e-476b-bb59-4742cb14ff2a,2026-06-26,39545-01,tender,False,[],no,,,Modernisation et extension des infrastructures du centre médico-éducatifs de La Castalie. - CFC 283 Faux-plafonds,,,,Service immobilier et patrimoine (SIP) / section investissement,,CH,VS,1870,,,Monthey,,
17558d77-cf7f-4ba2-8466-77f47f14ae15,39556,tender,construction,open,without,e8e21289-2756-4c14-8d70-6fdef4612cfe,2026-06-26,39556-01,tender,False,[],no,,,Campus du Pôle Santé - CFC 904.0 - mobilier réunion,,,,Service immobilier et patrimoine / Dienststelle für Immobilien und Bauliches Erbe - Investissements / Investitionen,,CH,VS,1950,,,Sion,,
667cd7b2-b415-41d2-a1df-455062eb46c4,39576,tender,construction,open,without,5f3abb1a-610e-4c44-a67f-3c493d7a3588,2026-06-26,39576-01,tender,False,[],no,,,Campus du Pôle Santé - CFC 907.0 - mobilier étagères,,,,Service immobilier et patrimoine / Dienststelle für Immobilien und Bauliches Erbe - Investissements / Investitionen,,CH,VS,1950,,,Sion,,
c82298a1-5ff9-409b-b2f1-7b5cc9f55718,39577,tender,construction,open,without,7e79ae50-67ea-47d8-b483-6c4f6aa7753f,2026-06-26,39577-01,tender,False,[],no,,,Campus du Pôle Santé - CFC 909.0 - mobilier de bureau,,,,Service immobilier et patrimoine / Dienststelle für Immobilien und Bauliches Erbe - Investissements / Investitionen,,CH,VS,1950,,,Sion,,
2189cadc-3b4d-48da-b9e6-aa2e6f939936,39669,tender,construction,open,without,e697b31f-5fd3-49ac-8821-5072c0f1cea8,2026-06-25,39669-01,tender,False,[],no,,,L10192 SB Centre entretien Sierre - CFC 281.6 Carrelage,,,,Dienststelle für Nationalstrassenbau / Service de la construction des routes nationales,,CH,VS,3960,,,"Sierre VS, Suisse",,
170fbae0-f33a-4ece-acf9-2bd3330f27e8,39673,tender,construction,open,without,8f3b9857-ecfe-4c2d-90fb-81d04c46507e,2026-06-25,39673-01,tender,False,[],no,,,L10227 SB Centre entretien Sierre - CFC 283 Faux-plafonds,,,,Dienststelle für Nationalstrassenbau / Service de la construction des routes nationales,,CH,VS,3960,,,"Sierre VS, Suisse",,
9cf98218-16e9-4c28-b2e3-9160467aa45a,39674,tender,construction,open,without,5c3d3c59-6028-4799-b94b-ecc56422876c,2026-06-25,39674-01,tender,False,[],no,,,L10248 SB Centre entretien Sierre - CFC 419 Aménagements extérieurs,,,,Dienststelle für Nationalstrassenbau / Service de la construction des routes nationales,,CH,VS,3960,,,"Sierre VS, Suisse",,
25b337e9-c5bd-4e76-8de4-874764ffdd7f,39675,tender,construction,open,without,01922ce1-2814-46fe-9a5f-c35a950de509,2026-06-25,39675-01,tender,False,[],no,,,L10247 SB Centre entretien Sierre - CFC 231 Ensembles d'appareillages,,,,Dienststelle für Nationalstrassenbau / Service de la construction des routes nationales,,CH,VS,3960,,,"Sierre VS, Suisse",,
bf4e0ce0-5f55-4789-a9aa-8fc81b11da6c,37040,tender,construction,open,without,290ce2ef-e058-415e-afa8-b6083df32802,2026-06-24,37040-01,tender,False,[],no,ARA Briglina Realisierung. BKP 212.11 Betonsanierung und Beschichtungen,,,,Gemeindezweckverband ARA Briglina,,,,CH,VS,3902,Gamsen,,,,
0cd9ce65-c4b0-4231-a2ba-4c9cf986ddd8,38570,tender,construction,open,without,f269f1a2-c9b3-4c57-97ae-8d7508136f70,2026-06-19,38570-01,tender,False,[],no,Kopie Kopie Kopie Kopie Kopie Kopie Kopie Bau des EDHEA-Campus und der Walliser Nähschule in Siders - BKP 214.3,,Construction du Campus EDHEA et Ecole de couture du Valais à Sierre - CFC 273.0 / 273.2,,Service immobilier et patrimoine / Dienststelle für Immobilien und Bauliches Erbe - Investissements / Investitionen,,"Etat du Valais, Service immobilier et patrimoine - Investissements",,CH,VS,3960,,,Sierre,,
64c32d01-6934-4b22-8084-b69a5b48d32e,38770,tender,construction,open,without,fdca29a6-dd63-433d-9d74-ad9c62fc01da,2026-06-19,38770-01,tender,False,[],no,,,Raccordement CAD des casernes de Sion,,,,Service immobilier et patrimoine,,CH,VS,1950,,,Sion,,
4c7917ec-7d67-4966-8211-c65b99b650ea,39224,tender,construction,open,without,5dfad87e-0b03-4462-a6af-c390df365637,2026-06-19,39224-01,tender,False,[],no,,,Génie Civil : Travaux de fouilles et pose de canalisation ,,,,Valgrid SA,,CH,VS,3960,,,Sierre ,,
5e557271-c113-46fe-980b-d6cb084ca933,38083,tender,construction,open,without,e2572a3a-0f05-41d0-be55-f2c956faa7ee,2026-06-12,38083-01,tender,False,[],no,,,Extension et rénovation du Lycée-collège de St-Maurice - CFC 225.4,,,,"Etat du Valais, Service immobilier et patrimoine - Investissements",,CH,VS,1890,,,St-Maurice,,
8a5238bb-0afd-41b4-bd9d-b239ed19dc3e,38084,tender,construction,open,without,266c2382-76ba-4526-91b6-7896bb4e50ce,2026-06-12,38084-01,tender,False,[],no,,,Extension et rénovation du Lycée-collège de St-Maurice - CFC 231.2,,,,"Etat du Valais, Service immobilier et patrimoine - Investissements",,CH,VS,1890,,,St-Maurice,,
efb6a7c0-5ffe-4168-8edb-43aff506cef8,38087,tender,construction,open,without,08caae08-6c1c-4fc1-ab23-6b350376ed43,2026-06-12,38087-01,tender,False,[],no,,,Extension et rénovation du Lycée-collège de St-Maurice - CFC 271,,,,"Etat du Valais, Service immobilier et patrimoine - Investissements",,CH,VS,1890,,,St-Maurice,,
a860f544-fd87-4619-981f-62b400ae0f78,38088,tender,construction,open,without,d9cbf046-83ce-4f15-ab93-c12b30e2f230,2026-06-12,38088-01,tender,False,[],no,,,Extension et rénovation du Lycée-collège de St-Maurice - CFC 272,,,,"Etat du Valais, Service immobilier et patrimoine - Investissements",,CH,VS,1890,,,St-Maurice,,
88d8f04d-86f1-42e5-a974-ac6dcea6e473,38089,tender,construction,open,without,2cb19867-b2b6-4ec9-8c0d-62b46b71778c,2026-06-12,38089-01,tender,False,[],no,,,Extension et rénovation du Lycée-collège de St-Maurice - CFC 273.0,,,,"Etat du Valais, Service immobilier et patrimoine - Investissements",,CH,VS,1890,,,St-Maurice,,
5d30029f-4027-4872-850e-9256d758ece7,38091,tender,construction,open,without,83bc469b-f8f0-4cbf-9349-2c3793500a89,2026-06-12,38091-01,tender,False,[],no,,,Extension et rénovation du Lycée-collège de St-Maurice - CFC 281.0,,,,"Etat du Valais, Service immobilier et patrimoine - Investissements",,CH,VS,1890,,,St-Maurice,,
744100fa-8755-4d26-868c-8bc5c2f0c8f9,38092,tender,construction,open,without,2f120b65-031c-4264-875a-085803507da8,2026-06-12,38092-01,tender,False,[],no,,,Extension et rénovation du Lycée-collège de St-Maurice - CFC 379.1 - Equipements laboratoires,,,,"Etat du Valais, Service immobilier et patrimoine - Investissements",,CH,VS,1890,,,St-Maurice,,
f3f85bd4-f5b4-4946-81f5-69b4c6459879,38113,tender,construction,open,without,c16439a7-50fb-4a89-baca-3a666ff0c5c7,2026-06-12,38113-01,tender,False,[],no,3. Rhonekorrektion - Vorgezogene Massnahme von Niederwald-Münster - Baumeisterarbeiten,,3e correction du Rhône - Mesure anticipée de Niederwald-Münster - travaux de réalisation,,Dienststelle Naturgefahren,,Service des dangers naturels,,CH,VS,3989,Blitzingen,,Blitzingen,,
cdf6e6a2-0a53-4d17-969c-36faee97617c,38392,tender,construction,open,without,70173742-22d7-49f4-b18b-9fb33843e1f2,2026-06-04,38392-01,tender,False,[],no,,,YPERIA - OIKEN - Lot 211.500 Dallage en béton des halles,,,,OIKEN SA (Pragma Partenaires SA),,CH,VS,3960,,,Sierre ,,
c7d664d0-f125-412f-b5b7-2bf6fc455eaa,37855,tender,construction,open,without,0e7446c7-02a6-4912-8031-4b8dbfce9861,2026-05-29,37855-01,tender,False,[],no,"SZO Spital Wallis - SKP 211 Baumeisterarbeiten, Umbau & Erweiterung UG/EG TP1, 4 und 7",,"Hôpital du Valais (SZO) - SKP 211 Travaux de maçonnerie, transformation et agrandissement sous-sol/rez-de-chaussée TP1, 4 et 7",,Hôpital du Valais - Spital Wallis,,Hôpital du Valais - Spital Wallis,,CH,VS,3900,Brig-Glis,,Brig-Glis,,
9037cefc-8190-4af2-8584-eab204c4571e,37866,tender,construction,open,without,e48a00ec-aea8-47d7-9446-5bed7ee09909,2026-05-29,37866-01,tender,False,[],no,"SZO Spital Wallis - SKP 213 Montagebau in Stahl - Vordach Restaurant, Umbau & Erweiterung UG/EG TP1",,"SZO Hôpital du Valais - SKP 213 Construction métallique - Auvent du restaurant, transformation et agrandissement du sous-sol et du rez-de-chaussée",,Hôpital du Valais - Spital Wallis,,Hôpital du Valais - Spital Wallis ,,CH,VS,3900,Brig-Glis,,Brig-Glis,,
e3eb1923-cd6a-45f7-ab98-4cb7b34019a4,37876,tender,construction,open,without,007e25d1-7d54-40ed-ae54-7d65303890e3,2026-05-29,37876-01,tender,False,[],no,"SZO Spital Wallis - SKP 219 Gerüste, Umbau & Erweiterung UG/EG TP1",,"SZO Hôpital du Valais - SKP 219 Échafaudages, transformation et extension sous-sol/rez-de-chaussée TP1",,Hôpital du Valais - Spital Wallis,,Hôpital du Valais - Spital Wallis,,CH,VS,3900,Brig-Glis,,Brig-Glis,,
a80afeea-f2a1-40ca-b1f2-4b136c606880,37666,tender,construction,open,without,5d910e99-3458-4e1e-92b5-26a25dc31732,2026-05-26,37666-01,tender,False,[],no,,,Martigny - Expo : Nouvelle halte - Lot 1 : Terrasement et gros-oeuvre béton armé,,,,Achats - TMR SA,,CH,VS,1920,,,Martigny,,
fabfe663-c44c-4016-9a1a-e1dc7c2a8335,37200,tender,construction,open,without,619e8f54-45c2-4985-95fa-29aace8a260d,2026-05-15,37200-01,tender,False,[],no,,,Réalisation de 3 forages dirigés - Collombey - Vouvry,,,,Bas-Valais Energie SA (Romande Energie),,CH,VS,1868,,,Collombey-Muraz,,
caad8797-1301-4090-a3ce-265867e2bc2e,37151,tender,construction,open,without,523c11c9-a629-45fd-b068-4e8f593183e3,2026-05-13,37151-01,tender,False,[],no,,,CSE_Centre Scolaire de Erde / Conthey,,,,Commune de Conthey,,CH,VS,1976,,,Erde,,
c732ff54-c231-49d0-8f6b-852cedd98c47,37152,tender,construction,open,without,899b04aa-a5a3-4b91-9aa5-956ac83e9f1e,2026-05-13,37152-01,tender,False,[],no,,,CSE_Centre Scolaire de Erde / Conthey,,,,commune de Conthey,,CH,VS,1976,,,Erde,,
e2ecfd59-8651-4c0d-ad9b-551cb767d891,37153,tender,construction,open,without,bf853bcb-62c9-49bd-b946-b695955759d0,2026-05-13,37153-01,tender,False,[],no,,,CSE_Centre Scolaire de Erde / Conthey,,,,commune de Conthey,,CH,VS,1976,,,Erde,,
601fdbf1-c91e-43c9-956f-0e37da44295a,37154,tender,construction,open,without,b62a1a25-d266-4bf7-9a55-81d37d06e47d,2026-05-13,37154-01,tender,False,[],no,,,CSE_Centre Scolaire de Erde / Conthey,,,,commune de Conthey,,CH,VS,1976,,,Erde,,
fe43e228-5af0-4a87-a746-7bb2d126c30a,37157,tender,construction,open,without,b45ecd32-cdeb-43d8-be14-c0a0df381bc2,2026-05-13,37157-01,tender,False,[],no,,,CSE_Centre Scolaire de Erde / Conthey,,,,commune de Conthey ,,CH,VS,1976,,,Erde,,
c9cd80fe-9f6d-40bd-9b7d-aaecadd8c348,37159,tender,construction,open,without,e9edcb18-f398-4746-9fc2-3bca0471ff63,2026-05-13,37159-01,tender,False,[],no,,,CSE_Centre Scolaire de Erde / Conthey,,,,commune de Conthey ,,CH,VS,1976,,,Erde,,
66bdf591-4b2b-47de-8d42-2f51548c25ac,37160,tender,construction,open,without,58d6becd-4db4-4c17-9c7d-c72bac1a14b0,2026-05-13,37160-01,tender,False,[],no,,,CSE_Centre Scolaire de Erde / Conthey,,,,commune de Conthey ,,CH,VS,1976,,,Erde,,
66fa6ec0-14bd-4394-825d-1b0f22aeb27e,37162,tender,construction,open,without,8fee9c98-bba5-4caa-87fb-88cd8de049b7,2026-05-13,37162-01,tender,False,[],no,,,YPERIA - OIKEN - Lot 283.100 Faux plafond en métal,,,,OIKEN SA (Pragma Partenaires SA),,CH,VS,3960,,,Sierre,,
2244bb9d-723a-4e20-82e0-3cd765c1457f,37164,tender,construction,open,without,a434c658-70c4-4d45-99aa-5643012c5ef6,2026-05-13,37164-01,tender,False,[],no,,,CSE_Centre Scolaire de Erde / Conthey,,,,commune de Conthey,,CH,VS,1976,,,Erde,,
5efb3a21-b6da-4457-adb9-a9891d2f8e9e,36135,tender,construction,open,without,08e71b28-8f2d-41e8-b59e-69d1d1ca16d7,2026-05-08,36135-01,tender,False,[],no,,,Campus du Pôle Santé - CFC 240.0 - récupération de chaleur,,,,Service immobilier et patrimoine / Dienststelle für Immobilien und Bauliches Erbe - Investissements / Investitionen,,CH,VS,1950,,,Sion,,
0fdcf282-63da-49b3-adb6-cd16e00d4dcd,36617,tender,construction,open,without,a8928584-3a47-49df-8d12-26bf8fa2cbff,2026-05-08,36617-01,tender,False,[],no,,,Bâtiment des travaux publics de Nendaz,,,,Commune de Nendaz,,CH,VS,1996,,,Basse-Nendaz / Route de Nendaz 555,,
613d449b-b240-43fe-8422-a324b7dde6c2,36642,tender,construction,open,without,e1214030-a06f-42c9-9b7c-bfb0f1b9abca,2026-05-08,36642-01,tender,False,[],no,,,71 Restructuration routière + Construction Giratoire / Maretsons,,,,Service de la mobilité / Dienststelle für Mobilität - Arrondissement 3 Bas-Valais / Kreis 3 Unterwallis,,CH,VS,1926,,,Fully,,
3b818cb9-7d05-4fc0-ba72-04806d673b73,36737,tender,construction,open,without,d282b9a7-34e1-455b-9063-58bc0dba8093,2026-05-07,36737-01,tender,False,[],no,,,"Zone Sportive Sous-Le-Scex, construction d'un terrain de football",,,,Commune de St-Maurice,,CH,VS,1890,,,St-Maurice,,
b39cd5c7-2735-415d-803f-024c64e14e2e,36812,tender,construction,open,without,d62b5208-3c23-4ad3-bf6a-6ccfd5b1deb8,2026-05-07,36812-01,tender,False,[],no,,,YPERIA - OIKEN - Lot 224.200 Vitrages de toits en pente ,,,,OIKEN SA (Pragma Partenaires SA),,CH,VS,3960,,,Sierre ,,
ba416613-7be1-46ae-9937-304f9a92c3a0,36727,tender,construction,open,without,52fcbd48-0dee-4290-a1ec-9d732b893236,2026-05-06,36727-01,tender,False,[],no,,,YPERIA - OIKEN - Lot 273.100 Armoires / Menuiserie courante ,,,,OIKEN SA (Pragma Partenaires SA),,CH,VS,3960,,,Sierre ,,
77eaeec3-d0f3-461f-8bf6-3f72ba461399,36735,tender,construction,open,without,073e401a-b49b-424d-ba31-af976bbef9d0,2026-05-06,36735-01,tender,False,[],no,,,YPERIA - OIKEN - Lot 277.100 Parois vitrées ,,,,OIKEN SA (Pragma Partenaires SA),,CH,VS,3960,,,Sierre ,,
0ba0bdb9-a7d5-4250-b37f-603b48a61f17,36296,tender,construction,open,without,f22c2f0d-2687-403d-935c-82191ede24ed,2026-05-01,36296-01,tender,False,[],no,Erdarbeiten Gemeinde Blatten,,,,Gemeinde Blatten (Emch+Berger AG Bern),,,,CH,VS,3919,Blatten ,,,,
1ed0a79d-9c90-4fa3-9b91-ce41f66ab980,36419,tender,construction,open,without,7378dcaf-c492-4da4-a9fc-f382d6b5fa8a,2026-05-01,36419-01,tender,False,[],no,,,Bât. IV - 1950 Sion - CFC 226,,,,"Ville de Sion, mention Bât. IV ",,CH,VS,1950,,,Sion,,
021ec13a-85d7-49f2-a870-1d0f095ecd3e,36258,tender,construction,open,without,d350826e-9ded-4312-b7a5-1904a5fa8371,2026-04-29,36258-01,tender,False,[],no,,,STEP III Noës : Extension de la STEP et traitement des micropolluants  : Monte-charge industriel,,,,Association pour l'épuration des eaux usées de Sierre et environs (Ville de Sierre - Service de l'environnement),,CH,VS,3960,,,Sierre,,
918ad097-36cf-4db7-8336-7a6df21e5e0b,35807,tender,construction,open,without,2b2aeafa-620d-431b-892f-c8e07060602f,2026-04-24,35807-01,tender,False,[],no,"Gesamtsanierung Holowistrasse, Brig-Glis",,,,Stadtgemeinde Brig-Glis,,,,CH,VS,3900,Brig-Glis,,,,
5d2bcc13-05d9-4b3a-b48f-1983df53722c,36022,tender,construction,open,without,db713e27-e862-4771-a069-3bb1af198ddb,2026-04-24,36022-01,tender,False,[],no,"Gesamtsanierung untere Haselgasse, Brig-Glis",,,,Stadtgemeinde Brig-Glis,,,,CH,VS,3900,Brig-Glis,,,,
1be2f096-793f-4075-b370-e440acffe6f3,35380,tender,construction,open,without,25e322d6-1363-4bd8-b1db-2cc5f6e0bc75,2026-04-23,35380-01,tender,False,[],no,"Radweg Nr. 1, Bitsch-Mörel Los 2A, Abschnitt Unnri Bilderne - Brücke Rhonewerke AG",,,,Dienststelle für Mobilität - Kreis 1 Oberwallis,,,,CH,VS,3983 ,Mörel-Filet,,,,
b4020e37-1e46-4ca6-965b-0b853a5987c6,34919,tender,construction,open,without,ef83aca6-d250-439c-bb7d-b2c8336e27d5,2026-04-08,34919-01,tender,False,[],no,,,Réaménagement de la place des Cèdres - M7.3,,,,Ville de Sion - Travaux Publics et Environnement,,CH,VS,1950,,,Place des Cèdres,,
3d4a3cba-a66a-4221-922a-162bc44c911c,34645,tender,construction,open,without,794096d2-d939-4a32-8e37-c94398d93b6f,2026-04-03,34645-01,tender,False,[],no,Sportzentrum Verbier - CFC 272.21 Geländer + Metallregale,,Centre sportif de Verbier - CFC 272.21 Garde-corps + étagères métalliques,,Quartal Sàrl,,Quartal Sàrl,,CH,VS,1936,Verbier,,Verbier,,
93a25ef3-27f6-4177-8768-eeb8196b67fd,34653,tender,construction,open,without,cc439472-2d9b-4ae1-b935-0621769eb1a6,2026-04-03,34653-01,tender,False,[],no,Sportzentrum Verbier - CFC 272.22 Spender + Desinfektionssets,,Centre sportif de Verbier - CFC 272.22 Dévidoirs + coffrets de désinfection,,Quartal Sàrl,,Quartal Sàrl,,CH,VS,1936,Verbier,,Verbier,,
28b0645a-cf0d-4604-8f73-94b46ae2b7c3,34657,tender,construction,open,without,dd7d1e16-70eb-490e-bf47-d49487fe7131,2026-04-03,34657-01,tender,False,[],no,Sportzentrum Verbier - CFC 281.10 Epoxidbeschichtungen,,Centre sportif de Verbier - CFC 281.10 Revêtements époxy,,Quartal Sàrl,,Quartal Sàrl,,CH,VS,1936,Verbier,,Verbier,,
a4e22b17-f361-468b-bd0c-89fa01032dac,34659,tender,construction,open,without,59337679-b124-435d-a1fd-1bf4be69eb5d,2026-04-03,34659-01,tender,False,[],no,Sportzentrum Verbier - CFC 281.2 Doppelböden,,Centre sportif de Verbier - CFC 281.2 Faux planchers,,Quartal Sàrl,,Quartal Sàrl,,CH,VS,1936,Verbier,,Verbier,,
3a5b0777-000c-4bcc-95bf-85d72ca5cf80,34663,tender,construction,open,without,6669bc5f-4a3c-46fb-9cca-9b90758d61e7,2026-04-03,34663-01,tender,False,[],no,Sportzentrum Verbier - CFC 281.6 Fliesen,,Centre sportif de Verbier - CFC 281.6 Carrelage,,Quartal Sàrl,,Quartal Sàrl,,CH,VS,1936,Verbier,,Verbier,,
bbf4ff1f-1506-4563-9b17-32852fc327cf,34664,tender,construction,open,without,45bfa8b9-27c5-4876-b710-4c4fa34ac2e0,2026-04-03,34664-01,tender,False,[],no,Sportzentrum Verbier - CFC 281.7 Parkett + Sportboden + Teppichboden,,Centre sportif de Verbier - CFC 281.7 Parquet + sol sportif + moquette,,Quartal Sàrl,,Quartal Sàrl,,CH,VS,1936,Verbier,,Verbier,,
eb773820-04d6-4b02-bf5b-a09ffd70c869,34665,tender,construction,open,without,9a38dfc7-558a-4304-8f59-6d7dda2876c6,2026-04-03,34665-01,tender,False,[],no,Sportzentrum Verbier - CFC XXX XXXX,,Centre sportif de Verbier - CFC 282.5 Revêtement de parois en bois,,Quartal Sàrl,,Quartal Sàrl,,CH,VS,1936,Verbier,,Verbier,,
3bf1d77a-0a0d-4655-8966-ad769dd47132,34826,tender,construction,open,without,3cac1871-b5f0-4a5d-8799-204a28c4cdaf,2026-04-03,34826-01,tender,False,[],no,,,Travaux de génie civil - Ovronnaz - Secteur Bains-Chevalley : Réfection de la route et des services,,,,Commune Leytron,,CH,VS,1911,,,Ovronnaz,,
506b2f00-40e9-4b92-bddb-ce5abe6a02ae,34736,tender,construction,open,without,4327e7ab-faa3-42e1-a9bd-a2448b63cbcc,2026-04-02,34736-01,tender,False,[],no,,,Travaux de génie civil pour Aménagement hydroélectrique de la Haute-Vièze.,,,,Romande Energie SA,,CH,VS,1874,,,Champéry,,
87d8450e-2b18-4e3a-ac99-53c29bfd67fb,34690,tender,construction,open,without,4bf3ed14-d67b-418a-84d8-4842cc0cf087,2026-04-01,34690-01,tender,False,[],no,Gewerbezone West Gampel,,,,Gemeinde Gampel-Bratsch,,,,CH,VS,3945,Gampel,,,,
6d11c77d-62a3-44b6-8b39-006e79e830bf,34260,tender,construction,open,without,cd93687b-0ec0-4d83-8c41-352a68f6b506,2026-03-27,34260-01,tender,False,[],no,,,Réfection de la Route du Bon Accueil et construction d'un évacuateur de crues,,,,"Commune d'Hérémence - Service Territoire, Environnement et Gestion de projet",,CH,VS,1987,,,Hérémence,,
827b13f4-40a8-4d37-8810-f1e7201009d1,34290,tender,construction,open,without,6e4297fd-13fb-46fd-8803-fa7b4b3e2a57,2026-03-27,34290-01,tender,False,[],no,,,Construction d'un tunnel à Maillolet - Hérémence - Travaux de terrassement et travaux spéciaux,,,,Administration communale d'Hérémence,,CH,VS,1987,,,Hérémence,,
988ac0ac-d721-4cb7-96ab-e73252c81071,34291,tender,construction,open,without,918b1eb8-c1e6-4fe6-9fa2-696c4e7ae4a3,2026-03-27,34291-01,tender,False,[],no,,,Construction d'un tunnel à Maillolet - Hérémence - Travaux de maçonnerie et béton armé,,,,Administration communale d'Hérémence,,CH,VS,1987,,,Hérémence,,
2e4adbe5-fe52-4a96-a036-29343b505326,33038,tender,construction,open,without,da163363-8b56-49b1-b09d-db674f75b85c,2026-03-26,33038-02,tender,True,[],no,Kopie Kopie Kopie Kopie Kopie Kopie Bau des EDHEA-Campus und der Walliser Nähschule in Siders - BKP 214.3,,Construction du Campus EDHEA et Ecole de couture du Valais à Sierre - CFC 281.1,,Service immobilier et patrimoine / Dienststelle für Immobilien und Bauliches Erbe - Investissements / Investitionen,,"Etat du Valais, Service immobilier et patrimoine - Investissements",,CH,VS,3960,,,Sierre,,
27a83424-e628-4318-bcfb-91df3a519688,34058,tender,construction,open,without,784ef4ae-cf0e-4c67-bc82-0ee12b744c37,2026-03-25,34058-01,tender,False,[],no,,,Réservoir d'eau potable à la Caffe,,,,Administration communale de Martigny-Combe,,CH,VS,1921,,,Martigny-Croix,,
c64cb9a0-6269-4970-b390-dcb5800e0a2b,33682,tender,construction,open,without,04e3a6b0-ce24-44ff-976f-409a3bbe296e,2026-03-17,33682-01,tender,False,[],no,,,YPERIA - OIKEN - Lot 284.300 Faux-Plafond en bois ,,,,OIKEN SA (Pragma Partenaires SA),,CH,VS,3960,,,Sierre,,
3dac6a08-a6e1-4a4a-8f5e-817a628eeec5,33067,tender,construction,open,without,f384d13c-7d39-4e26-9517-db50d22e8757,2026-03-09,33067-01,tender,False,[],no,,,VS7473.02 Assainissement des Chemins alpestres Crans-Montana: LOT 2,,,,Commune de Crans-Montana,,CH,VS,3963,,,Crans-Montana,,
c843a919-61c7-4c97-8d0b-74ba0d022db8,32836,tender,construction,open,without,7744e6bb-8683-4fd9-8d1c-ca5b8fa0ef6b,2026-03-06,32836-01,tender,False,[],no,"Notstrasse Netzbord-Weissenried, Oberbau und Belagsarbeiten",,,,Gemeinde Blatten (Lötschen) (SRP Ingenieur AG),,,,CH,VS,3919,Blatten (Lötschen),,,,
e31ead35-b590-42dd-b3a1-1e019bce14c5,32830,tender,construction,open,without,7232383d-75cd-4f6e-af03-9bd48013407e,2026-03-05,32830-01,tender,False,[],no,Sanierung Kinderdorf Leuk BKP 224 Flachdacharbeiten,,,,VWARCH Architekten ETH BSA SIA,,,,CH,VS,3953,Leuk-Stadt,,,,
3bd4ab86-e72a-4c93-9fb1-fb94bc68ad77,31830,tender,construction,open,without,e3626e31-edc5-40bd-9bbb-6ff39c4a13c3,2026-02-27,31830-01,tender,False,[],no,Kopie Kopie Kopie Kopie Kopie Bau des EDHEA-Campus und der Walliser Nähschule in Siders - BKP 214.3,,Construction du Campus EDHEA et Ecole de couture du Valais à Sierre - CFC 281.0,,Service immobilier et patrimoine / Dienststelle für Immobilien und Bauliches Erbe - Investissements / Investitionen,,"Etat du Valais, Service immobilier et patrimoine - Investissements",,CH,VS,3960,,,Sierre,,
1c4375d5-0c21-4a71-a8cf-e30a65a5cfe6,32055,tender,construction,open,without,9c44a58b-687d-400e-8527-a64ac635964c,2026-02-20,32055-01,tender,False,[],no,,,Parkings de Chetzeron et de Cry d'Er,,,,Bourgeoisie de Chermignon,,CH,VS,3963,,,Crans-Montana,,
d14ae3ab-d86d-4569-b2c0-f7a3dc9b3c9b,31659,tender,construction,open,without,12f2f301-b90f-4cf0-8004-bb60d887f0ae,2026-02-13,31659-01,tender,False,[],no,,,"Commune de Massongex, réfection EU de Daviaz",,,,Commune de Massongex ,,CH,VS,1869,,,Massongex,,
0c252077-bdd0-4a8d-9793-321ae2b24879,31703,tender,construction,open,without,cb418d8e-4fee-47aa-8670-b6ee001985d0,2026-02-12,31703-01,tender,False,[],no,,,OIKEN YPERIA - Appel d'offre LOT 272.020 Portes spéciales / Portes coupe-feu parking,,,,OIKEN SA (Pragma Partenaires SA),,CH,VS,3960,,,Sierre ,,
58a35069-6120-4a38-9a4f-3fe75fe2f49c,31607,tender,construction,open,without,27e15f56-1d68-490d-b970-36ba72335537,2026-02-11,31607-01,tender,False,[],no,,,OIKEN YPERIA - LOT 272.000 Portes intérieures en métal,,,,OIKEN SA (Pragma Partenaires SA),,CH,VS,3960,,,Sierre,,
81df2daf-45cf-4436-ae55-62df52720f05,30986,tender,construction,open,without,5546d47c-13b4-473a-8378-cb22576f2d03,2026-01-31,30986-01,tender,False,[],no,Sanierung Gletscherstrasse Saas-Fee,,,,Gemeinde Saas-Fee,,,,CH,VS,3906,Saas-Fee,,,,
9d79f6f3-ae70-49ca-b865-2a506fc9f5eb,30623,tender,construction,open,without,373df026-16ae-44d9-bdf9-351edf0cd6fe,2026-01-27,30623-01,tender,False,[],no,,,Drance à Martigny – Contrat d’entretien amont barrage filtrant,,,,Commune de Martigny - Services Techniques ,,CH,VS,1921,,,Martigny-Combe,,
38408768-1d7a-4265-8d19-552cfdd0c211,29610,tender,construction,open,without,de9e9e4d-26ad-479c-9609-28890a97964d,2026-01-16,29610-01,tender,False,[],no,,,Construction et transformation des ateliers de l'EPCL sur le site de Crêtelongue à Sierre - CFC 353.3 et CFC 354.3 - Air comprimé,,,,Service Immobilier et Patrimoine - Investissement / Dienststelle für Immobilien und Bauliches Erbe - Investitionen,,CH,VS,3977,,,Granges,,
f9d3221b-277b-49ee-bda4-43af9206ee07,29265,tender,construction,open,without,72078faa-e677-46d5-a0a5-16ee49bcb37a,2026-01-09,29265-01,tender,False,[],no,SEB - Ausschreibung Maler-/Gipserarbeiten - 4.OG,,SEB - Ausschreibung Maler-/Gipserarbeiten - 4.OG,,Spitalzentrum Oberwallis,,Spitalzentrum Oberwallis,,CH,VS,3900,Brig,,,,
855396aa-241d-4022-9f53-2500f02b6f19,29261,tender,construction,open,without,dc997c94-529c-4c08-9aae-2f0856e2d1c2,2025-12-22,29261-01,tender,False,[],no,,,OIKEN YPERIA LOT 273.000 Portes intérieures en bois,,,,OIKEN SA (Pragma Partenaires SA),,CH,VS,3960,,,Sierre,,
86fe471d-4454-421d-a395-3049fae08493,29128,tender,construction,open,without,90232871-96b0-4a10-b789-fe013a1d00b3,2025-12-20,29128-01,tender,False,[],no,"Sportzentrum Verbier - CFC 273.11 Tischlerei Bänke, Schränke, Schwimmbadmöbel, Regale",,"Centre sportif de Verbier - CFC 273.11 Menuiserie bancs, armoires, mobilier piscine, tablettes",,Quartal Sàrl,,Quartal Sàrl,,CH,VS,1936,Verbier,,Verbier,,
902426a2-0004-48fa-93cc-33a2b99a07c7,29130,tender,construction,open,without,5131ce31-bb74-4005-b537-dfe2b5e0f5fd,2025-12-20,29130-01,tender,False,[],no,Sportzentrum Verbier - CFC 339 Steinbrunnen und Startblöcke,,Centre sportif de Verbier - CFC 339 Fontaines en pierre et plots de départ,,Quartal Sàrl,,Quartal Sàrl,,CH,VS,1936,Verbier,,Verbier,,
cd385a77-220e-4aa3-93b3-d71f89be3b40,28952,tender,construction,open,without,4c8387b6-f314-4dac-a333-922792dafe19,2025-12-19,28952-01,tender,False,[],no,,,Campus du Pôle Santé - CFC 857.1 - Forage puits de pompage,,,,Service immobilier et patrimoine / Dienststelle für Immobilien und Bauliches Erbe - Investissements / Investitionen,,CH,VS,1950,,,Sion,,
4b6f7ce3-f1a6-45cc-b8d3-9059cf42ceed,29066,tender,construction,open,without,70889ff7-140a-4d69-8f1d-8d44c9295184,2025-12-18,29066-01,tender,False,[],no,Sportzentrum Verbier - CFC 261.2 Hebebühnen,,Centre sportif de Verbier - CFC 261.2 Plateformes élévatrices,,Quartal Sàrl,,Quartal Sàrl,,CH,VS,1936,Verbier,,Verbier,,
267160b1-61a0-4974-b4e8-3eade3dbf233,29081,tender,construction,open,without,b7699180-d1d5-471f-abd6-da0557716569,2025-12-18,29081-01,tender,False,[],no,Sportzentrum Verbier - CFC 273.0 Türen und Fenster aus Holz,,Centre sportif de Verbier - CFC 273.0 Portes et vitrages en bois,,Quartal Sàrl,,Quartal Sàrl,,CH,VS,1936,Verbier,,Verbier,,
bb6fec54-a7a0-4696-b07b-a92a42005555,29084,tender,construction,open,without,965fca59-a9d2-4c65-b98d-550ff6eae575,2025-12-18,29084-01,tender,False,[],no,Sportzentrum Verbier - CFC 283.4 Holzdecken,,Centre sportif de Verbier - CFC 283.4 Faux plafonds en bois,,Quartal Sàrl,,Quartal Sàrl,,CH,VS,1936,Verbier,,Verbier,,
c4922bca-54a7-4132-bd82-6583fe970e17,28678,tender,construction,open,without,7dada99d-c8cf-457a-bd2c-bccd581c61fd,2025-12-12,28678-01,tender,False,[],no,Ufersanierung Feevispa,,,,Einwohner- und Burgergemeinde Saas-Fee,,,,CH,VS,3906,Saas Fee,,,,
f5e536e8-cb30-495b-bbc3-c24fe542e68a,28736,tender,construction,open,without,5a003baa-ad74-4511-82c6-fddf434ed380,2025-12-12,28736-01,tender,False,[],no,,,"L10172 SB Centre d'entretien Sierre, CFC 272 Serrurerie",,,,Dienststelle für Nationalstrassenbau / Service de la construction des routes nationales,,CH,VS,3960,,,Sierre,,
1f0604e7-1427-4140-a853-9bf80c931a75,27990,tender,construction,open,without,d2a46f9c-f18c-4cc7-b4b7-c9be107e1733,2025-12-02,27990-01,tender,False,[],no,,,STEP de Vétroz-Conthey   Traitement des boues et gaz  CFC 23 Installations électriques,,,,Commune Vétroz,,CH,VS,1963,,,Vétroz,,
322f1b93-d452-4319-a23e-a8bc6249482b,27809,tender,construction,open,without,eab65175-ac83-4061-8524-be04811ce9dc,2025-11-28,27809-01,tender,False,[],no,,,Terminal Combiné de Monthey - Rive droite - Appareillage et DI,,,,Terminal combiné de Monthey SA,,CH,VS,1870,,,Monthey,,
9a3f1857-05a8-45bc-a465-e29419d036e3,26998,tender,construction,open,without,4b7dc96a-5232-4eaf-88c5-5cc64598aa57,2025-11-14,26998-01,tender,False,[],no,,,Assainissement Electrolytor bâtiment 9 site de Gessimo (Monthey),,,,Chancellerie Central d'achats,,CH,VS,1870,,,Rte de Clos-Donroux 1,,
9ddbb63b-cb84-476a-b6e0-b07a42e3af3d,26656,tender,construction,open,without,8b6f270b-1301-4491-ab03-d7aa9069ed41,2025-11-12,26656-01,tender,False,[],no,,,TRANSFORMATION DE L’ANCIEN « HÔTEL DU GLACIER »,,,,Commune de Trient,,CH,VS,1929,,,Trient,,
6fad1f77-5056-4c9c-b353-694f287a68a9,25970,tender,construction,open,without,12a702e3-9736-49d1-b517-b24a4e1878e1,2025-11-07,25970-01,tender,False,[],no,,,Construction et transformation des ateliers de l'EPCL sur le site de Crêtelongue à Sierre - CFC 463,,,,Service Immobilier et Patrimoine - Investissement / Dienststelle für Immobilien und Bauliches Erbe - Investitionen,,CH,VS,3977,,,Granges,,
17869640-8444-4c28-b134-ce45724b844a,26647,tender,construction,open,without,acc2a774-a2ab-473f-9741-4d3393612e4a,2025-11-07,26647-01,tender,False,[],no,,,Lot 224.100 Etanchéité de toitures plates,,,,Foyer Pierre Olivier (Pragma Partenaires SA) ,,CH,VS,1955,,,Chamoson - Suisse,,
2ff47fad-5156-49b7-817d-be2be6e1d06f,26214,tender,construction,open,without,8ee8df48-2039-4fac-a04e-d644f0f2e819,2025-11-03,26214-01,tender,False,[],no,,,Travaux de Génie Civil - Mise souterraine ligne moyenne tension - Collombey - Vouvry,,,,Bas-Valais Energie SA (Romande Energie),,CH,VS,1896,,,Vouvry,,
ec9f8854-56b9-4796-bd6a-a154671897c3,26247,tender,construction,open,without,e347043d-03d3-43d1-9ac6-aca565fe801f,2025-11-03,26247-01,tender,False,[],no,,,"L10190 SB Centre d'entretien Sierre, CFC 273 Menuiserie intérieure",,,,Dienststelle für Nationalstrassenbau / Service de la construction des routes nationales,,CH,VS,3960,,,Sierre,,
20907e3a-8162-4bf9-acc8-4d3ccc754484,26252,tender,construction,open,without,04667f8c-f003-4098-96aa-281e8ff28f79,2025-11-03,26252-01,tender,False,[],no,,,"L10174 SB Centre d'entretien Sierre, CFC 281.1 Sols en résine",,,,Dienststelle für Nationalstrassenbau / Service de la construction des routes nationales,,CH,VS,3960,,,Sierre,,
7b67f95b-b6b8-42c6-8632-3379814d4588,24174,tender,construction,open,without,71df739b-652b-4b05-82fe-2cb269d8c02d,2025-10-29,24174-02,tender,True,[],no,,,Lot 211.000 Travaux de l'entreprise de maçonnerie,,,,Foyer Pierre Olivier (Pragma Partenaires SA),,CH,VS,1955,,,Chamoson,,
75a4e85e-6611-437d-98ef-a34260dc5712,25437,tender,construction,open,without,fe9182b6-6e8d-442f-9690-27a375e34c20,2025-10-22,25437-01,tender,False,[],no,,,Galerie Vissoie-Niouc,,,,Forces motrices de la Gougra (Alpiq),,CH,VS,3961,,,Val d'Anniviers (Niouc - Vissoie),,
e2d202dc-5eea-458e-a981-0e0ab650274a,25088,tender,construction,open,without,0e86d6d1-f6b8-4c27-90b0-e302052f1e05,2025-10-16,25088-01,tender,False,[],no,,,"Aménagement de la place du Zier, revêtement de sol sans joints, parking souterrain",,,,Commune de Lens,,CH,VS,3936,,,Crans-Montana,,
f1200968-1245-426a-b511-9b4c6866848d,25057,tender,construction,open,with,478596ab-d215-43cc-81d1-74abc12d2fd8,2025-10-13,25057-01,tender,False,"[{'publicationId': '478596ab-d215-43cc-81d1-74abc12d2fd8', 'publicationDate': '2025-10-13', 'publicationNumber': '25057-01', 'pubType': 'tender', 'corrected': False, 'lotId': 'a0235069-7a6c-4902-a1da-7a716b7f2a3d', 'lotNumber': 1, 'lotTitle': {'de': None, 'en': None, 'fr': 'MAN007386 : VIZ_RTE_DE_LA_VALLEE_LE_PAS', 'it': None}, 'orderAddressOnlyDescription': 'no', 'orderAddress': {'countryId': 'CH', 'cantonId': 'VS', 'postalCode': '1873', 'city': {'de': None, 'en': None, 'fr': ""Val-d'Illiez"", 'it': None}}}, {'publicationId': '478596ab-d215-43cc-81d1-74abc12d2fd8', 'publicationDate': '2025-10-13', 'publicationNumber': '25057-01', 'pubType': 'tender', 'corrected': False, 'lotId': '11728f46-7b58-413f-a692-7692866ce040', 'lotNumber': 2, 'lotTitle': {'de': None, 'en': None, 'fr': 'MAN007387: TTS_AOMC_CHIESEY_LE_PAS', 'it': None}, 'orderAddressOnlyDescription': 'no', 'orderAddress': {'countryId': 'CH', 'cantonId': 'VS', 'postalCode': '1873', 'city': {'de': None, 'en': None, 'fr': ""Val-d'Illiez"", 'it': None}}}]",,,,Travaux de Fouilles GC_Renforcement Haute Tension de Val d’illiez,,,,Romande Energie SA,,,,,,,,,
68ca0992-068b-4d3c-9658-c0b863344c0d,25066,tender,construction,open,with,47d00c56-8442-4cb7-903d-9049d4ec7b61,2025-10-11,25066-01,tender,False,"[{'publicationId': '47d00c56-8442-4cb7-903d-9049d4ec7b61', 'publicationDate': '2025-10-11', 'publicationNumber': '25066-01', 'pubType': 'tender', 'corrected': False, 'lotId': 'b2439686-1941-43d8-9620-7e7b72503d31', 'lotNumber': 1, 'lotTitle': {'de': 'Sanierung Flurstrassen', 'en': None, 'fr': None, 'it': None}, 'orderAddressOnlyDescription': 'no', 'orderAddress': {'countryId': 'CH', 'cantonId': 'VS', 'postalCode': '3946', 'city': {'de': 'Turtmann', 'en': None, 'fr': None, 'it': None}}}]",,Flurstrassen Turtmann-Unterems,,,,Gemeinde Turtmann-Unterems (Zumofen + Glenz AG),,,,,,,,,,,
508b6393-2904-4e19-ae43-9b1af8410f31,24947,tender,construction,open,without,bbd137eb-e2f2-4a30-98d1-0a80513f0b7c,2025-10-10,24947-01,tender,False,[],no,,,Lot 244.000 Installation de ventilation,,,,Foyer Pierre Olivier (Pragma Partenaires SA),,CH,VS,1955,,,Chamoson ,,
149139ec-6084-4067-ac45-19c028038c81,24948,tender,construction,open,without,d5bd2c06-eab7-4104-88ce-d9c5eff4c948,2025-10-09,24948-01,tender,False,[],no,,,LOT 273.000 – Portes intérieures,,,,Foyer Pierre Olivier (Pragma Partenaires SA),,CH,VS,1955,,,Chamoson,,
1007eeed-73c1-4759-8d80-37b0a3235c95,22599,tender,construction,open,without,70216807-c37c-4dcf-876e-28298fb736cc,2025-10-08,22599-02,tender,True,[],no,,,Tunnel du Grand-Saint-Bernard - Assainissement de la Cheminée 1500,,,,Tunnel du Grand-Saint-Bernard,,CH,VS,1946,,,Bourg-Saint-Pierre,,
ab3f2515-d501-4f13-8197-cfad0a30be2f,23698,tender,construction,open,with,524df0f3-f9b2-4845-8c60-efb91311bede,2025-10-03,23698-01,tender,False,"[{'publicationId': '524df0f3-f9b2-4845-8c60-efb91311bede', 'publicationDate': '2025-10-03', 'publicationNumber': '23698-01', 'pubType': 'tender', 'corrected': False, 'lotId': '74c1e781-c951-47de-9f39-6f36377f6cd6', 'lotNumber': 1, 'lotTitle': {'de': None, 'en': None, 'fr': '2300 - Installations électriques', 'it': None}, 'orderAddressOnlyDescription': 'no', 'orderAddress': {'countryId': 'CH', 'cantonId': 'VS', 'postalCode': '3960', 'city': {'de': None, 'en': None, 'fr': 'Sierre', 'it': None}}}, {'publicationId': '524df0f3-f9b2-4845-8c60-efb91311bede', 'publicationDate': '2025-10-03', 'publicationNumber': '23698-01', 'pubType': 'tender', 'corrected': False, 'lotId': 'c55a0d51-4b12-4b85-a502-1e30fb52c2e8', 'lotNumber': 2, 'lotTitle': {'de': None, 'en': None, 'fr': '2400 - Installations de chauffage', 'it': None}, 'orderAddressOnlyDescription': 'no', 'orderAddress': {'countryId': 'CH', 'cantonId': 'VS', 'postalCode': '3960', 'city': {'de': None, 'en': None, 'fr': 'Sierre', 'it': None}}}, {'publicationId': '524df0f3-f9b2-4845-8c60-efb91311bede', 'publicationDate': '2025-10-03', 'publicationNumber': '23698-01', 'pubType': 'tender', 'corrected': False, 'lotId': 'e6bf5f5f-10f3-4305-aa37-55af09c86418', 'lotNumber': 3, 'lotTitle': {'de': None, 'en': None, 'fr': '2440 - Installations de ventilation', 'it': None}, 'orderAddressOnlyDescription': 'no', 'orderAddress': {'countryId': 'CH', 'cantonId': 'VS', 'postalCode': '3960', 'city': {'de': None, 'en': None, 'fr': 'Sierre', 'it': None}}}, {'publicationId': '524df0f3-f9b2-4845-8c60-efb91311bede', 'publicationDate': '2025-10-03', 'publicationNumber': '23698-01', 'pubType': 'tender', 'corrected': False, 'lotId': 'efdf74a4-2a12-4ab4-aa62-a0d24e332095', 'lotNumber': 4, 'lotTitle': {'de': None, 'en': None, 'fr': '2500 - Installations sanitaires', 'it': None}, 'orderAddressOnlyDescription': 'no', 'orderAddress': {'countryId': 'CH', 'cantonId': 'VS', 'postalCode': '3960', 'city': {'de': None, 'en': None, 'fr': 'Sierre', 'it': None}}}]",,,,Transformation d'un foyer pour personnes avec handicaps physiques à Sierre,,,,Bonnard+Woeffray,,,,,,,,,
c88df8c6-97e0-42f0-ab3a-c3a05f4244f2,24602,tender,construction,open,without,d20b040e-44a8-4f7b-95dd-ad7c48472440,2025-10-03,24602-01,tender,False,[],no,,,LOT 221.100 – Fenêtres et portes extérieures,,,,Foyer Pierre Olivier (Pragma Partenaires SA),,CH,VS,1955,,,Chamoson ,,
9e5701db-f360-4048-8af2-3a9f4aa42c82,22979,tender,construction,open,without,42701dc1-6d90-45dd-94ef-96685fc60b9d,2025-09-26,22979-01,tender,False,[],no,,,"SATOM SA - Bâtiment LAVACID - CFC 271 - Isolation, gypserie et peinture",,,,SATOM SA (aalberti bureau d'architecture SA),,CH,VS,1870,,,Monthey,,
ee3d043f-94d2-405f-80a2-04479a6780f5,23978,tender,construction,open,without,af6a63ff-a155-477e-be9a-2fc5388f2577,2025-09-25,23978-01,tender,False,[],no,,,Construction dʼun Skateplaza,,,," Ville de Sion / Sports, Jeunesse et Loisirs ",,CH,VS,1950,,,Sion,,
1d8fbe59-0185-4052-a902-4a9147085990,23819,tender,construction,open,without,afd989bf-e7bc-48b1-a184-32d18d7e2854,2025-09-23,23819-02,tender,True,[],no,,,Lot 261.000_Ascenseurs,,,,Foyer Pierre Olivier (Pragma Partenaires SA),,CH,VS,1955,,,Chamoson,,
c9b4040a-51b5-4f5a-8110-bd27e896cc16,23829,tender,construction,open,without,ff80cb57-f6cd-4e90-87d5-85f6ce52f6b6,2025-09-20,23829-01,tender,False,[],no,,,Lot 281.000 - Chapes,,,,Foyer Pierre Olivier (Pragma Partenaires SA),,CH,VS,1955,,,Chamoson,,
f8f8e48b-d9c4-46b6-9b7a-83081e12192d,23847,tender,construction,open,without,c7b388f0-2ad3-453a-89c9-96614c4a32f0,2025-09-20,23847-01,tender,False,[],no,,,"Lot 281.200 - Revêtements de sols en matières synthétiques, textiles",,,,Foyer Pierre Olivier (Pragma Partenaires SA),,CH,VS,1955,,,Chamoson,,
87f20e44-deb9-4751-a239-89638c1f7d8a,23857,tender,construction,open,without,7a99c31c-59a8-41e8-9421-5cebbf78dfa3,2025-09-20,23857-01,tender,False,[],no,,,Lot 251.000_Installations sanitaires,,,,Foyer Pierre Olivier (Pragma Partenaires SA),,CH,VS,1955,,,Chamoson,,
0f39a4ec-4429-4697-8412-cecfb3c9c23d,23873,tender,construction,open,without,749118d2-cd93-471a-a407-f2957b7000b3,2025-09-20,23873-01,tender,False,[],no,,,Lot 230.000_Installations électriques,,,,Foyer Pierre Olivier (Pragma Partenaires SA),,CH,VS,1955,,,Chamoson,,
479eb015-8f96-43b6-b6c4-07073e083c3c,23878,tender,construction,open,without,392b54fb-7813-498c-90c6-36a2443a6d07,2025-09-20,23878-01,tender,False,[],no,,,Lot 242.000_Installation de chauffage,,,,Foyer Pierre Olivier (Pragma Partenaires SA),,CH,VS,1955,,,Chamoson,,
14698456-5358-41a4-ae76-6048f6a28a0c,23882,tender,construction,open,without,8531cd35-8344-44ed-8cca-82053b51fe6a,2025-09-20,23882-01,tender,False,[],no,,,Lot 358.000_Cuisine professionnelle,,,,Foyer Pierre Olivier (Pragma Partenaires SA),,CH,VS,1955,,,Chamoson,,
0352cacf-b044-41a0-9e35-228878a462f8,23667,tender,construction,open,without,c0570453-8763-436d-a549-ded39c064377,2025-09-19,23667-01,tender,False,[],no,,,Bâtiment des travaux publics de Nendaz,,,,Commune de Nendaz,,CH,VS,1996,,,Basse-Nendaz / Route de Nendaz 555,,
6a4cead1-ffb8-4a35-ac85-d0c76471b6bc,22978,tender,construction,open,without,9b99d670-deb0-49a6-8bf1-0b61208b7a42,2025-09-18,22978-01,tender,False,[],no,,,"SATOM SA - Bâtiment LAVACID - CFC 221 Fenêtres, portes extérieures",,,,SATOM SA (aalberti bureau d'architecture SA),,CH,VS,1870,,,Monthey,,
4649056c-59a1-4d18-a12c-b5ee030e9214,22884,tender,construction,open,without,13fabeab-3ee1-40b7-bd5b-337497648828,2025-09-05,22884-01,tender,False,[],no,,,Travaux de génie civil pour la correction du torrent de l'Epène,,,,Gaetan dubuis,,CH,VS,1912,,,Montagnon,,
d4547813-9db4-4366-b7fc-fa23d606561e,22617,tender,construction,open,without,5f530db7-15b0-4b80-8198-fe5e8c4e9367,2025-09-02,22617-01,tender,False,[],no,,,Gros oeuvre - Centrale CAD - Génie-civil CAD - Accumulateurs - Monthey,,,,SATOM SA (Petignat & Cordoba Ingénieurs Conseils SA),,CH,VS,1870,,,Monthey,,
4850bcda-2361-402c-bc57-aa79b1c2eab7,22447,tender,construction,open,without,0af3f033-f561-4c2f-bdf3-ab9603030c88,2025-09-01,22447-01,tender,False,[],no,,,LAVACID - CFC 242 - Installations de chauffage et de de refroidissement,,,,Satom SA,,CH,VS,1870,,,Monthey ,,
534d6200-0c0e-448e-bf1b-fd8634aac2d0,22484,tender,construction,open,without,385b6863-59d8-4a13-a4c7-4fcda95f916f,2025-09-01,22484-01,tender,False,[],no,,,LAVACID - CFC 244 - Installations de ventilation,,,,Satom SA,,CH,VS,1870,,,Monthey ,,
8d75d217-060b-489c-8f97-de32a7ee44ec,22490,tender,construction,open,without,d61255cb-9e52-4bab-bf90-d7f5fe656887,2025-09-01,22490-01,tender,False,[],no,,,LAVACID - CFC 248 - Isolation d'installations CVS,,,,Satom SA,,CH,VS,1870,,,Monthey ,,
fb2700a2-b520-4ccb-864f-32a410c9c42c,22448,tender,construction,open,without,0635de1c-2d76-4a1b-972a-9edd65313f50,2025-08-29,22448-01,tender,False,[],no,,,Lot 201.000 Terrassement et canalisations,,,,Foyer Pierre Olivier (Pragma Partenaires SA),,CH,VS,1955,,,Chamoson,,
686ff54a-51c1-419d-9ae5-ac5dead07be4,21852,tender,construction,open,with,070a1ee2-ec6c-44c4-8eb3-e2982a5e4858,2025-08-26,21852-01,tender,False,"[{'publicationId': '070a1ee2-ec6c-44c4-8eb3-e2982a5e4858', 'publicationDate': '2025-08-26', 'publicationNumber': '21852-01', 'pubType': 'tender', 'corrected': False, 'lotId': 'db78bab3-3478-4eb1-8f7f-0735f1e75282', 'lotNumber': 1, 'lotTitle': {'de': None, 'en': None, 'fr': 'LOT 1 : Travaux préparatoires', 'it': None}, 'orderAddressOnlyDescription': 'no', 'orderAddress': {'countryId': 'CH', 'cantonId': 'VS', 'postalCode': '1870', 'city': {'de': None, 'en': None, 'fr': 'Monthey', 'it': None}}}]",,,,Nouvelle entrée Sud du site chimique de Monthey - AO lot travaux préparatoires,,,,Commune de Monthey - Centrale d'achats,,,,,,,,,
5c097a54-398b-4064-9828-c5601bd271bb,22108,tender,construction,open,without,4594d730-8d8c-40fd-86ab-8381f05c223c,2025-08-22,22108-01,tender,False,[],no,,,Construction d'un foyer pour jeunes travailleurs,,,,Association Saint-Raphaël,,CH,VS,1950,,,Sion,,
05138424-9f35-4128-b0c1-15874797801d,21407,tender,construction,open,without,c5c8b665-c475-4678-a3d8-a589d3ac03fa,2025-08-14,21407-01,tender,False,[],no,Friedhof Stalden,,,,Gemeinde Stalden,,,,CH,VS,3922,Stalden,,,,
574acb00-9ada-4009-abff-af5db89caf29,9441,tender,construction,open,without,12d473b1-b049-4739-bd57-863e125b017e,2025-07-30,9441-01,tender,False,[],no,,,"Itinéraire de mobilité de loisir Sion-Bramois, Tronçon passerelle sur la Borgne/passerelle sur l'A9, Création d'un nouveau cheminement de liaison",,,,Ville de Sion - Travaux Publics et Environnement,,CH,VS,1950,,,Sion,,
c08c1910-b35c-43b1-b188-916daf189c73,20522,tender,construction,open,without,c9c82523-1f83-4e3b-88bd-696684d43f61,2025-07-18,20522-01,tender,False,[],no,4057-200 : Travaux de génie civil - Chauffage à distance - Secteur Clos-Donroux,,,,Satom SA,,,,CH,VS,1870,Monthey,,,,
e1674623-d2a3-4be1-9575-95877573e7d0,20526,tender,construction,open,without,db5ac5a2-8570-4cd7-92a2-cf5efed5489d,2025-07-18,20526-01,tender,False,[],no,4057-300 : Travaux de génie civil - Chauffage à distance - Secteur St-Didier,,,,Satom SA,,,,CH,VS,1868,Collombey,,,,
bd2e5070-81d9-4aed-86c7-a2cd8dab83a8,20527,tender,construction,open,without,9c8ed398-c546-47d9-b5d7-a6d2b6dd6500,2025-07-18,20527-01,tender,False,[],no,4057-302 : Travaux de génie civil - Chauffage à distance - Secteur Les Dailles,,,,Satom SA,,,,CH,VS,1870,Monthey,,,,
87a31b97-0999-4601-bc57-4a2545b43dc3,19966,tender,construction,open,without,c8c8a63c-53f8-408d-b305-23a8ae007b09,2025-07-17,19966-01,tender,False,[],no,303478 - Baumeisterarbeiten Sofortmassnahmen Stägjitschuggen,,,303478 - Lavori di costruzione Misure immediate Stägjitschuggen,Beschaffungsstelle Matterhorn Gotthard Bahn,,,Beschaffungsstelle Matterhorn Gotthard Bahn,CH,VS,3926,Embd,,,,
d6f6c812-efeb-4435-b868-e8e2b4d88171,20257,tender,construction,open,without,90bb09ad-fbc5-496e-8ce0-3f4138b6e8fc,2025-07-15,20257-01,tender,False,[],no,,,OIKEN YPERIA - Lot 281.000 Chapes ciments,,,,OIKEN SA (Pragma Partenaires SA),,CH,VS,3960,,,Sierre,,
42379335-eded-46fc-b713-29cf63376b60,19906,tender,construction,open,without,a662da3a-fa10-4be3-9e64-6d0701d15bbf,2025-07-09,19906-01,tender,False,[],no,,,Bâtiment des travaux publics de Nendaz,,,,Commune de Nendaz,,CH,VS,1996,,,Basse-Nendaz / Route de Nendaz 555,,
b72a25f1-dbd0-4ff2-adbb-f5f24d41fc0e,18903,tender,construction,open,with,cd5b9b3a-eb54-44e7-8103-8c327ba158d7,2025-07-04,18903-01,tender,False,"[{'publicationId': 'cd5b9b3a-eb54-44e7-8103-8c327ba158d7', 'publicationDate': '2025-07-04', 'publicationNumber': '18903-01', 'pubType': 'tender', 'corrected': False, 'lotId': '69926436-7627-474b-9a89-837d469ca1c7', 'lotNumber': 1, 'lotTitle': {'de': None, 'en': None, 'fr': 'Exécution', 'it': None}, 'orderAddressOnlyDescription': 'no', 'orderAddress': {'countryId': 'CH', 'cantonId': 'VS', 'postalCode': '1967', 'city': {'de': None, 'en': None, 'fr': 'Bramois', 'it': None}}}]",,,,Centre sportif des Glareys / Bramois - Construction d'un terrain de football synthétique,,,,"Ville de Sion, Hôtel de Ville",,,,,,,,,
c698621d-915b-4117-8581-3aab03d506f3,19287,tender,construction,open,without,8d574f0b-d776-4885-8ba3-3c09aacadd17,2025-06-28,19287-01,tender,False,[],no,,,Institut St-Raphaël / Foyer pour jeunes travailleurs à Sion,,,,Association Saint-Raphaël,,CH,VS,1950,,,Sion,,
d0168a8c-4da2-4433-ae9c-9da033b293be,19280,tender,construction,open,without,ec826296-b3ff-4b54-b9f7-a7438d6d3084,2025-06-27,19280-01,tender,False,[],no,,,OIKEN YPERIA - Lot 224.000 Couverture ,,,,OIKEN SA (Pragma Partenaires SA),,CH,VS,3960,,,Sierre,,
8405f2a0-7f3f-4ab6-b6e5-838b927e42a5,18664,tender,construction,open,without,f6c0fc1a-2b85-415c-91a4-44f389923371,2025-06-17,18664-01,tender,False,[],no,,,CFC 283.4 Plafonds en bois et dérivés du bois ,,,,Gaetan dubuis,,CH,VS,1912,,,Leytron,,
ab44c68c-9fa1-465e-ad42-0aa2305db04b,18313,tender,construction,open,without,f1d0cc1d-ad32-4f76-a553-813dec748fda,2025-06-13,18313-01,tender,False,[],no,Innerortsverkehr St. Niklaus,,,,Einwohnergemeinde St. Niklaus (SPI AG),,,,CH,VS,3924,St. Niklaus,,,,
0bc056ea-bc70-4c24-9234-03d04140c8ef,18367,tender,construction,open,without,1d99c2e1-1dcd-4c7e-bfba-5c5f7c2d3dde,2025-06-13,18367-01,tender,False,[],no,,,Construction d'un complexe multifonctionnel à Fully pour l'entreprise Genedis,,,,Genedis SA,,CH,VS,1926,,,Fully,,
e521f6a1-20f6-4497-ace0-a80c5170baa3,18059,tender,construction,open,without,98462c56-e695-4807-822a-46195ca7e9e7,2025-06-06,18059-01,tender,False,[],no,GERA-Park Raron,,,,Einwohnergemeinde Raron,,,,CH,VS,3942,Raron,,,,
852776bc-1d11-42e2-986a-386bd467cf90,17818,tender,construction,open,without,4f7d4904-3f56-4923-9690-ff3b0d3723f8,2025-06-03,17818-01,tender,False,[],no,,,"Appel d'offres Route du Bois de Finges, réalisation d’un trottoir mixte vélo+piéton - Génie civil",,,,Ville de Sierre - Centrale des achats,,CH,VS,3960,,,Sierre,,
8dffaca1-578f-4b5a-8133-11f7eab79edb,17517,tender,construction,open,without,9bc564d3-6e54-4922-bc0e-e519e627c779,2025-05-29,17517-01,tender,False,[],no,,,"Appel d'offres Ecole de Borzuat ""rénovations + agrandissement"" - Aménagements extérieurs",,,,Ville de Sierre - Centrale des achats,,CH,VS,3960,,,Sierre,,
a89a4593-75dc-4b2c-9cd8-939b0b86012f,17523,tender,construction,open,without,5a4965fc-7048-4899-aa27-3dcda11dfcc0,2025-05-29,17523-01,tender,False,[],no,,,"Appel d'offres Ecole de Borzuat ""rénovations + agrandissement"" - Construction bois (préau couvert)",,,,Ville de Sierre - Centrale des achats,,CH,VS,3960,,,Sierre,,
e9b4933d-cd0f-40b6-a8b8-199cf826f7fe,16638,tender,construction,open,without,3861d215-11dc-46b6-8f4d-4679879a6308,2025-05-23,16638-01,tender,False,[],no,"Schulhaus Bitsch, BKP 271 Maler-/Gipserarbeiten",,,,Gemeinde Bitsch,,,,CH,VS,3982,Bitsch,,,,
a24b04a0-a8ab-488b-a575-cd2d9a9b56ae,17354,tender,construction,open,without,d81a8391-1b9f-44e0-a4b4-236947b1c467,2025-05-23,17354-01,tender,False,[],no,,,"L10166, SB Centre entretien Sierre, CFC 215 Façades en bois",,,,Dienststelle für Nationalstrassenbau / Service de la construction des routes nationales,,CH,VS,3960,,,Sierre,,
791ec2cb-2f43-4406-999f-023471c327e1,17371,tender,construction,open,without,d425fedd-d7b8-41ff-af99-624216576bb7,2025-05-23,17371-01,tender,False,[],no,,,"L10167, SB Centre entretien Sierre, CFC 221.1 Fenêtres bois-métal",,,,Dienststelle für Nationalstrassenbau / Service de la construction des routes nationales,,CH,VS,3960,,,Sierre,,
490bf252-f20f-44b7-a221-2e798a5cbf59,17372,tender,construction,open,without,00fd455b-65ae-4041-a8c7-3dda76c802a0,2025-05-23,17372-01,tender,False,[],no,,,"L10168, SB Centre entretien Sierre, CFC 221.3 Portes et fenêtres en métal",,,,Dienststelle für Nationalstrassenbau / Service de la construction des routes nationales,,CH,VS,3960,,,Sierre,,
d50cb374-6961-4202-9393-2bbeb70fbd85,17379,tender,construction,open,without,36f44a61-cfa7-48d1-adf0-f4c6a9c89ea9,2025-05-23,17379-01,tender,False,[],no,,,"L10170, SB Centre entretien Sierre, CFC 228 Stores",,,,Dienststelle für Nationalstrassenbau / Service de la construction des routes nationales,,CH,VS,3960,,,Sierre,,
607ff6c4-24e7-41d9-a201-ed15878dddb7,17381,tender,construction,open,without,56adee78-ba90-4b46-a718-be437f436b6a,2025-05-23,17381-01,tender,False,[],no,,,"L10171, SB Centre entretien Sierre, CFC 237 Installation de panneaux photovoltaïques ",,,,Dienststelle für Nationalstrassenbau / Service de la construction des routes nationales,,CH,VS,3960,,,Sierre,,
c721004d-c396-47f0-9073-a6c20956c5f8,17382,tender,construction,open,without,88f81857-886f-4e5c-ad70-9a5f5c4ace7d,2025-05-23,17382-01,tender,False,[],no,,,"L10173, SB Centre entretien Sierre, CFC 281.0 Chapes",,,,Dienststelle für Nationalstrassenbau / Service de la construction des routes nationales,,CH,VS,3960,,,Sierre,,
0ac011ea-16e9-4016-b8b7-4e28f724bdcb,16943,tender,construction,open,without,999ae93d-3c5f-4efb-a436-b075f1b24e7b,2025-05-17,16943-01,tender,False,[],no,,,IBM - Construction de deux immeubles de logements à Montana-Village ,,,,Bourgeoisie de Montana,,CH,VS,3963,,,Montana,,
c4adcfa4-d6f1-43ad-a097-c4b93be373b0,16947,tender,construction,open,without,b46fc0ee-b2ad-4c7c-97e5-9d75dd8318ba,2025-05-17,16947-01,tender,False,[],no,,,IBM - Construction de deux immeubles de logements à Montana-Village ,,,,Bourgeoisie de Montana,,CH,VS,3963,,,Montana,,
68ff39e3-c4f9-49fa-835e-a8e29218f9c4,16223,tender,construction,open,without,6ae66207-178b-4109-99fa-c98b9b3a224e,2025-05-10,16223-01,tender,False,[],no,"Instandsetzung Parkhaus La Poste, Visp",,,,Gemeinde Visp (TIB AG),,,,CH,VS,3930,Visp,,,,
bc4a52ee-2a33-40fb-912f-d4863b9285bf,15744,tender,construction,open,without,ea9dc4dd-e6e3-47d9-88ce-e930f83ba290,2025-05-02,15744-01,tender,False,[],no,Aussengestaltung Gletsch / BKP 411 Baumeisterarbeiten,,,,Service immobilier et patrimoine / Dienststelle für Immobilien u. Bauliches Erbe - Gérance et entretien d'immeuble / Immobilienverwaltung u. Unterhalt,,,,CH,VS,3999,Obergoms,,,,
6fa76f26-039b-46eb-8255-f4889be79090,15497,tender,construction,open,without,5e84d887-1109-4df2-a6e1-9e444d26f0e7,2025-04-25,15497-01,tender,False,[],no,,,Projet de défense contre les chutes de blocs « Dona Gremé » Fourniture des textomurs. ,,,,Commune de Trient (DNE 2020),,CH,VS,1929,,,Trient,,
8d42c5f6-c78e-4de1-8062-3f811faed39c,15728,tender,construction,open,without,8d8df74e-1f3b-414b-9950-afa4fff2955e,2025-04-25,15728-01,tender,False,[],no,,,"Travaux de génie civil – Ovronnaz - Secteur Coop : Réfection de la route des Muverans et des services (mise en séparatif des eaux claires et eaux usées, réseau d'eau potable, éclairage, électrique et swisscom)",,,,Gaetan dubuis,,CH,VS,1912,,,Leytron,,
243bf734-df39-47ae-ac17-5b60ab0c76c2,15603,tender,construction,open,without,03813bb0-c2ff-46cc-a863-5ea17dcd9f8b,2025-04-24,15603-01,tender,False,[],no,,,Réfection de la route Romaine à Leytron,,,,Gaetan dubuis,,CH,VS,1912,,,Leytron,,
b98d95df-d6b0-44b2-afa5-1db759a4e68f,15652,tender,construction,open,with,edfa8ea7-947f-4fa6-997e-c3023ef6d054,2025-04-24,15652-01,tender,False,"[{'publicationId': 'edfa8ea7-947f-4fa6-997e-c3023ef6d054', 'publicationDate': '2025-04-24', 'publicationNumber': '15652-01', 'pubType': 'tender', 'corrected': False, 'lotId': '013496d0-18e5-4bcf-9746-38a55dc4c6e0', 'lotNumber': 1, 'lotTitle': {'de': 'Baumeisterarbeiten', 'en': None, 'fr': None, 'it': None}, 'orderAddressOnlyDescription': 'no', 'orderAddress': {'countryId': 'CH', 'cantonId': 'VS', 'postalCode': '3908', 'city': {'de': 'Saas-Balen', 'en': None, 'fr': None, 'it': None}}}, {'publicationId': 'edfa8ea7-947f-4fa6-997e-c3023ef6d054', 'publicationDate': '2025-04-24', 'publicationNumber': '15652-01', 'pubType': 'tender', 'corrected': False, 'lotId': '5dc2fe87-f573-4194-ba22-0e3e251b55f9', 'lotNumber': 2, 'lotTitle': {'de': 'Installateurarbeiten', 'en': None, 'fr': None, 'it': None}, 'orderAddressOnlyDescription': 'no', 'orderAddress': {'countryId': 'CH', 'cantonId': 'VS', 'postalCode': '3908', 'city': {'de': 'Saas-Balen', 'en': None, 'fr': None, 'it': None}}}]",,"Trinkwasserkraftwerk TWKW ""Gmeibrunnu""",,,,Gemeinde Saas-Balen,,,,,,,,,,,
370331af-cdb7-4b32-b625-b48fb0897a90,14517,tender,construction,open,without,71c14e52-91c5-4ae5-a003-089df43f1872,2025-04-22,14517-01,tender,False,[],no,,,Parkings de Chetzeron et de Cry d'Er,,,,Bourgeoisie de Chermignon,,CH,VS,3963,,,Crans-Montana,,
4d47d899-1415-4145-8ba0-a6ad321ab9ae,15235,tender,construction,open,without,7583105a-1f59-4327-983a-2f719850845a,2025-04-16,15235-01,tender,False,[],no,,,OIKEN INSULA - Lot 272.100 - Eléments métalliques,,,,OIKEN SA (Pragma Partenaires SA),,CH,VS,1950,,,Sion,,
b7b5a641-1d5b-4ca6-ac7e-b609d86085d8,15143,tender,construction,open,without,5ea46779-df5a-4845-9c03-dddb69168418,2025-04-15,15143-01,tender,False,[],no,,,Appel d'offres route de la Ferme - Génie civil,,,,Ville de Sierre - Centrale des achats,,CH,VS,3960,,,Sierre,,
4835903a-4dc2-44ed-810d-3b14b0ca5e73,10599,tender,construction,open,with,febf7a60-7930-4164-932a-1715ada0e96d,2025-04-11,10599-01,tender,False,"[{'publicationId': 'febf7a60-7930-4164-932a-1715ada0e96d', 'publicationDate': '2025-04-11', 'publicationNumber': '10599-01', 'pubType': 'tender', 'corrected': False, 'lotId': '2bfb96bb-78d9-4bc5-83c3-e9b9c516688e', 'lotNumber': 1, 'lotTitle': {'de': None, 'en': None, 'fr': 'Exécution', 'it': None}, 'orderAddressOnlyDescription': 'no', 'orderAddress': {'countryId': 'CH', 'cantonId': 'VS', 'postalCode': '1950', 'city': {'de': None, 'en': None, 'fr': 'Sion', 'it': None}}}]",,,,Bât. IV - 1950 Sion - CFC 226,,,,"Ville de Sion, Hôtel de Ville",,,,,,,,,
3f2f22a6-8451-461c-b644-056152325432,10601,tender,construction,open,with,7cbd74ee-d663-49f5-8bb7-3d159ae63266,2025-04-11,10601-01,tender,False,"[{'publicationId': '7cbd74ee-d663-49f5-8bb7-3d159ae63266', 'publicationDate': '2025-04-11', 'publicationNumber': '10601-01', 'pubType': 'tender', 'corrected': False, 'lotId': 'f41eae5c-84dd-4e4b-b062-a6ee498c65bc', 'lotNumber': 1, 'lotTitle': {'de': None, 'en': None, 'fr': 'Exécution', 'it': None}, 'orderAddressOnlyDescription': 'no', 'orderAddress': {'countryId': 'CH', 'cantonId': 'VS', 'postalCode': '1950', 'city': {'de': None, 'en': None, 'fr': 'Sion', 'it': None}}}]",,,,Bât. IV - 1950 Sion - CFC 273,,,,"Ville de Sion, Hôtel de Ville",,,,,,,,,
42afb3a6-9cf0-46c8-9685-b74d1b924859,14996,tender,construction,open,without,f5f95ea4-695d-404c-b146-01a68760a79e,2025-04-11,14996-01,tender,False,[],no,,,REFECTION TORRENT DU COUDRAT : TRAVAUX DE GENIE CIVIL,,,,Gaetan dubuis,,CH,VS,1911,,,Ovronnaz,,
55c3b7d2-372e-43eb-bcf8-77dcbeeb4529,13839,tender,construction,open,without,eba0932c-10f5-4f64-8e1c-1f2ff8bd1561,2025-04-09,13839-02,tender,True,[],no,"Schulhaus Bitsch, BKP 221.1 Fenster aus Holz",,,,Gemeinde Bitsch,,,,CH,VS,3982,Bitsch,,,,
0e3870a7-6a4e-4055-b556-c225a4e66966,14537,tender,construction,open,without,28314604-f4b2-43e4-a21c-b30b64446007,2025-04-07,14537-01,tender,False,[],no,,,Bâtiment des travaux publics de Nendaz,,,,Commune de Nendaz,,CH,VS,1996,,,Basse-Nendaz / Route de Nendaz 555,,
44ab1305-cc01-4e56-979c-8e69b50635a0,14631,tender,construction,open,without,6f20737e-d47c-40b0-9f1b-e6c48e38d9a2,2025-04-07,14631-01,tender,False,[],no,,,Bâtiment des travaux publics de Nendaz,,,,Commune de Nendaz,,CH,VS,1996,,,Basse-Nendaz / Route de Nendaz 555,,
9be84fc7-80b2-4eb1-9162-fe328bd89050,14675,tender,construction,open,without,178b1d64-e8fc-4cb0-adf7-e41fa577b7dc,2025-04-07,14675-01,tender,False,[],no,,,Fondation Foyers-Ateliers St-Hubert - site de Monthey ,,,,Fondation Foyers-Ateliers St-Hubert (Eponym Sàrl),,CH,VS,1870,,,Monthey,,
1c23102c-a839-41e7-bda4-4c92b67626d0,14421,tender,construction,open,without,3c3e2056-1840-4f74-9182-ab5c598bbacb,2025-04-03,14421-01,tender,False,[],no,,,Fondation Foyers-Ateliers St-Hubert - site de Monthey ,,,,Fondation Foyers-Ateliers St-Hubert (Eponym Sàrl),,CH,VS,1870,,,Monthey,,
709b783d-976b-405f-8945-f3fe2a3f3c3b,13140,tender,construction,open,without,25825f72-a73d-4d44-b57e-9174e64b5a7f,2025-03-14,13140-01,tender,False,[],no,,,CFC 273.0;273.1;273.3;258 Menuiserie intérieure - Paradoxe - Leytron ,,,,Gaetan dubuis,,CH,VS,1912,,,Leytron,,
7f36b50e-323e-4798-83c9-57555751efe7,12329,tender,construction,open,without,459ef7be-7505-4bbe-9e10-f73044c633cc,2025-03-13,12329-01,tender,False,[],no,,,"Transformation bâtiment ""Pont du Rhône"".",,,,SATOM SA (RETEL),,CH,VS,1870,,,Monthey,,
014596bd-dc5b-4e86-bb8a-d81f5e1e6fe8,12977,tender,construction,open,without,a9f6c5d8-31bf-4a1c-9608-d64cb5976249,2025-03-13,12977-01,tender,False,[],no,,,SATOM PONT-DU-RHONE /// AO CHAUFFAGE FROID,,,,a|alberti bureau d'architecture SA,,CH,VS,1870,,,Monthey - ZI Boeuferrant 16,,
3c54850b-c5a7-4cb1-8b4b-721d77aff6e1,12944,tender,construction,open,without,b9b489a9-02ea-4a17-8f06-5289fd0e44c6,2025-03-12,12944-01,tender,False,[],no,Erneuerung Kirchstrasse - Kellereigasse - Kruzstrasse,,,,Gemeinde Gampel-Bratsch,,,,CH,VS,3945,Gampel,,,,
f040e9b8-52c3-4799-b0bc-1d7394e7c465,12511,tender,construction,open,without,10b388d3-885e-46c2-acb1-e1b8246db325,2025-03-10,12511-02,tender,True,[],no,,,Appel d'offres avenue Max Huber et rue Notre-Dame-des Marais - Adaptation des voies publiques,,,,Ville de Sierre - Centrale des achats,,CH,VS,3960,,,Sierre,,
670774e8-a7d1-48cc-9a42-44664d35cac3,12798,tender,construction,open,without,fc8f0b8b-30de-4962-b36a-118e274574e4,2025-03-10,12798-01,tender,False,[],no,,,Bâtiment des travaux publics de Nendaz ,,,,Commune de Nendaz,,CH,VS,1996,,,Basse-Nendaz,,
64e14716-d79e-476a-89dd-098c2dcf9e6c,7662,tender,construction,open,without,39467118-8955-438f-ad36-a6cb8db042e3,2025-03-10,7662-01,tender,False,[],no,,,Bâtiment des travaux publics de Nendaz,,,,Commune de Nendaz,,CH,VS,1996,,,Basse-Nendaz,,
f23ab267-5963-4f93-a2f1-03464762f0c9,12595,tender,construction,open,without,4f9f9791-2732-4f7d-882f-6593ad861cce,2025-03-07,12595-01,tender,False,[],no,"Neubau Ver- und Entsorgung Gebäude, Gletsch / BKP 211 Baumeisterarbeiten",,,,Service immobilier et patrimoine / Dienststelle für Immobilien u. Bauliches Erbe - Gérance et entretien d'immeuble / Immobilienverwaltung u. Unterhalt,,,,CH,VS,3999,Obergoms,,,,
29e84944-107a-4b75-9646-e1584035495a,12177,tender,construction,open,without,05023ace-85d8-4b95-b4ec-26b31aace051,2025-02-28,12177-01,tender,False,[],no,,,"Réfection de la Route de Lousse aval et réfection et compléments des services (eau potable, eaux usées et eaux claires) - Travaux de génie-civil",,,,Administration communale d'Hérémence,,CH,VS,1987,,,Hérémence,,
a9d11d19-aa77-4b94-8e4a-6a2d485d0eea,11357,tender,construction,open,without,e808139f-b711-4b6f-8245-c5c4fbf41f77,2025-02-21,11357-01,tender,False,[],no,"Sanierung Hôtel Glacier du Rhône, Gletsch / BKP 273.3 Allgemeine Schreinerarbeiten",,,,Service immobilier et patrimoine / Dienststelle für Immobilien u. Bauliches Erbe - Gérance et entretien d'immeuble / Immobilienverwaltung u. Unterhalt,,,,CH,VS,3999,Obergoms,,,,
2f241f66-8d0f-42b4-8400-7ee0162155f6,11614,tender,construction,open,without,53b9b3ff-d238-43d4-8984-fa17115f52f7,2025-02-21,11614-01,tender,False,[],no,SZO Spital Wallis - SKP 358 Küchenprovisorium SEB,,SZO Hôpital du Valais - SKP 358 Cuisine provisoire SEB,,Hôpital du Valais - Spital Wallis,,Hôpital du Valais - Spital Wallis ,,CH,VS,3900,Brig-Glis,,Brig-Glis,,
46311ffc-20cf-4ba7-b972-2a136276bde4,11720,tender,construction,open,without,44463bc0-1099-4f96-9dc1-1a7c7279df89,2025-02-21,11720-01,tender,False,[],no,,,Agrandissement de l'Ecole primaire de Saxon (de type Portakabin),,,,Administration Communale,,CH,VS,1907,,,Saxon,,
b9e13596-8797-43f5-a829-3f5bf6dcebb1,11736,tender,construction,open,without,ada60de2-f9c5-4432-99e2-46328e291ac8,2025-02-21,11736-01,tender,False,[],no,,,Satom SA - Bâtiment LAVACID,,,,Satom SA (Sollertia SA),,CH,VS,1870,,,Monthey,,
0da12484-03e3-4d98-a6b7-9b3410634963,11257,tender,construction,open,without,f59c9ab9-4b95-42ca-9a26-7d774fea7d19,2025-02-20,11257-01,tender,False,[],no,Güterumschlaghalle P1 Saas-Fee - Instandsetzung 2025,,,,Gemeinde Saas-Fee ,,,,CH,VS,3906,Saas-Fee,,,,
a6f81041-67bf-4848-a70a-f6ed04f3bf06,10590,tender,construction,open,with,116e5e07-a6a7-4ecc-aa6e-ecbbb044fd94,2025-02-14,10590-01,tender,False,"[{'publicationId': '116e5e07-a6a7-4ecc-aa6e-ecbbb044fd94', 'publicationDate': '2025-02-14', 'publicationNumber': '10590-01', 'pubType': 'tender', 'corrected': False, 'lotId': '1df39e7f-c35c-4a69-ba41-114854147e36', 'lotNumber': 1, 'lotTitle': {'de': None, 'en': None, 'fr': 'Exécution', 'it': None}, 'orderAddressOnlyDescription': 'no', 'orderAddress': {'countryId': 'CH', 'cantonId': 'VS', 'postalCode': '1950', 'city': {'de': None, 'en': None, 'fr': 'Sion', 'it': None}}}]",,,,Bât. IV - 1950 Sion - CFC 211,,,,"Ville de Sion, Hôtel de Ville",,,,,,,,,
f102b753-b813-40b4-a433-aa776c813b3d,10598,tender,construction,open,with,d451f847-4418-4a2d-b981-1dd9d20a77be,2025-02-14,10598-01,tender,False,"[{'publicationId': 'd451f847-4418-4a2d-b981-1dd9d20a77be', 'publicationDate': '2025-02-14', 'publicationNumber': '10598-01', 'pubType': 'tender', 'corrected': False, 'lotId': 'd9b79a35-0f92-4ba2-a977-b79201a59c76', 'lotNumber': 1, 'lotTitle': {'de': None, 'en': None, 'fr': 'Exécution', 'it': None}, 'orderAddressOnlyDescription': 'no', 'orderAddress': {'countryId': 'CH', 'cantonId': 'VS', 'postalCode': '1950', 'city': {'de': None, 'en': None, 'fr': 'Sion', 'it': None}}}]",,,,Bât. IV - 1950 Sion - CFC 221,,,,"Ville de Sion, Hôtel de Ville",,,,,,,,,
3420a60c-6250-4662-9c80-3e170d147f3a,10008,tender,construction,open,without,e1258f21-c52c-4c8a-b566-b0502362b34f,2025-01-31,10008-01,tender,False,[],no,Ufersanierung Feevispa,,,,Einwohner- und Burgergemeinde Saas-Fee,,,,CH,VS,3906,Saas Fee,,,,
997b6da9-4d73-46a4-b369-ddef66ae4b42,10164,tender,construction,open,without,bc7b3aa9-6f4c-4e88-b907-04b44e912bd3,2025-01-31,10164-01,tender,False,[],no,,,Projet Paradoxe - Faux.plafonds,,,,Gaetan dubuis,,CH,VS,1912,,,Leytron,,
30edc087-cf43-4402-bc5a-5a36d90bf559,9735,tender,construction,open,without,eabc6711-8091-4458-8f99-ebb331478b80,2025-01-25,9735-01,tender,False,[],no,,,OIKEN INSULA - Lot 214.200 - Ossature bois,,,,OIKEN SA (Pragma Partenaires SA),,CH,VS,1950,,,Sion,,
0bf242b0-3806-4ff2-b2ad-b3c1882404ee,9392,tender,construction,open,with,c27c49ee-d673-42a5-9fe1-e5df1440e48b,2025-01-17,9392-01,tender,False,"[{'publicationId': 'c27c49ee-d673-42a5-9fe1-e5df1440e48b', 'publicationDate': '2025-01-17', 'publicationNumber': '9392-01', 'pubType': 'tender', 'corrected': False, 'lotId': '8594c0e3-f5be-4bb8-9f5b-4cdbe0f4d223', 'lotNumber': 1, 'lotTitle': {'de': None, 'en': None, 'fr': '2150 Façade métallique', 'it': None}, 'orderAddressOnlyDescription': 'no', 'orderAddress': {'countryId': 'CH', 'cantonId': 'VS', 'postalCode': '3963', 'city': {'de': None, 'en': None, 'fr': 'Crans-Montana', 'it': None}}}, {'publicationId': 'c27c49ee-d673-42a5-9fe1-e5df1440e48b', 'publicationDate': '2025-01-17', 'publicationNumber': '9392-01', 'pubType': 'tender', 'corrected': False, 'lotId': 'b2189bd9-7c66-4afc-8e46-9729d97404fe', 'lotNumber': 2, 'lotTitle': {'de': None, 'en': None, 'fr': '2720 Garde-corps grillagé', 'it': None}, 'orderAddressOnlyDescription': 'no', 'orderAddress': {'countryId': 'CH', 'cantonId': 'VS', 'postalCode': '3963', 'city': {'de': None, 'en': None, 'fr': 'Crans-Montana', 'it': None}}}]",,,,"Parking du Grand-Signal, Crans-Montana",,,,Bonnard+Woeffray,,,,,,,,,
1b95120e-b3db-4ab1-9736-a0f5ef9c54a2,9098,tender,construction,open,without,382a0d51-164a-4c9e-bf5d-f3f2b3376b4a,2025-01-11,9098-01,tender,False,[],no,,,"""CSI Haut Entremont"" Agrandissement de la caserne pompier d'Orsières ",,,,Commune d'Orsières,,CH,VS,1937,,,Orsières,,
40e24846-3f14-4df0-b68d-1f829de9a5c8,9112,tender,construction,open,without,b94c0ce5-a85b-4e1c-820c-441a45d34526,2025-01-11,9112-01,tender,False,[],no,"Infrastruktursanierung Perimeter Z3, Ende Dorfplatz Holzji -  Nesselweg, Glis",,,,alpec engineering ag,,,,CH,VS,3902,Glis,,,,
70ffea2a-8d17-408c-9d6c-bf4724fbc9e7,8774,tender,construction,open,without,a7320120-46e2-4a28-8ab0-fcea7543ea7b,2025-01-10,8774-01,tender,False,[],no,Ausbau Anergiezentrale Visp-West,,,,enalpin AG,,,,CH,VS,3930,Visp,,,,
2b47c0d4-f5eb-4231-a627-a6522db61c5a,8620,tender,construction,open,without,2820745b-0247-432a-a0da-0e9b7746e6cf,2025-01-08,8620-01,tender,False,[],no,TRANSFORMATION ET AGRANDISSEMENT DE LA SALLE POLYVALENTE DE CHALAIS - CFC 240 SONDES GEOTHERMIQUES,,,,Administration communale de Chalais,,,,CH,VS,3966,Chalais,,,,
fc02ab4e-2e13-418c-9318-b42314474df7,8431,tender,construction,open,without,bc12f62f-4945-42a1-9c80-9fc0750f46a9,2025-01-07,8431-01,tender,False,[],no,,,SATOM_CAD_Nord_Lot_6_Franchissement_Rhône,,,,SATOM SA,,CH,VS,1868,,,Illarsaz,,
b9134926-5142-40ec-a804-4fd108b4b285,7539,tender,construction,open,without,1798129a-28de-435e-87d5-95c659354e38,2025-01-02,7539-01,tender,False,[],no,,,IBM Construction de deux immeubles de logements à Montana-Village - CFC 214 Construction en bois,,,,Bourgeoisie de Montana,,CH,VS,3963,,,Montana,,
ba3aa0d2-47f1-4d5b-a19d-510cd56d9da9,7622,tender,construction,open,without,5d8b5bdb-1d33-4094-b0a3-a7453c6ae5c6,2024-12-23,7622-01,tender,False,[],no,,,Réaménagement de l’Espace Brunet à Verbier,,,,Commune de Val de Bagnes,,CH,VS,1936,,,Verbier,,
82e7807e-9f6d-4bff-8815-e70b5e22fa13,8495,tender,construction,open,without,69da6b51-94f3-460b-b8f9-02a0e1114f9a,2024-12-20,8495-01,tender,False,[],no,,,Construction d'un dépôt pour les travaux publics de la Commune d'Hérémence - Travaux spéciaux,,,,Administration communale d'Hérémence,,CH,VS,1987,,,Hérémence,,
311d14e3-5bd7-4f8a-8522-60af5bda6e96,8505,tender,construction,open,without,fc49c518-c0f1-40f0-8844-d19d6e393904,2024-12-20,8505-01,tender,False,[],no,,,Construction d'un dépôt pour les travaux publics de la Commune d'Hérémence - Terrassement et maçonnerie,,,,Administration communale d'Hérémence,,CH,VS,1987,,,Hérémence,,
0a63f1a1-e13f-45ad-9bc7-c218792b32ee,8508,tender,construction,open,without,c5926e8a-8512-47ec-ba7f-2dfc089e0642,2024-12-20,8508-01,tender,False,[],no,,,Construction d'un dépôt pour les travaux publics de la Commune d'Hérémence - Electricité,,,,Administration communale d'Hérémence,,CH,VS,1987,,,Hérémence,,
cb039825-6bc7-4c24-958a-b566c7327cc1,8515,tender,construction,open,without,e0bd53ea-3515-431b-90bb-a2ef5c7ae3b9,2024-12-20,8515-01,tender,False,[],no,,,Construction d'un dépôt pour les travaux publics de la Commune d'Hérémence - Chauffage et ventilation,,,,Administration communale d'Hérémence,,CH,VS,1987,,,Hérémence,,
e6c5a1a7-34f5-48bd-acfc-2823f492daf8,8516,tender,construction,open,without,34cfd374-3a53-411f-b8b9-f494de068d16,2024-12-20,8516-01,tender,False,[],no,,,Construction d'un dépôt pour les travaux publics de la Commune d'Hérémence - Installations sanitaires,,,,Administration communale d'Hérémence,,CH,VS,1987,,,Hérémence,,
40ed7089-5a25-4542-8fdf-d34f0efe30fd,7535,tender,construction,open,without,991287b6-8999-45d0-8242-0c6ff8fd0cc7,2024-12-03,7535-01,tender,False,[],no,,,Salle polyvalente de Chalais - Couverture - Ferblanterie (CFC 222 - 224 - 224.1 - 224.3 - 324.1),,,,Administration communale de Chalais - Service technique,,CH,VS,3966,,,Chalais,,
74ceff2d-1dc0-4532-954f-2b588c13100e,6785,tender,construction,open,without,582f4042-a46e-418c-a9e3-5aa1e3cb9d71,2024-11-16,6785-01,tender,False,[],no,,,EMS Castel Notre-Dame Martigny - CFC 272.2 Ouvrages métalliques courants,,,,Quartal Sàrl,,CH,VS,1920,,,Martigny,,
40b950ab-6e25-4127-a69c-6344f64cb4f2,6590,tender,construction,open,without,07a7f9a5-0047-4dd2-8950-9f9dd3003fcc,2024-11-15,6590-01,tender,False,[],no,,,Densification CAD / Avenue du Biestchhorn à Sion,,,,OIKEN SA - Génie civil,,CH,VS,1950,,,Sion,,
93fb54a7-fa1e-42fb-8645-bbc895918e42,6077,tender,construction,open,without,a11db733-e4c4-41ea-88dd-b055fc5bf670,2024-11-06,6077-01,tender,False,[],no,,,"Aménagement de la place du Zier, travaux de béton, béton armé, étanchéités et remblayages.",,,,Commune de Lens (eido architectes),,CH,VS,3963,,,Crans,,
8a08da85-44d2-43f8-8ccf-28b5b13d0379,5618,tender,construction,open,without,6ab8c5cd-15df-42cf-9a3b-32b2ce11e025,2024-10-24,5618-01,tender,False,[],no,Wasserversorgung Biffig - Baumeisterarbeiten,,,,Gemeinde Eisten,,,,CH,VS,3922,Eisten,,,,
fe8474e0-3d7a-4515-8c41-4ef1bbca59f3,5349,tender,construction,open,without,5ad6689c-4bb5-4056-825e-08f5b77528e4,2024-10-23,5349-01,tender,False,[],no,,,Foyer pour personnes avec handicaps physiques à Martigny,,,,Bonnard+Woeffray,,CH,VS,1920,,,Martigny,,
6d2a03b0-3fbb-4c82-9c1f-90807e9cb477,4652,tender,construction,open,without,da163ae8-8b82-460e-b821-a88556b7eddf,2024-10-02,4652-01,tender,False,[],no,,,"CONSTRUCTION D’UN COMPLEXE SCOLAIRE ET SPORTIF, AINSI QUE D’UNE UAPE AU MABILLON - Monthey",,,,"Urbanisme, Bâtiments & Constructions",,CH,VS,1870,,,Monthey,,
5fdcc922-80d7-4916-b2c8-87455c74bc9f,3347,tender,construction,open,without,e1a0d951-7932-481d-8536-18a12d13732e,2024-09-06,3347-01,tender,False,[],no,,,Armoires_Coffrets_Electrique_St-Léonard,,,,Électricité de la Lienne SA (Oiken SA),,CH,VS,1958,,,St-Léonard,,
973468a5-6185-469e-b6b7-ad98897f6bb5,3009,tender,construction,open,without,bde2dd8a-9601-4563-a3eb-988e562348a8,2024-08-30,3009-01,tender,False,[],no,Empfangs-Desk und Wandverkleidung aus Holz,,Desk d'accueil et revêtement mural bois,,Hôpital du Valais - Projets stratégiques,,Hôpital du Valais - Projets stratégiques,,CH,VS,1950,Sitten,,Sion,,
2e58916c-7292-4223-907a-81d69c4199f2,3021,tender,construction,open,without,5e2ff0df-07da-4859-8caf-6f2b0d227bac,2024-08-30,3021-01,tender,False,[],no,Inseln Eingangshalle,,îlots hall d'entrée,,Hôpital du Valais - Projets stratégiques,,Hôpital du Valais - Projets stratégiques,,CH,VS,1950,Sitten,,Sion,,
15226016-fb15-45c6-a13a-aa0cdf4177d1,821,tender,construction,open,without,e081dc19-3ad4-4462-bcd0-665fe39e8165,2024-08-16,821-02,tender,True,[],no,,,IBM - Construction de deux immeubles de logements à Montana-Village ,,,,Bourgeoisie de Montana,,CH,VS,3963,,,Monatana,,
35c39865-e0c6-48f5-83c5-ea30f093b05c,828,tender,construction,open,without,acba2c0f-8507-4759-8c02-01f03ee16dcd,2024-08-16,828-02,tender,True,[],no,,,IBM - Construction de deux immeubles de logements à Montana-Village ,,,,Bourgeoisie de Montana,,CH,VS,3963,,,Montana,,
06bba74c-14d3-4ee2-b9e6-164e5c2201b0,1735,tender,construction,open,without,ccc49a04-82f7-4b4f-b677-1c913dfd86b4,2024-07-26,1735-01,tender,False,[],no,,,"CONSTRUCTION D’UN COMPLEXE SCOLAIRE ET SPORTIF, AINSI QUE D’UNE UAPE AU MABILLON - Monthey",,,,"Urbanisme, Bâtiments & Constructions",,CH,VS,1870,,,Monthey,,
9a44b7cc-e8b3-4d5b-a279-9f44b2a48e3c,1638,tender,construction,open,without,b07368d5-41cd-4352-b0ce-cd8014e67e08,2024-07-24,1638-01,tender,False,[],no,,,IBM - Construction de deux immeubles de logements à Montana-Village ,,,,Bourgeoisie de Montana,,CH,VS,3963,,,Montana,,
5fb1ffef-9c71-4a97-9f9f-a7a5fbf05114,1645,tender,construction,open,without,78feb366-0163-4776-89fd-5aa5a9d3b7c3,2024-07-24,1645-01,tender,False,[],no,,,IBM - Construction de deux immeubles de logements à Montana-Village ,,,,Bourgeoisie de Montana,,CH,VS,3963,,,Montana,,
2e6d8279-a450-4f38-8fa6-d57096ddcd5c,1649,tender,construction,open,without,14da8288-92e8-44cf-bd90-4bcc6a3273ce,2024-07-24,1649-01,tender,False,[],no,,,IBM - Construction de deux immeubles de logements à Montana-Village ,,,,Bourgeoisie de Montana,,CH,VS,3963,,,Montana,,
d2161db0-a302-4fe3-bc90-b8585985ab35,1652,tender,construction,open,without,067cb2a8-bd72-4039-ad56-14902630fb8c,2024-07-24,1652-01,tender,False,[],no,,,IBM - Construction de deux immeubles de logements à Montana-Village ,,,,Bourgeoisie de Montana,,CH,VS,3963,,,Montana,,
74ed25ef-c9ee-41c4-90e2-18b982c1fe4b,1658,tender,construction,open,without,bb94f55c-5f89-4ea3-80d9-5ca0a0d6bd51,2024-07-24,1658-01,tender,False,[],no,,,IBM - Construction de deux immeubles de logements à Montana-Village ,,,,Bourgeoisie de Montana,,CH,VS,3963,,,Montana,,
6c230df7-428a-46a5-a620-c70edefcc496,1660,tender,construction,open,without,fdbfaf50-e7b6-4fba-a218-409527bce66a,2024-07-24,1660-01,tender,False,[],no,,,IBM - Construction de deux immeubles de logements à Montana-Village ,,,,Bourgeoisie de Montana,,CH,VS,3963,,,Montana,,
41fcd404-289f-4f15-b926-ab7b8d545498,1498,tender,construction,open,without,6696c2a5-df02-4bca-abc6-256971d1e822,2024-07-22,1498-01,tender,False,[],no,,,Appel d'offres Viaduc Noës - Génie civil,,,,Ville de Sierre - Centrale des achats,,CH,VS,3976,,,Noës,,
b6c768e8-ad1a-4ab7-8bc7-743460aaea21,507,tender,construction,open,without,2523bcf4-ab12-49b8-bec3-fc364a733eda,2024-07-17,507-01,tender,False,[],no,Terminal Combiné de Monthey - Rive Droite - Travaux préparatoires,,,,Terminal combiné de Monthey SA,,,,CH,VS,1870,Monthey,,,,
2bb7aa3d-ebd5-44dd-bc55-df1c50802076,823,tender,construction,open,without,a15c5888-dd2d-433f-a0b6-be88ad6c6241,2024-07-10,823-01,tender,False,[],no,,,IBM - Construction de deux immeubles de logements à Montana-Village ,,,,Bourgeoisie de Montana,,CH,VS,3963,,,Montana,,
9b2e6163-8016-42a9-bf30-8473331212d7,839,tender,construction,open,without,3dfac6b6-f070-4063-b1f2-c77e576eae81,2024-07-09,839-01,tender,False,[],no,,,Réfection Parking Florescat - Saxon,,,,Service Technique,,CH,VS,1907,,,Saxon,,
